LAT_ZONA,LON_ZONA,cantidad_siniestros,criticidad_total,criticidad_promedio,localidad_predominante,barrio_predominante,via_predominante,clase_predominante,gravedad_predominante,criticidad_2016,criticidad_2017,criticidad_2018,criticidad_2019,anios_activos,tipo_hotspot,prioridad_intervencion,siniestros_solo_danos,siniestros_con_heridos,siniestros_con_muertos,criticidad_fatalidad_alta,rank_base,rank_fatalidad_alta,variacion_ranking_fatalidad,score_volumen,score_criticidad_total,score_severidad_promedio,score_persistencia,score_fatalidad,IPI,rank_IPI,prioridad_IPI,rank_criticidad_total,rank_volumen,rank_muertes,familia_analitica
4.722,-74.051,22,42,1.9090909090909092,SUBA,LOS CEDROS,AVENIDA PASEO DE LOS LIBERTADORES,CHOQUE,SOLO DANOS,2.0,18.0,2.0,20.0,4,Hotspot persistente con severidad media-alta,Prioridad 2 - Auditoría de seguridad vial,16,2,4,126,2687.0,1221.0,1466.0,0.8262113251605371,0.83861646234676,0.5838879159369527,1.0,0.9885872737886748,84.7460595446585,873,Seguimiento,2696,2856,284,Seguimiento
4.709,-74.08,20,28,1.4,SUBA,NIZA SUR,AVENIDA BOYACA,CHOQUE,SOLO DANOS,2.0,12.0,14.0,0.0,3,Hotspot exploratorio,Prioridad 3 - Seguimiento,18,0,2,68,4096.0,2783.0,1313.0,0.8069468768242849,0.7522183304144775,0.3613543490951547,0.75,0.9427904261529481,72.2661996497373,3214,Seguimiento,4168,3257,1326,Seguimiento
4.725,-74.124,20,28,1.4,ENGATIVA,EL DORADO INDUSTRIAL,AVENIDA MEDELLIN,CHOQUE,SOLO DANOS,2.0,14.0,4.0,8.0,4,Hotspot exploratorio,Prioridad 3 - Seguimiento,18,0,2,68,4096.0,2783.0,1313.0,0.8069468768242849,0.7522183304144775,0.3613543490951547,1.0,0.9427904261529481,77.26619964973732,1723,Seguimiento,4122,3189,1203,Seguimiento
4.564,-74.087,22,50,2.272727272727273,SAN CRISTOBAL,MONTEBELLO,SIN_NMG,CHOQUE,SOLO DANOS,10.0,20.0,8.0,12.0,4,Hotspot persistente con severidad media-alta,Prioridad 2 - Auditoría de seguridad vial,12,6,4,142,2218.0,1026.0,1192.0,0.8262113251605371,0.8677758318739054,0.7512842965557501,1.0,0.9885872737886748,88.67717454757734,410,Prioridad 3 - Monitoreo y gestión preventiva,2219,2839,207,Hotspot preventivo prioritario
4.66,-74.137,20,32,1.6,FONTIBON,VEREDA EL TINTAL,AVENIDA CENTENARIO,CHOQUE,SOLO DANOS,6.0,2.0,14.0,10.0,4,Hotspot exploratorio,Prioridad 3 - Seguimiento,16,2,2,76,3611.0,2424.0,1187.0,0.8069468768242849,0.7823117338003502,0.44527145359019266,1.0,0.9427904261529481,79.54640980735552,1317,Seguimiento,3634,3171,1129,Seguimiento
4.704,-74.134,20,32,1.6,ENGATIVA,MARANDU,SIN_NMG,CHOQUE,SOLO DANOS,12.0,6.0,10.0,4.0,4,Hotspot exploratorio,Prioridad 3 - Seguimiento,16,2,2,76,3611.0,2424.0,1187.0,0.8069468768242849,0.7823117338003502,0.44527145359019266,1.0,0.9427904261529481,79.54640980735552,1318,Seguimiento,3635,3172,1130,Seguimiento
4.718,-74.028,20,32,1.6,USAQUEN,CEDRO NARVAEZ,AVENIDA ALBERTO LLERAS CAMARGO,CHOQUE,SOLO DANOS,14.0,10.0,6.0,2.0,4,Hotspot exploratorio,Prioridad 3 - Seguimiento,16,2,2,76,3611.0,2424.0,1187.0,0.8069468768242849,0.7823117338003502,0.44527145359019266,1.0,0.9427904261529481,79.54640980735552,1319,Seguimiento,3636,3173,1131,Seguimiento
4.609,-74.128,20,32,1.6,PUENTE ARANDA,TEJAR,AVENIDA PRIMERO DE MAYO,CHOQUE,SOLO DANOS,12.0,14.0,2.0,4.0,4,Hotspot exploratorio,Prioridad 3 - Seguimiento,16,2,2,76,3611.0,2424.0,1187.0,0.8069468768242849,0.7823117338003502,0.44527145359019266,1.0,0.9427904261529481,79.54640980735552,1320,Seguimiento,3637,3174,1132,Seguimiento
4.682,-74.082,20,52,2.6,BARRIOS UNIDOS,METROPOLIS,AVENIDA DEL CONGRESO EUCARISTICO,CHOQUE,CON HERIDOS,10.0,2.0,18.0,22.0,4,Hotspot persistente con severidad media-alta,Prioridad 2 - Auditoría de seguridad vial,8,8,4,148,2116.0,951.0,1165.0,0.8069468768242849,0.8736135434909515,0.8236135434909515,1.0,0.9885872737886748,89.85522475189725,282,Prioridad 3 - Monitoreo y gestión preventiva,2117,3134,182,Hotspot preventivo prioritario
4.63,-74.13,22,30,1.3636363636363635,KENNEDY,MARSELLA,AVENIDA DE LAS AMERICAS,CHOQUE,SOLO DANOS,16.0,10.0,2.0,2.0,4,Hotspot exploratorio,Prioridad 3 - Seguimiento,20,0,2,70,3850.0,2685.0,1165.0,0.8262113251605371,0.7681552831290134,0.34711033274956216,1.0,0.9427904261529481,77.68534734384122,1669,Seguimiento,3877,2897,1196,Seguimiento
4.623,-74.085,20,52,2.6,PUENTE ARANDA,LA FLORIDA OCCIDENTAL,AVENIDA CIUDAD DE QUITO,CHOQUE,CON HERIDOS,6.0,14.0,20.0,12.0,4,Hotspot persistente con severidad media-alta,Prioridad 2 - Auditoría de seguridad vial,8,8,4,148,2116.0,951.0,1165.0,0.8069468768242849,0.8736135434909515,0.8236135434909515,1.0,0.9885872737886748,89.85522475189725,281,Prioridad 3 - Monitoreo y gestión preventiva,2116,3133,181,Hotspot preventivo prioritario
4.507,-74.106,24,52,2.1666666666666665,USME,GRAN YOMASA,AUTOPISTA AL LLANO,CHOQUE,SOLO DANOS,14.0,0.0,6.0,32.0,3,Hotspot persistente con severidad media-alta,Prioridad 2 - Auditoría de seguridad vial,14,6,4,144,2116.0,1002.0,1114.0,0.8427904261529481,0.8736135434909515,0.7261237594862814,0.75,0.9885872737886748,83.6223000583771,937,Seguimiento,2127,2589,288,Seguimiento
4.617,-74.164,22,54,2.4545454545454546,KENNEDY,CIUDAD KENNEDY SUR,AVENIDA CIUDAD DE VILLAVICENCIO,CHOQUE,SOLO DANOS,12.0,26.0,16.0,0.0,3,Hotspot persistente con severidad media-alta,Prioridad 2 - Auditoría de seguridad vial,10,8,4,150,2005.0,927.0,1078.0,0.8262113251605371,0.8798015178050205,0.801517805020432,0.75,0.9885872737886748,84.9223584354933,849,Seguimiento,2024,2855,282,Seguimiento
4.58,-74.107,22,54,2.4545454545454546,RAFAEL URIBE URIBE,OLAYA,SIN_NMG,CHOQUE,SOLO DANOS,6.0,10.0,14.0,24.0,4,Hotspot persistente con severidad media-alta,Prioridad 2 - Auditoría de seguridad vial,10,8,4,150,2005.0,927.0,1078.0,0.8262113251605371,0.8798015178050205,0.801517805020432,1.0,0.9885872737886748,89.9223584354933,279,Prioridad 3 - Monitoreo y gestión preventiva,2008,2833,180,Hotspot preventivo prioritario
4.659,-74.099,20,36,1.8,TEUSAQUILLO,CAMPO EUCARISTICO,AVENIDA DEL CONGRESO EUCARISTICO,CHOQUE,SOLO DANOS,8.0,20.0,2.0,6.0,4,Hotspot persistente con severidad media-alta,Prioridad 2 - Auditoría de seguridad vial,14,4,2,84,3210.0,2138.0,1072.0,0.8069468768242849,0.8072387624051371,0.5462346760070053,1.0,0.9427904261529481,82.06421482778751,1033,Seguimiento,3221,3157,1020,Seguimiento
4.721,-74.132,20,36,1.8,ENGATIVA,VILLAS DE ALCALA,SIN_NMG,CHOQUE,SOLO DANOS,4.0,0.0,22.0,10.0,3,Hotspot persistente con severidad media-alta,Prioridad 2 - Auditoría de seguridad vial,14,4,2,84,3210.0,2138.0,1072.0,0.8069468768242849,0.8072387624051371,0.5462346760070053,0.75,0.9427904261529481,77.06421482778751,1753,Seguimiento,3241,3190,1208,Seguimiento
4.665,-74.076,20,36,1.8,BARRIOS UNIDOS,DOCE DE OCTUBRE,AVENIDA CIUDAD DE QUITO,CHOQUE,SOLO DANOS,12.0,14.0,2.0,8.0,4,Hotspot persistente con severidad media-alta,Prioridad 2 - Auditoría de seguridad vial,14,4,2,84,3210.0,2138.0,1072.0,0.8069468768242849,0.8072387624051371,0.5462346760070053,1.0,0.9427904261529481,82.06421482778751,1037,Seguimiento,3225,3161,1024,Seguimiento
4.616,-74.091,20,36,1.8,LOS MARTIRES,ESTACION CENTRAL,AVENIDA CIUDAD DE QUITO,CHOQUE,SOLO DANOS,12.0,2.0,8.0,14.0,4,Hotspot persistente con severidad media-alta,Prioridad 2 - Auditoría de seguridad vial,14,4,2,84,3210.0,2138.0,1072.0,0.8069468768242849,0.8072387624051371,0.5462346760070053,1.0,0.9427904261529481,82.06421482778751,1035,Seguimiento,3223,3159,1022,Seguimiento
4.552,-74.096,20,36,1.8,SAN CRISTOBAL,SAN MARTIN SUR,SIN_NMG,CHOQUE,SOLO DANOS,8.0,2.0,8.0,18.0,4,Hotspot persistente con severidad media-alta,Prioridad 2 - Auditoría de seguridad vial,14,4,2,84,3210.0,2138.0,1072.0,0.8069468768242849,0.8072387624051371,0.5462346760070053,1.0,0.9427904261529481,82.06421482778751,1036,Seguimiento,3224,3160,1023,Seguimiento
4.573,-74.101,20,36,1.8,RAFAEL URIBE URIBE,SOSIEGO SUR,SIN_NMG,CHOQUE,SOLO DANOS,4.0,4.0,22.0,6.0,4,Hotspot persistente con severidad media-alta,Prioridad 2 - Auditoría de seguridad vial,14,4,2,84,3210.0,2138.0,1072.0,0.8069468768242849,0.8072387624051371,0.5462346760070053,1.0,0.9427904261529481,82.06421482778751,1034,Seguimiento,3222,3158,1021,Seguimiento
4.694,-74.088,20,36,1.8,ENGATIVA,BONANZA,SIN_NMG,CHOQUE,SOLO DANOS,22.0,4.0,10.0,0.0,3,Hotspot persistente con severidad media-alta,Prioridad 2 - Auditoría de seguridad vial,14,4,2,84,3210.0,2138.0,1072.0,0.8069468768242849,0.8072387624051371,0.5462346760070053,0.75,0.9427904261529481,77.06421482778751,1756,Seguimiento,3244,3193,1211,Seguimiento
4.609,-74.18,20,36,1.8,BOSA,JOSE ANTONIO GALAN,AVENIDA AGOBERTO MEJIA CIFUENTES,CHOQUE,SOLO DANOS,26.0,4.0,0.0,6.0,3,Hotspot persistente con severidad media-alta,Prioridad 2 - Auditoría de seguridad vial,14,4,2,84,3210.0,2138.0,1072.0,0.8069468768242849,0.8072387624051371,0.5462346760070053,0.75,0.9427904261529481,77.06421482778751,1754,Seguimiento,3242,3191,1209,Seguimiento
4.722,-74.052,20,36,1.8,SUBA,SAN JOSE DEL PRADO,SIN_NMG,CHOQUE,SOLO DANOS,20.0,0.0,8.0,8.0,3,Hotspot persistente con severidad media-alta,Prioridad 2 - Auditoría de seguridad vial,14,4,2,84,3210.0,2138.0,1072.0,0.8069468768242849,0.8072387624051371,0.5462346760070053,0.75,0.9427904261529481,77.06421482778751,1755,Seguimiento,3243,3192,1210,Seguimiento
4.65,-74.135,22,34,1.5454545454545454,KENNEDY,VISION DE ORIENTE,SIN_NMG,CHOQUE,SOLO DANOS,16.0,2.0,8.0,8.0,4,Hotspot exploratorio,Prioridad 3 - Seguimiento,18,2,2,78,3397.0,2359.0,1038.0,0.8262113251605371,0.7955341506129597,0.4262405137186223,1.0,0.9427904261529481,79.81552831290134,1286,Seguimiento,3421,2879,1109,Seguimiento
4.745,-74.022,22,34,1.5454545454545454,USAQUEN,SANTA TERESA,AVENIDA ALBERTO LLERAS CAMARGO,CHOQUE,SOLO DANOS,6.0,12.0,6.0,10.0,4,Hotspot exploratorio,Prioridad 3 - Seguimiento,18,2,2,78,3397.0,2359.0,1038.0,0.8262113251605371,0.7955341506129597,0.4262405137186223,1.0,0.9427904261529481,79.81552831290134,1287,Seguimiento,3422,2880,1110,Seguimiento
4.709,-74.033,22,34,1.5454545454545454,USAQUEN,BELLA SUIZA,AVENIDA LAUREANO GOMEZ,CHOQUE,SOLO DANOS,4.0,6.0,20.0,4.0,4,Hotspot exploratorio,Prioridad 3 - Seguimiento,18,2,2,78,3397.0,2359.0,1038.0,0.8262113251605371,0.7955341506129597,0.4262405137186223,1.0,0.9427904261529481,79.81552831290134,1284,Seguimiento,3419,2877,1107,Seguimiento
4.683,-74.121,22,34,1.5454545454545454,ENGATIVA,LOS ALAMOS,AVENIDA JORGE ELIECER GAITAN,CHOQUE,SOLO DANOS,12.0,18.0,2.0,2.0,4,Hotspot exploratorio,Prioridad 3 - Seguimiento,18,2,2,78,3397.0,2359.0,1038.0,0.8262113251605371,0.7955341506129597,0.4262405137186223,1.0,0.9427904261529481,79.81552831290134,1285,Seguimiento,3420,2878,1108,Seguimiento
4.624,-74.171,22,34,1.5454545454545454,KENNEDY,GRAN BRITALIA I,SIN_NMG,CHOQUE,SOLO DANOS,6.0,20.0,6.0,2.0,4,Hotspot exploratorio,Prioridad 3 - Seguimiento,18,2,2,78,3397.0,2359.0,1038.0,0.8262113251605371,0.7955341506129597,0.4262405137186223,1.0,0.9427904261529481,79.81552831290134,1283,Seguimiento,3418,2876,1106,Seguimiento
4.596,-74.163,22,34,1.5454545454545454,BOSA,OLARTE,AVENIDA DEL SUR,CHOQUE,SOLO DANOS,6.0,0.0,28.0,0.0,2,Hotspot exploratorio,Prioridad 3 - Seguimiento,18,2,2,78,3397.0,2359.0,1038.0,0.8262113251605371,0.7955341506129597,0.4262405137186223,0.5,0.9427904261529481,69.81552831290134,3966,Seguimiento,3549,3022,1379,Seguimiento
4.634,-74.155,24,32,1.3333333333333333,KENNEDY,CIUDAD KENNEDY NORTE,AVENIDA AGOBERTO MEJIA CIFUENTES,CHOQUE,SOLO DANOS,4.0,4.0,4.0,20.0,4,Hotspot exploratorio,Prioridad 3 - Seguimiento,22,0,2,72,3611.0,2578.0,1033.0,0.8427904261529481,0.7823117338003502,0.3352305896088733,1.0,0.9427904261529481,78.0624635143024,1531,Seguimiento,3638,2619,1162,Seguimiento
4.702,-74.134,24,56,2.3333333333333335,ENGATIVA,SAN ANTONIO URBANO,AVENIDA JOSE CELESTINO MUTIS,CHOQUE,SOLO DANOS,8.0,18.0,24.0,6.0,4,Hotspot persistente con severidad media-alta,Prioridad 2 - Auditoría de seguridad vial,12,8,4,152,1930.0,900.0,1030.0,0.8427904261529481,0.8852597781669586,0.7728838295388207,1.0,0.9885872737886748,89.79042615294806,288,Prioridad 3 - Monitoreo y gestión preventiva,1931,2570,185,Hotspot preventivo prioritario
4.578,-74.098,24,56,2.3333333333333335,ANTONIO NARIÑO,CIUDAD JARDIN SUR,AVENIDA PRIMERO DE MAYO,CHOQUE,SOLO DANOS,16.0,12.0,20.0,8.0,4,Hotspot persistente con severidad media-alta,Prioridad 2 - Auditoría de seguridad vial,12,8,4,152,1930.0,900.0,1030.0,0.8427904261529481,0.8852597781669586,0.7728838295388207,1.0,0.9885872737886748,89.79042615294806,287,Prioridad 3 - Monitoreo y gestión preventiva,1930,2569,184,Hotspot preventivo prioritario
4.621,-74.125,26,66,2.5384615384615383,KENNEDY,HIPOTECHO SUR,AVENIDA DEL CONGRESO EUCARISTICO,CHOQUE,SOLO DANOS,14.0,8.0,26.0,18.0,4,Hotspot persistente con severidad media-alta,Prioridad 2 - Auditoría de seguridad vial,12,8,6,202,1567.0,542.0,1025.0,0.8567717454757735,0.9065382370110916,0.8174255691768827,1.0,0.9967308814944542,91.54932866316405,143,Prioridad 2 - Auditoría de seguridad vial,1567,2352,48,Hotspot de severidad/fatalidad
4.585,-74.088,22,58,2.6363636363636362,SAN CRISTOBAL,POLICARPA,AVENIDA FERNANDO MAZUERA,CHOQUE,CON HERIDOS,28.0,4.0,14.0,12.0,4,Hotspot persistente con severidad media-alta,Prioridad 2 - Auditoría de seguridad vial,8,10,4,158,1868.0,843.0,1025.0,0.8262113251605371,0.8892294220665499,0.8278750729713952,1.0,0.9885872737886748,90.63806187974315,217,Prioridad 3 - Monitoreo y gestión preventiva,1869,2829,155,Hotspot preventivo prioritario
4.488,-74.12,22,58,2.6363636363636362,USME,VILLA ANITA,AVENIDA CARACAS,CHOQUE,CON HERIDOS,10.0,16.0,12.0,20.0,4,Hotspot persistente con severidad media-alta,Prioridad 2 - Auditoría de seguridad vial,8,10,4,158,1868.0,843.0,1025.0,0.8262113251605371,0.8892294220665499,0.8278750729713952,1.0,0.9885872737886748,90.63806187974315,218,Prioridad 3 - Monitoreo y gestión preventiva,1870,2830,156,Hotspot preventivo prioritario
4.57,-74.139,26,66,2.5384615384615383,TUNJUELITO,PARQUE EL TUNAL,AVENIDA BOYACA,CHOQUE,SOLO DANOS,26.0,16.0,18.0,6.0,4,Hotspot persistente con severidad media-alta,Prioridad 2 - Auditoría de seguridad vial,12,8,6,202,1567.0,542.0,1025.0,0.8567717454757735,0.9065382370110916,0.8174255691768827,1.0,0.9967308814944542,91.54932866316405,144,Prioridad 2 - Auditoría de seguridad vial,1568,2353,49,Hotspot de severidad/fatalidad
4.604,-74.153,20,68,3.4,KENNEDY,BOITA,SIN_NMG,ATROPELLO,CON HERIDOS,20.0,32.0,0.0,16.0,3,Hotspot persistente con severidad media-alta,Prioridad 2 - Auditoría de seguridad vial,2,12,6,212,1511.0,498.0,1013.0,0.8069468768242849,0.910245183887916,0.9889083479276124,0.75,0.9967308814944542,89.05662580268535,363,Prioridad 3 - Monitoreo y gestión preventiva,1518,3136,67,Hotspot preventivo prioritario
4.574,-74.096,20,60,3.0,RAFAEL URIBE URIBE,SOSIEGO SUR,AVENIDA FERNANDO MAZUERA,CHOQUE,CON HERIDOS,6.0,2.0,28.0,24.0,4,Hotspot persistente con severidad media-alta,Prioridad 2 - Auditoría de seguridad vial,4,12,4,164,1796.0,794.0,1002.0,0.8069468768242849,0.8931406888499708,0.9134851138353766,1.0,0.9885872737886748,92.04319906596614,117,Prioridad 2 - Auditoría de seguridad vial,1796,3130,125,Hotspot de severidad/fatalidad
4.705,-74.125,20,60,3.0,ENGATIVA,BOLIVIA,SIN_NMG,CHOQUE,CON HERIDOS,20.0,12.0,22.0,6.0,4,Hotspot persistente con severidad media-alta,Prioridad 2 - Auditoría de seguridad vial,4,12,4,164,1796.0,794.0,1002.0,0.8069468768242849,0.8931406888499708,0.9134851138353766,1.0,0.9885872737886748,92.04319906596614,118,Prioridad 2 - Auditoría de seguridad vial,1797,3131,126,Hotspot de severidad/fatalidad
4.515,-74.121,24,60,2.5,USME,SAN JUAN BAUTISTA,AUTOPISTA AL LLANO,CHOQUE,CON HERIDOS,4.0,4.0,24.0,28.0,4,Hotspot persistente con severidad media-alta,Prioridad 2 - Auditoría de seguridad vial,10,10,4,160,1796.0,825.0,971.0,0.8427904261529481,0.8931406888499708,0.809748978400467,1.0,0.9885872737886748,90.68534734384122,214,Prioridad 3 - Monitoreo y gestión preventiva,1800,2566,152,Hotspot preventivo prioritario
4.595,-74.139,24,60,2.5,KENNEDY,LAS DELICIAS,AVENIDA CIUDAD DE QUITO,CHOQUE,CON HERIDOS,2.0,20.0,34.0,4.0,4,Hotspot persistente con severidad media-alta,Prioridad 2 - Auditoría de seguridad vial,10,10,4,160,1796.0,825.0,971.0,0.8427904261529481,0.8931406888499708,0.809748978400467,1.0,0.9885872737886748,90.68534734384122,213,Prioridad 3 - Monitoreo y gestión preventiva,1799,2565,151,Hotspot preventivo prioritario
4.611,-74.094,28,76,2.7142857142857144,PUENTE ARANDA,RICAURTE,AVENIDA CIUDAD DE QUITO,CHOQUE,SOLO DANOS,12.0,0.0,32.0,32.0,3,Hotspot persistente con severidad media-alta,Prioridad 2 - Auditoría de seguridad vial,12,8,8,252,1289.0,338.0,951.0,0.8681260945709282,0.923292469352014,0.8341214244016346,0.75,0.998861646234676,87.48803269118505,563,Seguimiento,1295,2184,27,Seguimiento
4.578,-74.093,22,62,2.8181818181818183,ANTONIO NARIÑO,SOCIEGO,AVENIDA FERNANDO MAZUERA,CHOQUE,CON HERIDOS,28.0,14.0,10.0,10.0,4,Hotspot persistente con severidad media-alta,Prioridad 2 - Auditoría de seguridad vial,6,12,4,166,1709.0,778.0,931.0,0.8262113251605371,0.8977816695855225,0.838237011091652,1.0,0.9885872737886748,91.01634559252773,178,Prioridad 2 - Auditoría de seguridad vial,1709,2828,141,Hotspot de severidad/fatalidad
4.683,-74.063,22,38,1.7272727272727273,BARRIOS UNIDOS,LA CASTELLANA,AVENIDA ALFREDO D BATEMAN,CHOQUE,SOLO DANOS,6.0,18.0,2.0,12.0,4,Hotspot persistente con severidad media-alta,Prioridad 2 - Auditoría de seguridad vial,16,4,2,86,3012.0,2082.0,930.0,0.8262113251605371,0.818476357267951,0.5196438995913601,1.0,0.9427904261529481,82.14244016345592,1029,Seguimiento,3029,2868,1016,Seguimiento
4.692,-74.078,22,38,1.7272727272727273,SUBA,SANTA ROSA,AVENIDA DE LA CONSTITUCION,CHOQUE,SOLO DANOS,8.0,16.0,12.0,2.0,4,Hotspot persistente con severidad media-alta,Prioridad 2 - Auditoría de seguridad vial,16,4,2,86,3012.0,2082.0,930.0,0.8262113251605371,0.818476357267951,0.5196438995913601,1.0,0.9427904261529481,82.14244016345592,1028,Seguimiento,3028,2867,1015,Seguimiento
4.668,-74.121,22,38,1.7272727272727273,FONTIBON,MODELIA OCCIDENTAL,AVENIDA LUIS CARLOS GALAN,CHOQUE,SOLO DANOS,6.0,4.0,6.0,22.0,4,Hotspot persistente con severidad media-alta,Prioridad 2 - Auditoría de seguridad vial,16,4,2,86,3012.0,2082.0,930.0,0.8262113251605371,0.818476357267951,0.5196438995913601,1.0,0.9427904261529481,82.14244016345592,1027,Seguimiento,3027,2866,1014,Seguimiento
4.821,-74.031,22,38,1.7272727272727273,USAQUEN,TORCA I,AVENIDA ALBERTO LLERAS CAMARGO,CHOQUE,SOLO DANOS,6.0,12.0,0.0,20.0,3,Hotspot persistente con severidad media-alta,Prioridad 2 - Auditoría de seguridad vial,16,4,2,86,3012.0,2082.0,930.0,0.8262113251605371,0.818476357267951,0.5196438995913601,0.75,0.9427904261529481,77.14244016345593,1734,Seguimiento,3043,2898,1206,Seguimiento
4.627,-74.113,22,38,1.7272727272727273,PUENTE ARANDA,SAN RAFAEL INDUSTRIAL,SIN_NMG,CHOQUE,SOLO DANOS,20.0,8.0,10.0,0.0,3,Hotspot persistente con severidad media-alta,Prioridad 2 - Auditoría de seguridad vial,16,4,2,86,3012.0,2082.0,930.0,0.8262113251605371,0.818476357267951,0.5196438995913601,0.75,0.9427904261529481,77.14244016345593,1735,Seguimiento,3044,2899,1207,Seguimiento
4.633,-74.155,22,38,1.7272727272727273,KENNEDY,CIUDAD KENNEDY NORTE,AVENIDA AGOBERTO MEJIA CIFUENTES,CHOQUE,SOLO DANOS,10.0,14.0,8.0,6.0,4,Hotspot persistente con severidad media-alta,Prioridad 2 - Auditoría de seguridad vial,16,4,2,86,3012.0,2082.0,930.0,0.8262113251605371,0.818476357267951,0.5196438995913601,1.0,0.9427904261529481,82.14244016345592,1030,Seguimiento,3030,2869,1017,Seguimiento
4.649,-74.148,22,38,1.7272727272727273,KENNEDY,VALLADOLID,AVENIDA CIUDAD DE CALI,CHOQUE,SOLO DANOS,2.0,16.0,6.0,14.0,4,Hotspot persistente con severidad media-alta,Prioridad 2 - Auditoría de seguridad vial,16,4,2,86,3012.0,2082.0,930.0,0.8262113251605371,0.818476357267951,0.5196438995913601,1.0,0.9427904261529481,82.14244016345592,1026,Seguimiento,3026,2865,1013,Seguimiento
4.622,-74.164,22,38,1.7272727272727273,KENNEDY,VILLA NELLY III SECTOR,AVENIDA AGOBERTO MEJIA CIFUENTES,CHOQUE,SOLO DANOS,8.0,14.0,4.0,12.0,4,Hotspot persistente con severidad media-alta,Prioridad 2 - Auditoría de seguridad vial,16,4,2,86,3012.0,2082.0,930.0,0.8262113251605371,0.818476357267951,0.5196438995913601,1.0,0.9427904261529481,82.14244016345592,1025,Seguimiento,3025,2864,1012,Seguimiento
4.631,-74.188,20,40,2.0,BOSA,EL CORZO,AVENIDA TINTAL,CHOQUE,SOLO DANOS,0.0,18.0,6.0,16.0,3,Hotspot persistente con severidad media-alta,Prioridad 2 - Auditoría de seguridad vial,12,6,2,92,2846.0,1918.0,928.0,0.8069468768242849,0.8291009924109749,0.648598949211909,0.75,0.9427904261529481,79.54874489200233,1315,Seguimiento,2871,3169,1127,Seguimiento
4.605,-74.11,20,40,2.0,PUENTE ARANDA,BOCHICA,AVENIDA CUNDINAMARCA,CHOQUE,SOLO DANOS,12.0,22.0,6.0,0.0,3,Hotspot persistente con severidad media-alta,Prioridad 2 - Auditoría de seguridad vial,12,6,2,92,2846.0,1918.0,928.0,0.8069468768242849,0.8291009924109749,0.648598949211909,0.75,0.9427904261529481,79.54874489200233,1311,Seguimiento,2867,3165,1123,Seguimiento
4.701,-74.055,20,40,2.0,USAQUEN,SANTA BARBARA OCCIDENTAL,AVENIDA PASEO DE LOS LIBERTADORES,CHOQUE,SOLO DANOS,16.0,0.0,16.0,8.0,3,Hotspot persistente con severidad media-alta,Prioridad 2 - Auditoría de seguridad vial,12,6,2,92,2846.0,1918.0,928.0,0.8069468768242849,0.8291009924109749,0.648598949211909,0.75,0.9427904261529481,79.54874489200233,1313,Seguimiento,2869,3167,1125,Seguimiento
4.568,-74.136,20,40,2.0,TUNJUELITO,PARQUE EL TUNAL,AVENIDA CIUDAD DE VILLAVICENCIO,CHOQUE,SOLO DANOS,20.0,16.0,4.0,0.0,3,Hotspot persistente con severidad media-alta,Prioridad 2 - Auditoría de seguridad vial,12,6,2,92,2846.0,1918.0,928.0,0.8069468768242849,0.8291009924109749,0.648598949211909,0.75,0.9427904261529481,79.54874489200233,1314,Seguimiento,2870,3168,1126,Seguimiento
4.671,-74.06,20,40,2.0,CHAPINERO,ANTIGUO COUNTRY,AVENIDA PASEO DE LOS LIBERTADORES,CHOQUE,SOLO DANOS,18.0,12.0,0.0,10.0,3,Hotspot persistente con severidad media-alta,Prioridad 2 - Auditoría de seguridad vial,12,6,2,92,2846.0,1918.0,928.0,0.8069468768242849,0.8291009924109749,0.648598949211909,0.75,0.9427904261529481,79.54874489200233,1316,Seguimiento,2872,3170,1128,Seguimiento
4.685,-74.157,20,40,2.0,FONTIBON,SAN PABLO JERICO,SIN_NMG,CHOQUE,SOLO DANOS,8.0,22.0,6.0,4.0,4,Hotspot persistente con severidad media-alta,Prioridad 2 - Auditoría de seguridad vial,12,6,2,92,2846.0,1918.0,928.0,0.8069468768242849,0.8291009924109749,0.648598949211909,1.0,0.9427904261529481,84.54874489200233,883,Seguimiento,2860,3153,906,Seguimiento
4.7,-74.103,20,40,2.0,ENGATIVA,PARIS,AVENIDA CIUDAD DE CALI,CHOQUE,SOLO DANOS,0.0,14.0,16.0,10.0,3,Hotspot persistente con severidad media-alta,Prioridad 2 - Auditoría de seguridad vial,12,6,2,92,2846.0,1918.0,928.0,0.8069468768242849,0.8291009924109749,0.648598949211909,0.75,0.9427904261529481,79.54874489200233,1310,Seguimiento,2866,3164,1122,Seguimiento
4.747,-74.113,20,40,2.0,SUBA,SABANA DE TIBABUYES,SIN_NMG,CHOQUE,SOLO DANOS,0.0,26.0,8.0,6.0,3,Hotspot persistente con severidad media-alta,Prioridad 2 - Auditoría de seguridad vial,12,6,2,92,2846.0,1918.0,928.0,0.8069468768242849,0.8291009924109749,0.648598949211909,0.75,0.9427904261529481,79.54874489200233,1312,Seguimiento,2868,3166,1124,Seguimiento
4.656,-74.07,20,40,2.0,BARRIOS UNIDOS,SIETE DE AGOSTO,SIN_NMG,CHOQUE,SOLO DANOS,12.0,4.0,14.0,10.0,4,Hotspot persistente con severidad media-alta,Prioridad 2 - Auditoría de seguridad vial,12,6,2,92,2846.0,1918.0,928.0,0.8069468768242849,0.8291009924109749,0.648598949211909,1.0,0.9427904261529481,84.54874489200233,881,Seguimiento,2858,3151,904,Seguimiento
4.692,-74.066,20,40,2.0,SUBA,PASADENA,AVENIDA ALFREDO D BATEMAN,CHOQUE,SOLO DANOS,18.0,2.0,10.0,10.0,4,Hotspot persistente con severidad media-alta,Prioridad 2 - Auditoría de seguridad vial,12,6,2,92,2846.0,1918.0,928.0,0.8069468768242849,0.8291009924109749,0.648598949211909,1.0,0.9427904261529481,84.54874489200233,882,Seguimiento,2859,3152,905,Seguimiento
4.742,-74.059,24,36,1.5,SUBA,CANTAGALLO,SIN_NMG,CHOQUE,SOLO DANOS,14.0,4.0,6.0,12.0,4,Hotspot exploratorio,Prioridad 3 - Seguimiento,20,2,2,80,3210.0,2299.0,911.0,0.8427904261529481,0.8072387624051371,0.40379451255107995,1.0,0.9427904261529481,79.93228254524226,1258,Seguimiento,3240,2607,1093,Seguimiento
4.568,-74.126,24,36,1.5,RAFAEL URIBE URIBE,MARCO FIDEL SUAREZ I,AVENIDA CARACAS,CHOQUE,SOLO DANOS,20.0,4.0,4.0,8.0,4,Hotspot exploratorio,Prioridad 3 - Seguimiento,20,2,2,80,3210.0,2299.0,911.0,0.8427904261529481,0.8072387624051371,0.40379451255107995,1.0,0.9427904261529481,79.93228254524226,1257,Seguimiento,3239,2606,1092,Seguimiento
4.667,-74.112,26,34,1.3076923076923077,ENGATIVA,NORMANDIA OCCIDENTAL,AVENIDA BOYACA,CHOQUE,SOLO DANOS,8.0,12.0,2.0,12.0,4,Hotspot exploratorio,Prioridad 3 - Seguimiento,24,0,2,74,3397.0,2495.0,902.0,0.8567717454757735,0.7955341506129597,0.32711617046117925,1.0,0.9427904261529481,78.4442498540572,1473,Seguimiento,3423,2396,1148,Seguimiento
4.626,-74.105,32,60,1.875,PUENTE ARANDA,EL EJIDO,AVENIDA COLON,CHOQUE,SOLO DANOS,28.0,2.0,18.0,12.0,4,Hotspot persistente con severidad media-alta,Prioridad 2 - Auditoría de seguridad vial,22,6,4,152,1796.0,900.0,896.0,0.8881786339754816,0.8931406888499708,0.5742556917688266,1.0,0.9885872737886748,86.88324576765908,614,Seguimiento,1805,1860,246,Seguimiento
4.625,-74.098,24,64,2.6666666666666665,PUENTE ARANDA,INDUSTRIAL CENTENARIO,SIN_NMG,CHOQUE,CON HERIDOS,6.0,38.0,10.0,10.0,4,Hotspot persistente con severidad media-alta,Prioridad 2 - Auditoría de seguridad vial,8,12,4,168,1638.0,762.0,876.0,0.8427904261529481,0.902393461762989,0.8304144775248102,1.0,0.9885872737886748,91.28371278458845,162,Prioridad 2 - Auditoría de seguridad vial,1638,2564,138,Hotspot de severidad/fatalidad
4.616,-74.188,26,74,2.8461538461538463,BOSA,LA PAZ BOSA,SIN_NMG,CHOQUE,CON HERIDOS,26.0,12.0,22.0,14.0,4,Hotspot persistente con severidad media-alta,Prioridad 2 - Auditoría de seguridad vial,8,12,6,218,1342.0,472.0,870.0,0.8567717454757735,0.9202276707530648,0.8385872737886748,1.0,0.9967308814944542,92.24635143023934,106,Prioridad 2 - Auditoría de seguridad vial,1342,2349,45,Hotspot de severidad/fatalidad
4.537,-74.084,30,62,2.066666666666667,SAN CRISTOBAL,ALTAMIRA,AVENIDA DE LOS CERROS,CHOQUE,SOLO DANOS,12.0,10.0,24.0,16.0,4,Hotspot persistente con severidad media-alta,Prioridad 2 - Auditoría de seguridad vial,18,8,4,158,1709.0,843.0,866.0,0.8785172212492703,0.8977816695855225,0.7076765907764156,1.0,0.9885872737886748,89.45125510799767,321,Prioridad 3 - Monitoreo y gestión preventiva,1716,2002,194,Hotspot preventivo prioritario
4.538,-74.112,30,62,2.066666666666667,USME,DANUBIO II,SIN_NMG,CHOQUE,SOLO DANOS,24.0,18.0,10.0,10.0,4,Hotspot persistente con severidad media-alta,Prioridad 2 - Auditoría de seguridad vial,18,8,4,158,1709.0,843.0,866.0,0.8785172212492703,0.8977816695855225,0.7076765907764156,1.0,0.9885872737886748,89.45125510799767,320,Prioridad 3 - Monitoreo y gestión preventiva,1715,2001,193,Hotspot preventivo prioritario
4.565,-74.126,28,64,2.2857142857142856,TUNJUELITO,MARCO FIDEL SUAREZ I,AVENIDA CARACAS,CHOQUE,SOLO DANOS,14.0,28.0,12.0,10.0,4,Hotspot persistente con severidad media-alta,Prioridad 2 - Auditoría de seguridad vial,14,10,4,164,1638.0,794.0,844.0,0.8681260945709282,0.902393461762989,0.7523058960887332,1.0,0.9885872737886748,90.22825452422651,246,Prioridad 3 - Monitoreo y gestión preventiva,1641,2178,167,Hotspot preventivo prioritario
4.571,-74.12,22,66,3.0,RAFAEL URIBE URIBE,SAN JORGE SUR,SIN_NMG,ATROPELLO,CON HERIDOS,22.0,8.0,36.0,0.0,3,Hotspot persistente con severidad media-alta,Prioridad 2 - Auditoría de seguridad vial,4,14,4,174,1567.0,727.0,840.0,0.8262113251605371,0.9065382370110916,0.9134851138353766,0.75,0.9885872737886748,87.6964389959136,537,Seguimiento,1573,2848,232,Seguimiento
4.683,-74.098,34,62,1.8235294117647058,ENGATIVA,BOYACA,AVENIDA BOYACA,CHOQUE,SOLO DANOS,10.0,20.0,6.0,26.0,4,Hotspot persistente con severidad media-alta,Prioridad 2 - Auditoría de seguridad vial,24,6,4,154,1709.0,879.0,830.0,0.8968768242848804,0.8977816695855225,0.5584354932866317,1.0,0.9885872737886748,86.83362521891421,620,Seguimiento,1724,1714,247,Seguimiento
4.749,-74.095,22,42,1.9090909090909092,SUBA,PINOS DE LOMBARDIA,AVENIDA CIUDAD DE CALI,CHOQUE,SOLO DANOS,8.0,2.0,18.0,14.0,4,Hotspot persistente con severidad media-alta,Prioridad 2 - Auditoría de seguridad vial,14,6,2,94,2687.0,1866.0,821.0,0.8262113251605371,0.83861646234676,0.5838879159369527,1.0,0.9427904261529481,83.83012259194395,924,Seguimiento,2700,2859,944,Seguimiento
4.743,-74.032,22,42,1.9090909090909092,USAQUEN,LA PRADERA NORTE,AVENIDA LAUREANO GOMEZ,CHOQUE,SOLO DANOS,8.0,18.0,2.0,14.0,4,Hotspot persistente con severidad media-alta,Prioridad 2 - Auditoría de seguridad vial,14,6,2,94,2687.0,1866.0,821.0,0.8262113251605371,0.83861646234676,0.5838879159369527,1.0,0.9427904261529481,83.83012259194395,925,Seguimiento,2701,2860,945,Seguimiento
4.675,-74.103,22,42,1.9090909090909092,ENGATIVA,LA CABANA,AVENIDA BOYACA,CHOQUE,SOLO DANOS,10.0,14.0,2.0,16.0,4,Hotspot persistente con severidad media-alta,Prioridad 2 - Auditoría de seguridad vial,14,6,2,94,2687.0,1866.0,821.0,0.8262113251605371,0.83861646234676,0.5838879159369527,1.0,0.9427904261529481,83.83012259194395,922,Seguimiento,2698,2857,942,Seguimiento
4.749,-74.101,22,42,1.9090909090909092,SUBA,TIBABUYES,AVENIDA TRANSVERSAL DE SUBA,CHOQUE,SOLO DANOS,10.0,0.0,10.0,22.0,3,Hotspot persistente con severidad media-alta,Prioridad 2 - Auditoría de seguridad vial,14,6,2,94,2687.0,1866.0,821.0,0.8262113251605371,0.83861646234676,0.5838879159369527,0.75,0.9427904261529481,78.83012259194395,1426,Seguimiento,2711,2888,1144,Seguimiento
4.652,-74.064,22,42,1.9090909090909092,CHAPINERO,LA ESPERANZA,AVENIDA CARACAS,CHOQUE,SOLO DANOS,16.0,8.0,8.0,10.0,4,Hotspot persistente con severidad media-alta,Prioridad 2 - Auditoría de seguridad vial,14,6,2,94,2687.0,1866.0,821.0,0.8262113251605371,0.83861646234676,0.5838879159369527,1.0,0.9427904261529481,83.83012259194395,928,Seguimiento,2704,2863,948,Seguimiento
4.607,-74.12,22,42,1.9090909090909092,PUENTE ARANDA,LA CAMELIA,SIN_NMG,CHOQUE,SOLO DANOS,2.0,26.0,4.0,10.0,4,Hotspot persistente con severidad media-alta,Prioridad 2 - Auditoría de seguridad vial,14,6,2,94,2687.0,1866.0,821.0,0.8262113251605371,0.83861646234676,0.5838879159369527,1.0,0.9427904261529481,83.83012259194395,923,Seguimiento,2699,2858,943,Seguimiento
4.636,-74.162,22,42,1.9090909090909092,KENNEDY,PATIO BONITO II,AVENIDA CIUDAD DE CALI,CHOQUE,SOLO DANOS,8.0,8.0,0.0,26.0,3,Hotspot persistente con severidad media-alta,Prioridad 2 - Auditoría de seguridad vial,14,6,2,94,2687.0,1866.0,821.0,0.8262113251605371,0.83861646234676,0.5838879159369527,0.75,0.9427904261529481,78.83012259194395,1425,Seguimiento,2710,2887,1143,Seguimiento
4.65,-74.09,22,42,1.9090909090909092,TEUSAQUILLO,PAULO VI,AVENIDA PABLO VI,CHOQUE,SOLO DANOS,8.0,22.0,10.0,2.0,4,Hotspot persistente con severidad media-alta,Prioridad 2 - Auditoría de seguridad vial,14,6,2,94,2687.0,1866.0,821.0,0.8262113251605371,0.83861646234676,0.5838879159369527,1.0,0.9427904261529481,83.83012259194395,927,Seguimiento,2703,2862,947,Seguimiento
4.527,-74.126,22,42,1.9090909090909092,CIUDAD BOLIVAR,EL MOCHUELO II URBANO,SIN_NMG,CHOQUE,SOLO DANOS,8.0,18.0,4.0,12.0,4,Hotspot persistente con severidad media-alta,Prioridad 2 - Auditoría de seguridad vial,14,6,2,94,2687.0,1866.0,821.0,0.8262113251605371,0.83861646234676,0.5838879159369527,1.0,0.9427904261529481,83.83012259194395,926,Seguimiento,2702,2861,946,Seguimiento
4.709,-74.136,24,40,1.6666666666666667,ENGATIVA,CENTRO ENGATIVA II,SIN_NMG,CHOQUE,SOLO DANOS,16.0,6.0,12.0,6.0,4,Hotspot exploratorio,Prioridad 3 - Seguimiento,18,4,2,88,2846.0,2031.0,815.0,0.8427904261529481,0.8291009924109749,0.48362521891418564,1.0,0.9427904261529481,81.96614127262114,1055,Seguimiento,2863,2591,1039,Seguimiento
4.59,-74.142,24,40,1.6666666666666667,TUNJUELITO,VENECIA,SIN_NMG,CHOQUE,SOLO DANOS,28.0,4.0,6.0,2.0,4,Hotspot exploratorio,Prioridad 3 - Seguimiento,18,4,2,88,2846.0,2031.0,815.0,0.8427904261529481,0.8291009924109749,0.48362521891418564,1.0,0.9427904261529481,81.96614127262114,1056,Seguimiento,2864,2592,1040,Seguimiento
4.663,-74.123,24,40,1.6666666666666667,FONTIBON,MODELIA OCCIDENTAL,SIN_NMG,CHOQUE,SOLO DANOS,4.0,14.0,22.0,0.0,3,Hotspot exploratorio,Prioridad 3 - Seguimiento,18,4,2,88,2846.0,2031.0,815.0,0.8427904261529481,0.8291009924109749,0.48362521891418564,0.75,0.9427904261529481,76.96614127262113,1779,Seguimiento,2874,2635,1228,Seguimiento
4.728,-74.101,32,64,2.0,SUBA,LECH WALESA,AVENIDA CIUDAD DE CALI,CHOQUE,SOLO DANOS,10.0,22.0,26.0,6.0,4,Hotspot persistente con severidad media-alta,Prioridad 2 - Auditoría de seguridad vial,20,8,4,160,1638.0,825.0,813.0,0.8881786339754816,0.902393461762989,0.648598949211909,1.0,0.9885872737886748,88.5551663747811,420,Prioridad 3 - Monitoreo y gestión preventiva,1643,1852,211,Hotspot preventivo prioritario
4.544,-74.136,32,64,2.0,CIUDAD BOLIVAR,CASA DE TEJA,SIN_NMG,CHOQUE,SOLO DANOS,32.0,16.0,12.0,4.0,4,Hotspot persistente con severidad media-alta,Prioridad 2 - Auditoría de seguridad vial,20,8,4,160,1638.0,825.0,813.0,0.8881786339754816,0.902393461762989,0.648598949211909,1.0,0.9885872737886748,88.5551663747811,421,Prioridad 3 - Monitoreo y gestión preventiva,1644,1853,212,Hotspot preventivo prioritario
4.547,-74.087,20,44,2.2,SAN CRISTOBAL,SAN JOSE SUR ORIENTAL,SIN_NMG,CHOQUE,SOLO DANOS,6.0,6.0,14.0,18.0,4,Hotspot persistente con severidad media-alta,Prioridad 2 - Auditoría de seguridad vial,10,8,2,100,2540.0,1728.0,812.0,0.8069468768242849,0.8475189725627554,0.7361646234676007,1.0,0.9427904261529481,86.66841798015177,660,Seguimiento,2543,3147,720,Seguimiento
4.63,-74.062,20,44,2.2,CHAPINERO,CATALUNA,AVENIDA PATRICIO SAMPER GNECCO,CHOQUE,SOLO DANOS,6.0,16.0,16.0,6.0,4,Hotspot persistente con severidad media-alta,Prioridad 2 - Auditoría de seguridad vial,10,8,2,100,2540.0,1728.0,812.0,0.8069468768242849,0.8475189725627554,0.7361646234676007,1.0,0.9427904261529481,86.66841798015177,662,Seguimiento,2545,3149,722,Seguimiento
4.634,-74.119,20,44,2.2,PUENTE ARANDA,SALAZAR GOMEZ,SIN_NMG,CHOQUE,SOLO DANOS,10.0,14.0,10.0,10.0,4,Hotspot persistente con severidad media-alta,Prioridad 2 - Auditoría de seguridad vial,10,8,2,100,2540.0,1728.0,812.0,0.8069468768242849,0.8475189725627554,0.7361646234676007,1.0,0.9427904261529481,86.66841798015177,659,Seguimiento,2542,3146,719,Seguimiento
4.608,-74.161,20,44,2.2,KENNEDY,JACQUELINE,SIN_NMG,CHOQUE,SOLO DANOS,0.0,12.0,12.0,20.0,3,Hotspot persistente con severidad media-alta,Prioridad 2 - Auditoría de seguridad vial,10,8,2,100,2540.0,1728.0,812.0,0.8069468768242849,0.8475189725627554,0.7361646234676007,0.75,0.9427904261529481,81.66841798015177,1086,Seguimiento,2556,3162,1050,Seguimiento
4.631,-74.068,20,44,2.2,CHAPINERO,SUCRE,AVENIDA CARACAS,CHOQUE,SOLO DANOS,16.0,6.0,10.0,12.0,4,Hotspot persistente con severidad media-alta,Prioridad 2 - Auditoría de seguridad vial,10,8,2,100,2540.0,1728.0,812.0,0.8069468768242849,0.8475189725627554,0.7361646234676007,1.0,0.9427904261529481,86.66841798015177,661,Seguimiento,2544,3148,721,Seguimiento
4.585,-74.143,24,68,2.8333333333333335,TUNJUELITO,MUZU,SIN_NMG,CHOQUE,CON HERIDOS,8.0,30.0,30.0,0.0,3,Hotspot persistente con severidad media-alta,Prioridad 2 - Auditoría de seguridad vial,6,14,4,176,1511.0,713.0,798.0,0.8427904261529481,0.910245183887916,0.8384413309982487,0.75,0.9885872737886748,86.60128429655576,667,Seguimiento,1521,2577,252,Seguimiento
4.687,-74.081,26,38,1.4615384615384615,ENGATIVA,JULIO FLOREZ,AVENIDA MEDELLIN,CHOQUE,SOLO DANOS,18.0,6.0,10.0,4.0,4,Hotspot exploratorio,Prioridad 3 - Seguimiento,22,2,2,82,3012.0,2214.0,798.0,0.8567717454757735,0.818476357267951,0.3826036193812026,1.0,0.9427904261529481,80.01284296555751,1239,Seguimiento,3040,2379,1091,Seguimiento
4.61,-74.096,30,66,2.2,PUENTE ARANDA,PENSILVANIA,AVENIDA CIUDAD DE QUITO,CHOQUE,SOLO DANOS,30.0,0.0,10.0,26.0,3,Hotspot persistente con severidad media-alta,Prioridad 2 - Auditoría de seguridad vial,16,10,4,166,1567.0,778.0,789.0,0.8785172212492703,0.9065382370110916,0.7361646234676007,0.75,0.9885872737886748,85.19614711033276,812,Seguimiento,1577,2020,279,Seguimiento
4.684,-74.057,30,66,2.2,CHAPINERO,CHICO NORTE III SECTOR,AVENIDA PASEO DE LOS LIBERTADORES,CHOQUE,SOLO DANOS,4.0,14.0,44.0,4.0,4,Hotspot persistente con severidad media-alta,Prioridad 2 - Auditoría de seguridad vial,16,10,4,166,1567.0,778.0,789.0,0.8785172212492703,0.9065382370110916,0.7361646234676007,1.0,0.9885872737886748,90.19614711033276,247,Prioridad 3 - Monitoreo y gestión preventiva,1569,1998,168,Hotspot preventivo prioritario
4.624,-74.154,20,48,2.4,KENNEDY,CIUDAD KENNEDY NORTE,SIN_NMG,ATROPELLO,CON HERIDOS,12.0,6.0,14.0,16.0,4,Hotspot persistente con severidad media-alta,Prioridad 2 - Auditoría de seguridad vial,8,10,2,108,2316.0,1537.0,779.0,0.8069468768242849,0.8617046117921775,0.7953298307063631,1.0,0.9427904261529481,88.13543490951548,476,Prioridad 3 - Monitoreo y gestión preventiva,2320,3142,582,Hotspot preventivo prioritario
4.549,-74.093,20,48,2.4,SAN CRISTOBAL,SAN JOSE SUR ORIENTAL,AVENIDA LA VICTORIA,ATROPELLO,CON HERIDOS,10.0,2.0,28.0,8.0,4,Hotspot persistente con severidad media-alta,Prioridad 2 - Auditoría de seguridad vial,8,10,2,108,2316.0,1537.0,779.0,0.8069468768242849,0.8617046117921775,0.7953298307063631,1.0,0.9427904261529481,88.13543490951548,478,Prioridad 3 - Monitoreo y gestión preventiva,2322,3144,584,Hotspot preventivo prioritario
4.507,-74.107,20,48,2.4,USME,GRAN YOMASA,AUTOPISTA AL LLANO,CHOQUE,CON HERIDOS,12.0,16.0,12.0,8.0,4,Hotspot persistente con severidad media-alta,Prioridad 2 - Auditoría de seguridad vial,8,10,2,108,2316.0,1537.0,779.0,0.8069468768242849,0.8617046117921775,0.7953298307063631,1.0,0.9427904261529481,88.13543490951548,479,Prioridad 3 - Monitoreo y gestión preventiva,2323,3145,585,Hotspot preventivo prioritario
4.618,-74.146,20,48,2.4,KENNEDY,TIMIZA,AVENIDA PRIMERO DE MAYO,CHOQUE,CON HERIDOS,2.0,24.0,8.0,14.0,4,Hotspot persistente con severidad media-alta,Prioridad 2 - Auditoría de seguridad vial,8,10,2,108,2316.0,1537.0,779.0,0.8069468768242849,0.8617046117921775,0.7953298307063631,1.0,0.9427904261529481,88.13543490951548,475,Prioridad 3 - Monitoreo y gestión preventiva,2319,3141,581,Hotspot preventivo prioritario
4.618,-74.147,20,48,2.4,KENNEDY,TIMIZA,AVENIDA PRIMERO DE MAYO,CHOQUE,CON HERIDOS,10.0,16.0,22.0,0.0,3,Hotspot persistente con severidad media-alta,Prioridad 2 - Auditoría de seguridad vial,8,10,2,108,2316.0,1537.0,779.0,0.8069468768242849,0.8617046117921775,0.7953298307063631,0.75,0.9427904261529481,83.13543490951547,961,Seguimiento,2333,3155,973,Seguimiento
4.608,-74.13,20,48,2.4,PUENTE ARANDA,ALQUERIA LA FRAGUA NORTE,AVENIDA DEL CONGRESO EUCARISTICO,CHOQUE,CON HERIDOS,24.0,16.0,0.0,8.0,3,Hotspot persistente con severidad media-alta,Prioridad 2 - Auditoría de seguridad vial,8,10,2,108,2316.0,1537.0,779.0,0.8069468768242849,0.8617046117921775,0.7953298307063631,0.75,0.9427904261529481,83.13543490951547,962,Seguimiento,2334,3156,974,Seguimiento
4.564,-74.138,20,48,2.4,TUNJUELITO,SAN BENITO,AVENIDA BOYACA,CHOQUE,CON HERIDOS,2.0,16.0,2.0,28.0,4,Hotspot persistente con severidad media-alta,Prioridad 2 - Auditoría de seguridad vial,8,10,2,108,2316.0,1537.0,779.0,0.8069468768242849,0.8617046117921775,0.7953298307063631,1.0,0.9427904261529481,88.13543490951548,477,Prioridad 3 - Monitoreo y gestión preventiva,2321,3143,583,Hotspot preventivo prioritario
4.577,-74.113,26,70,2.6923076923076925,RAFAEL URIBE URIBE,GUSTAVO RESTREPO,AVENIDA CARACAS,CHOQUE,CON HERIDOS,18.0,18.0,16.0,18.0,4,Hotspot persistente con severidad media-alta,Prioridad 2 - Auditoría de seguridad vial,8,14,4,178,1445.0,690.0,755.0,0.8567717454757735,0.9138061879743141,0.8328663164039697,1.0,0.9885872737886748,91.84063047285464,129,Prioridad 2 - Auditoría de seguridad vial,1445,2351,129,Hotspot de severidad/fatalidad
4.522,-74.124,32,68,2.125,USME,LA AURORA,AUTOPISTA AL LLANO,CHOQUE,SOLO DANOS,18.0,24.0,10.0,16.0,4,Hotspot persistente con severidad media-alta,Prioridad 2 - Auditoría de seguridad vial,18,10,4,168,1511.0,762.0,749.0,0.8881786339754816,0.910245183887916,0.7181552831290134,1.0,0.9885872737886748,90.10332749562173,259,Prioridad 3 - Monitoreo y gestión preventiva,1513,1846,172,Hotspot preventivo prioritario
4.518,-74.122,32,68,2.125,USME,GRANADA SUR,AUTOPISTA AL LLANO,CHOQUE,SOLO DANOS,10.0,28.0,20.0,10.0,4,Hotspot persistente con severidad media-alta,Prioridad 2 - Auditoría de seguridad vial,18,10,4,168,1511.0,762.0,749.0,0.8881786339754816,0.910245183887916,0.7181552831290134,1.0,0.9885872737886748,90.10332749562173,260,Prioridad 3 - Monitoreo y gestión preventiva,1514,1847,173,Hotspot preventivo prioritario
4.551,-74.137,32,68,2.125,CIUDAD BOLIVAR,LA ALAMEDA,AUTOPISTA AL LLANO O AVENIDA BOYACA,CHOQUE,SOLO DANOS,0.0,24.0,24.0,20.0,3,Hotspot persistente con severidad media-alta,Prioridad 2 - Auditoría de seguridad vial,18,10,4,168,1511.0,762.0,749.0,0.8881786339754816,0.910245183887916,0.7181552831290134,0.75,0.9885872737886748,85.10332749562173,834,Seguimiento,1525,1865,280,Seguimiento
4.503,-74.105,22,46,2.090909090909091,USME,CHAPINERITO,AUTOPISTA AL LLANO,CHOQUE,SOLO DANOS,2.0,22.0,20.0,2.0,4,Hotspot persistente con severidad media-alta,Prioridad 2 - Auditoría de seguridad vial,12,8,2,102,2425.0,1681.0,744.0,0.8262113251605371,0.8551663747810858,0.7121132516053706,1.0,0.9427904261529481,86.72562755399883,648,Seguimiento,2437,2850,709,Seguimiento
4.712,-74.097,22,46,2.090909090909091,ENGATIVA,LOS CEREZOS,AVENIDA MORISCA,CHOQUE,SOLO DANOS,8.0,6.0,20.0,12.0,4,Hotspot persistente con severidad media-alta,Prioridad 2 - Auditoría de seguridad vial,12,8,2,102,2425.0,1681.0,744.0,0.8262113251605371,0.8551663747810858,0.7121132516053706,1.0,0.9427904261529481,86.72562755399883,650,Seguimiento,2439,2852,711,Seguimiento
4.745,-74.119,22,46,2.090909090909091,SUBA,LISBOA,SIN_NMG,CHOQUE,SOLO DANOS,32.0,2.0,6.0,6.0,4,Hotspot persistente con severidad media-alta,Prioridad 2 - Auditoría de seguridad vial,12,8,2,102,2425.0,1681.0,744.0,0.8262113251605371,0.8551663747810858,0.7121132516053706,1.0,0.9427904261529481,86.72562755399883,651,Seguimiento,2440,2853,712,Seguimiento
4.687,-74.112,22,46,2.090909090909091,ENGATIVA,LOS ALAMOS,AVENIDA CIUDAD DE CALI,CHOQUE,SOLO DANOS,12.0,12.0,18.0,4.0,4,Hotspot persistente con severidad media-alta,Prioridad 2 - Auditoría de seguridad vial,12,8,2,102,2425.0,1681.0,744.0,0.8262113251605371,0.8551663747810858,0.7121132516053706,1.0,0.9427904261529481,86.72562755399883,649,Seguimiento,2438,2851,710,Seguimiento
4.571,-74.123,22,46,2.090909090909091,RAFAEL URIBE URIBE,SAN JORGE SUR,SIN_NMG,CHOQUE,SOLO DANOS,10.0,6.0,12.0,18.0,4,Hotspot persistente con severidad media-alta,Prioridad 2 - Auditoría de seguridad vial,12,8,2,102,2425.0,1681.0,744.0,0.8262113251605371,0.8551663747810858,0.7121132516053706,1.0,0.9427904261529481,86.72562755399883,647,Seguimiento,2436,2849,708,Seguimiento
4.601,-74.182,22,46,2.090909090909091,BOSA,GUALOCHE,SIN_NMG,CHOQUE,SOLO DANOS,18.0,14.0,10.0,4.0,4,Hotspot persistente con severidad media-alta,Prioridad 2 - Auditoría de seguridad vial,12,8,2,102,2425.0,1681.0,744.0,0.8262113251605371,0.8551663747810858,0.7121132516053706,1.0,0.9427904261529481,86.72562755399883,652,Seguimiento,2441,2854,713,Seguimiento
4.709,-74.081,24,44,1.8333333333333333,SUBA,CLUB DE LOS LAGARTOS,AVENIDA BOYACA,CHOQUE,SOLO DANOS,10.0,4.0,24.0,6.0,4,Hotspot persistente con severidad media-alta,Prioridad 2 - Auditoría de seguridad vial,16,6,2,96,2540.0,1813.0,727.0,0.8427904261529481,0.8475189725627554,0.5607997664915353,1.0,0.9427904261529481,83.87799182720374,915,Seguimiento,2547,2586,935,Seguimiento
4.649,-74.107,24,44,1.8333333333333333,FONTIBON,SALITRE OCCIDENTAL,AVENIDA DEL CONGRESO EUCARISTICO,CHOQUE,SOLO DANOS,24.0,10.0,0.0,10.0,3,Hotspot persistente con severidad media-alta,Prioridad 2 - Auditoría de seguridad vial,16,6,2,96,2540.0,1813.0,727.0,0.8427904261529481,0.8475189725627554,0.5607997664915353,0.75,0.9427904261529481,78.87799182720374,1416,Seguimiento,2557,2618,1142,Seguimiento
4.658,-74.137,24,44,1.8333333333333333,KENNEDY,EL VERGEL,AVENIDA CIUDAD DE CALI,CHOQUE,SOLO DANOS,18.0,10.0,4.0,12.0,4,Hotspot persistente con severidad media-alta,Prioridad 2 - Auditoría de seguridad vial,16,6,2,96,2540.0,1813.0,727.0,0.8427904261529481,0.8475189725627554,0.5607997664915353,1.0,0.9427904261529481,83.87799182720374,914,Seguimiento,2546,2585,934,Seguimiento
4.74,-74.058,24,44,1.8333333333333333,SUBA,CANTAGALLO,AVENIDA DE LA SIRENA,CHOQUE,SOLO DANOS,6.0,16.0,8.0,14.0,4,Hotspot persistente con severidad media-alta,Prioridad 2 - Auditoría de seguridad vial,16,6,2,96,2540.0,1813.0,727.0,0.8427904261529481,0.8475189725627554,0.5607997664915353,1.0,0.9427904261529481,83.87799182720374,916,Seguimiento,2548,2587,936,Seguimiento
4.606,-74.105,24,44,1.8333333333333333,PUENTE ARANDA,COMUNEROS,AVENIDA CIUDAD MONTES,CHOQUE,SOLO DANOS,20.0,10.0,10.0,4.0,4,Hotspot persistente con severidad media-alta,Prioridad 2 - Auditoría de seguridad vial,16,6,2,96,2540.0,1813.0,727.0,0.8427904261529481,0.8475189725627554,0.5607997664915353,1.0,0.9427904261529481,83.87799182720374,917,Seguimiento,2549,2588,937,Seguimiento
4.509,-74.109,22,50,2.272727272727273,USME,LA ANDREA,SIN_NMG,ATROPELLO,CON HERIDOS,12.0,18.0,12.0,8.0,4,Hotspot persistente con severidad media-alta,Prioridad 2 - Auditoría de seguridad vial,10,10,2,110,2218.0,1500.0,718.0,0.8262113251605371,0.8677758318739054,0.7512842965557501,1.0,0.9427904261529481,87.76123759486282,529,Seguimiento,2228,2844,620,Seguimiento
4.566,-74.126,22,50,2.272727272727273,RAFAEL URIBE URIBE,MARCO FIDEL SUAREZ I,AVENIDA CARACAS,CHOQUE,CON HERIDOS,8.0,22.0,8.0,12.0,4,Hotspot persistente con severidad media-alta,Prioridad 2 - Auditoría de seguridad vial,10,10,2,110,2218.0,1500.0,718.0,0.8262113251605371,0.8677758318739054,0.7512842965557501,1.0,0.9427904261529481,87.76123759486282,526,Seguimiento,2225,2841,617,Seguimiento
4.614,-74.166,22,50,2.272727272727273,KENNEDY,CATALINA,AVENIDA PRIMERO DE MAYO,CHOQUE,CON HERIDOS,30.0,8.0,2.0,10.0,4,Hotspot persistente con severidad media-alta,Prioridad 2 - Auditoría de seguridad vial,10,10,2,110,2218.0,1500.0,718.0,0.8262113251605371,0.8677758318739054,0.7512842965557501,1.0,0.9427904261529481,87.76123759486282,525,Seguimiento,2224,2840,616,Seguimiento
4.685,-74.141,22,50,2.272727272727273,FONTIBON,VERSALLES FONTIBON,SIN_NMG,CHOQUE,CON HERIDOS,24.0,12.0,2.0,12.0,4,Hotspot persistente con severidad media-alta,Prioridad 2 - Auditoría de seguridad vial,10,10,2,110,2218.0,1500.0,718.0,0.8262113251605371,0.8677758318739054,0.7512842965557501,1.0,0.9427904261529481,87.76123759486282,528,Seguimiento,2227,2843,619,Seguimiento
4.611,-74.168,22,50,2.272727272727273,KENNEDY,CATALINA,SIN_NMG,CHOQUE,CON HERIDOS,16.0,14.0,14.0,6.0,4,Hotspot persistente con severidad media-alta,Prioridad 2 - Auditoría de seguridad vial,10,10,2,110,2218.0,1500.0,718.0,0.8262113251605371,0.8677758318739054,0.7512842965557501,1.0,0.9427904261529481,87.76123759486282,527,Seguimiento,2226,2842,618,Seguimiento
4.776,-74.086,22,50,2.272727272727273,SUBA,TUNA RURAL,,CHOQUE,CON HERIDOS,18.0,32.0,0.0,0.0,2,Hotspot exploratorio,Prioridad 3 - Seguimiento,10,10,2,110,2218.0,1500.0,718.0,0.8262113251605371,0.8677758318739054,0.7512842965557501,0.5,0.9427904261529481,77.7612375948628,1643,Seguimiento,2249,2896,1178,Seguimiento
4.573,-74.079,20,52,2.6,SAN CRISTOBAL,SAN CRISTOBAL SUR,AVENIDA FUCHA,CHOQUE,CON HERIDOS,32.0,0.0,12.0,8.0,3,Hotspot persistente con severidad media-alta,Prioridad 2 - Auditoría de seguridad vial,6,12,2,116,2116.0,1398.0,718.0,0.8069468768242849,0.8736135434909515,0.8236135434909515,0.75,0.9427904261529481,83.93928779918272,913,Seguimiento,2126,3154,933,Seguimiento
4.604,-74.076,20,52,2.6,SANTA FE,VERACRUZ,AVENIDA FERNANDO MAZUERA,ATROPELLO,CON HERIDOS,12.0,12.0,18.0,10.0,4,Hotspot persistente con severidad media-alta,Prioridad 2 - Auditoría de seguridad vial,6,12,2,116,2116.0,1398.0,718.0,0.8069468768242849,0.8736135434909515,0.8236135434909515,1.0,0.9427904261529481,88.93928779918274,378,Prioridad 3 - Monitoreo y gestión preventiva,2119,3138,514,Hotspot preventivo prioritario
4.562,-74.131,20,52,2.6,TUNJUELITO,SAN BENITO,AVENIDA TUNJUELITO,CHOQUE,CON HERIDOS,10.0,14.0,16.0,12.0,4,Hotspot persistente con severidad media-alta,Prioridad 2 - Auditoría de seguridad vial,6,12,2,116,2116.0,1398.0,718.0,0.8069468768242849,0.8736135434909515,0.8236135434909515,1.0,0.9427904261529481,88.93928779918274,379,Prioridad 3 - Monitoreo y gestión preventiva,2120,3139,515,Hotspot preventivo prioritario
4.623,-74.198,20,52,2.6,BOSA,LA INDEPENDENCIA,SIN_NMG,CHOQUE,CON HERIDOS,18.0,8.0,20.0,6.0,4,Hotspot persistente con severidad media-alta,Prioridad 2 - Auditoría de seguridad vial,6,12,2,116,2116.0,1398.0,718.0,0.8069468768242849,0.8736135434909515,0.8236135434909515,1.0,0.9427904261529481,88.93928779918274,380,Prioridad 3 - Monitoreo y gestión preventiva,2121,3140,516,Hotspot preventivo prioritario
4.546,-74.138,20,52,2.6,CIUDAD BOLIVAR,SOTAVENTO,SIN_NMG,CHOQUE,CON HERIDOS,12.0,12.0,8.0,20.0,4,Hotspot persistente con severidad media-alta,Prioridad 2 - Auditoría de seguridad vial,6,12,2,116,2116.0,1398.0,718.0,0.8069468768242849,0.8736135434909515,0.8236135434909515,1.0,0.9427904261529481,88.93928779918274,377,Prioridad 3 - Monitoreo y gestión preventiva,2118,3137,513,Hotspot preventivo prioritario
4.584,-74.163,22,50,2.272727272727273,CIUDAD BOLIVAR,SIERRA MORENA,SIN_NMG,CHOQUE,CON HERIDOS,16.0,20.0,12.0,2.0,4,Hotspot persistente con severidad media-alta,Prioridad 2 - Auditoría de seguridad vial,10,10,2,110,2218.0,1500.0,718.0,0.8262113251605371,0.8677758318739054,0.7512842965557501,1.0,0.9427904261529481,87.76123759486282,530,Seguimiento,2229,2845,621,Seguimiento
4.587,-74.096,22,50,2.272727272727273,ANTONIO NARIÑO,SAN ANTONIO,AVENIDA FUCHA,CHOQUE,CON HERIDOS,8.0,8.0,26.0,8.0,4,Hotspot persistente con severidad media-alta,Prioridad 2 - Auditoría de seguridad vial,10,10,2,110,2218.0,1500.0,718.0,0.8262113251605371,0.8677758318739054,0.7512842965557501,1.0,0.9427904261529481,87.76123759486282,531,Seguimiento,2230,2846,622,Seguimiento
4.744,-74.097,22,50,2.272727272727273,SUBA,EL POA,AVENIDA CIUDAD DE CALI,CHOQUE,CON HERIDOS,14.0,4.0,24.0,8.0,4,Hotspot persistente con severidad media-alta,Prioridad 2 - Auditoría de seguridad vial,10,10,2,110,2218.0,1500.0,718.0,0.8262113251605371,0.8677758318739054,0.7512842965557501,1.0,0.9427904261529481,87.76123759486282,532,Seguimiento,2231,2847,623,Seguimiento
4.641,-74.14,23,51,2.217391304347826,KENNEDY,BAVARIA,SIN_NMG,CHOQUE,SOLO DANOS,20.0,0.0,15.0,16.0,3,Hotspot persistente con severidad media-alta,Prioridad 2 - Auditoría de seguridad vial,11,10,2,111,2217.0,1499.0,718.0,0.8350262697022767,0.870636310566258,0.7444833625218914,0.75,0.9427904261529481,82.85872737886748,973,Seguimiento,2217,2827,984,Seguimiento
4.581,-74.085,26,74,2.8461538461538463,SAN CRISTOBAL,SAN JAVIER,SIN_NMG,CHOQUE,CON HERIDOS,24.0,22.0,8.0,20.0,4,Hotspot persistente con severidad media-alta,Prioridad 2 - Auditoría de seguridad vial,6,16,4,186,1342.0,630.0,712.0,0.8567717454757735,0.9202276707530648,0.8385872737886748,1.0,0.9885872737886748,92.08347927612375,113,Prioridad 2 - Auditoría de seguridad vial,1343,2350,123,Hotspot de severidad/fatalidad
4.647,-74.052,26,42,1.6153846153846154,CHAPINERO,MARIA CRISTINA,AVENIDA PATRICIO SAMPER GNECCO,CHOQUE,SOLO DANOS,10.0,14.0,10.0,8.0,4,Hotspot exploratorio,Prioridad 3 - Seguimiento,20,4,2,90,2687.0,1978.0,709.0,0.8567717454757735,0.83861646234676,0.44979568009340337,1.0,0.9427904261529481,81.75948628137772,1079,Seguimiento,2706,2367,1046,Seguimiento
4.579,-74.1,26,42,1.6153846153846154,RAFAEL URIBE URIBE,SAN JOSE SUR,SIN_NMG,CHOQUE,SOLO DANOS,16.0,2.0,18.0,6.0,4,Hotspot exploratorio,Prioridad 3 - Seguimiento,20,4,2,90,2687.0,1978.0,709.0,0.8567717454757735,0.83861646234676,0.44979568009340337,1.0,0.9427904261529481,81.75948628137772,1080,Seguimiento,2707,2368,1047,Seguimiento
4.675,-74.053,26,42,1.6153846153846154,CHAPINERO,EL CHICO,AVENIDA PASEO DEL COUNTRY,CHOQUE,SOLO DANOS,10.0,10.0,12.0,10.0,4,Hotspot exploratorio,Prioridad 3 - Seguimiento,20,4,2,90,2687.0,1978.0,709.0,0.8567717454757735,0.83861646234676,0.44979568009340337,1.0,0.9427904261529481,81.75948628137772,1082,Seguimiento,2709,2370,1049,Seguimiento
4.686,-74.139,26,42,1.6153846153846154,FONTIBON,AEROPUERTO EL DORADO,AVENIDA LUIS CARLOS GALAN,CHOQUE,SOLO DANOS,18.0,10.0,2.0,12.0,4,Hotspot exploratorio,Prioridad 3 - Seguimiento,20,4,2,90,2687.0,1978.0,709.0,0.8567717454757735,0.83861646234676,0.44979568009340337,1.0,0.9427904261529481,81.75948628137772,1081,Seguimiento,2708,2369,1048,Seguimiento
4.749,-74.044,26,42,1.6153846153846154,USAQUEN,EL TOBERIN,SIN_NMG,CHOQUE,SOLO DANOS,24.0,0.0,2.0,16.0,3,Hotspot exploratorio,Prioridad 3 - Seguimiento,20,4,2,90,2687.0,1978.0,709.0,0.8567717454757735,0.83861646234676,0.44979568009340337,0.75,0.9427904261529481,76.7594862813777,1913,Seguimiento,2736,2418,1232,Seguimiento
4.733,-74.049,26,42,1.6153846153846154,USAQUEN,LAS MARGARITAS,AVENIDA PASEO DE LOS LIBERTADORES,CHOQUE,SOLO DANOS,12.0,0.0,10.0,20.0,3,Hotspot exploratorio,Prioridad 3 - Seguimiento,20,4,2,90,2687.0,1978.0,709.0,0.8567717454757735,0.83861646234676,0.44979568009340337,0.75,0.9427904261529481,76.7594862813777,1914,Seguimiento,2737,2419,1233,Seguimiento
4.726,-74.033,28,40,1.4285714285714286,USAQUEN,CAOBOS SALAZAR,AVENIDA CEDRITOS,CHOQUE,SOLO DANOS,8.0,4.0,20.0,8.0,4,Hotspot exploratorio,Prioridad 3 - Seguimiento,24,2,2,84,2846.0,2138.0,708.0,0.8681260945709282,0.8291009924109749,0.3739346176298891,1.0,0.9427904261529481,80.2790426152948,1202,Seguimiento,2865,2200,1063,Seguimiento
4.557,-74.121,34,70,2.0588235294117645,RAFAEL URIBE URIBE,MOLINOS DEL SUR,SIN_NMG,CHOQUE,SOLO DANOS,22.0,16.0,18.0,14.0,4,Hotspot persistente con severidad media-alta,Prioridad 2 - Auditoría de seguridad vial,20,10,4,170,1445.0,750.0,695.0,0.8968768242848804,0.9138061879743141,0.7061587857559837,1.0,0.9885872737886748,90.10858143607706,255,Prioridad 3 - Monitoreo y gestión preventiva,1450,1702,171,Hotspot preventivo prioritario
4.595,-74.147,34,70,2.0588235294117645,TUNJUELITO,ISLA DEL SOL,AVENIDA DEL SUR,CHOQUE,SOLO DANOS,14.0,18.0,28.0,10.0,4,Hotspot persistente con severidad media-alta,Prioridad 2 - Auditoría de seguridad vial,20,10,4,170,1445.0,750.0,695.0,0.8968768242848804,0.9138061879743141,0.7061587857559837,1.0,0.9885872737886748,90.10858143607706,254,Prioridad 3 - Monitoreo y gestión preventiva,1449,1701,170,Hotspot preventivo prioritario
4.693,-74.168,42,66,1.5714285714285714,FONTIBON,EL CHANCO RURAL II,AVENIDA CENTENARIO,CHOQUE,SOLO DANOS,14.0,18.0,4.0,30.0,4,Hotspot exploratorio,Prioridad 3 - Seguimiento,34,4,4,154,1567.0,879.0,688.0,0.9201984821949796,0.9065382370110916,0.43537653239929947,1.0,0.9885872737886748,85.01401050788091,842,Seguimiento,1578,1345,281,Seguimiento
4.626,-74.096,40,68,1.7,PUENTE ARANDA,INDUSTRIAL CENTENARIO,AVENIDA DE LAS AMERICAS,CHOQUE,SOLO DANOS,26.0,20.0,10.0,12.0,4,Hotspot persistente con severidad media-alta,Prioridad 2 - Auditoría de seguridad vial,30,6,4,160,1511.0,825.0,686.0,0.9147110332749562,0.910245183887916,0.5138937536485697,1.0,0.9885872737886748,86.54874489200233,670,Seguimiento,1522,1432,253,Seguimiento
4.621,-74.152,32,72,2.25,KENNEDY,CIUDAD KENNEDY ORIENTAL,AVENIDA POPORO QUIMBAYA,CHOQUE,SOLO DANOS,14.0,10.0,12.0,36.0,4,Hotspot persistente con severidad media-alta,Prioridad 2 - Auditoría de seguridad vial,16,12,4,176,1395.0,713.0,682.0,0.8881786339754816,0.9171920607122008,0.7480735551663747,1.0,0.9885872737886748,90.84063047285464,198,Prioridad 2 - Auditoría de seguridad vial,1397,1845,145,Hotspot de severidad/fatalidad
4.561,-74.145,24,48,2.0,CIUDAD BOLIVAR,MILLAN,SIN_NMG,CHOQUE,SOLO DANOS,8.0,12.0,16.0,12.0,4,Hotspot persistente con severidad media-alta,Prioridad 2 - Auditoría de seguridad vial,14,8,2,104,2316.0,1635.0,681.0,0.8427904261529481,0.8617046117921775,0.648598949211909,1.0,0.9427904261529481,85.91768826619966,747,Seguimiento,2325,2579,782,Seguimiento
4.663,-74.061,24,48,2.0,CHAPINERO,PORCIUNCULA,AVENIDA CARACAS,CHOQUE,SOLO DANOS,12.0,2.0,24.0,10.0,4,Hotspot persistente con severidad media-alta,Prioridad 2 - Auditoría de seguridad vial,14,8,2,104,2316.0,1635.0,681.0,0.8427904261529481,0.8617046117921775,0.648598949211909,1.0,0.9427904261529481,85.91768826619966,749,Seguimiento,2327,2581,784,Seguimiento
4.615,-74.164,24,48,2.0,KENNEDY,TOCAREMA,AVENIDA PRIMERO DE MAYO,CHOQUE,SOLO DANOS,12.0,8.0,24.0,4.0,4,Hotspot persistente con severidad media-alta,Prioridad 2 - Auditoría de seguridad vial,14,8,2,104,2316.0,1635.0,681.0,0.8427904261529481,0.8617046117921775,0.648598949211909,1.0,0.9427904261529481,85.91768826619966,748,Seguimiento,2326,2580,783,Seguimiento
4.743,-74.112,24,48,2.0,SUBA,LA GAITANA,SIN_NMG,CHOQUE,SOLO DANOS,10.0,4.0,14.0,20.0,4,Hotspot persistente con severidad media-alta,Prioridad 2 - Auditoría de seguridad vial,14,8,2,104,2316.0,1635.0,681.0,0.8427904261529481,0.8617046117921775,0.648598949211909,1.0,0.9427904261529481,85.91768826619966,750,Seguimiento,2328,2582,785,Seguimiento
4.64,-74.173,24,48,2.0,KENNEDY,CIUDAD DE CALI,SIN_NMG,CHOQUE,SOLO DANOS,6.0,28.0,4.0,10.0,4,Hotspot persistente con severidad media-alta,Prioridad 2 - Auditoría de seguridad vial,14,8,2,104,2316.0,1635.0,681.0,0.8427904261529481,0.8617046117921775,0.648598949211909,1.0,0.9427904261529481,85.91768826619966,746,Seguimiento,2324,2578,781,Seguimiento
4.708,-74.105,24,48,2.0,ENGATIVA,QUIRIGUA II,SIN_NMG,CHOQUE,SOLO DANOS,30.0,6.0,0.0,12.0,3,Hotspot persistente con severidad media-alta,Prioridad 2 - Auditoría de seguridad vial,14,8,2,104,2316.0,1635.0,681.0,0.8427904261529481,0.8617046117921775,0.648598949211909,0.75,0.9427904261529481,80.91768826619965,1156,Seguimiento,2335,2593,1058,Seguimiento
4.611,-74.178,24,48,2.0,BOSA,EL RUBI,AVENIDA AGOBERTO MEJIA CIFUENTES,CHOQUE,SOLO DANOS,10.0,20.0,6.0,12.0,4,Hotspot persistente con severidad media-alta,Prioridad 2 - Auditoría de seguridad vial,14,8,2,104,2316.0,1635.0,681.0,0.8427904261529481,0.8617046117921775,0.648598949211909,1.0,0.9427904261529481,85.91768826619966,751,Seguimiento,2329,2583,786,Seguimiento
4.646,-74.164,20,56,2.8,KENNEDY,OSORIO III,SIN_NMG,CHOQUE,CON HERIDOS,14.0,16.0,6.0,20.0,4,Hotspot persistente con severidad media-alta,Prioridad 2 - Auditoría de seguridad vial,4,14,2,124,1930.0,1254.0,676.0,0.8069468768242849,0.8852597781669586,0.8378283712784589,1.0,0.9427904261529481,89.45650904845301,319,Prioridad 3 - Monitoreo y gestión preventiva,1932,3135,467,Hotspot preventivo prioritario
4.733,-74.1,28,76,2.7142857142857144,SUBA,LAGO DE SUBA,AVENIDA CIUDAD DE CALI,CHOQUE,CON HERIDOS,22.0,8.0,28.0,18.0,4,Hotspot persistente con severidad media-alta,Prioridad 2 - Auditoría de seguridad vial,8,16,4,188,1289.0,622.0,667.0,0.8681260945709282,0.923292469352014,0.8341214244016346,1.0,0.9885872737886748,92.28254524226503,103,Prioridad 2 - Auditoría de seguridad vial,1289,2174,122,Hotspot de severidad/fatalidad
4.766,-74.03,26,46,1.7692307692307692,USAQUEN,TIBABITA,SIN_NMG,CHOQUE,SOLO DANOS,0.0,14.0,4.0,28.0,3,Hotspot persistente con severidad media-alta,Prioridad 2 - Auditoría de seguridad vial,18,6,2,98,2425.0,1765.0,660.0,0.8567717454757735,0.8551663747810858,0.5328955049620548,0.75,0.9427904261529481,78.75248102743726,1436,Seguimiento,2448,2395,1146,Seguimiento
4.592,-74.161,34,74,2.176470588235294,CIUDAD BOLIVAR,MADELENA,AVENIDA CIUDAD DE VILLAVICENCIO,CHOQUE,SOLO DANOS,12.0,36.0,18.0,8.0,4,Hotspot persistente con severidad media-alta,Prioridad 2 - Auditoría de seguridad vial,18,12,4,178,1342.0,690.0,652.0,0.8968768242848804,0.9202276707530648,0.7273788674839463,1.0,0.9885872737886748,90.66141272621134,216,Prioridad 3 - Monitoreo y gestión preventiva,1347,1699,154,Hotspot preventivo prioritario
4.583,-74.14,20,60,3.0,TUNJUELITO,SAN VICENTE FERRER,AVENIDA JORGE GAITAN CORTES,CHOQUE,CON HERIDOS,26.0,0.0,16.0,18.0,3,Hotspot persistente con severidad media-alta,Prioridad 2 - Auditoría de seguridad vial,2,16,2,132,1796.0,1146.0,650.0,0.8069468768242849,0.8931406888499708,0.9134851138353766,0.75,0.9427904261529481,86.1272621132516,717,Seguimiento,1806,3150,758,Seguimiento
4.742,-74.113,20,60,3.0,SUBA,LA GAITANA,SIN_NMG,CHOQUE,CON HERIDOS,12.0,6.0,18.0,24.0,4,Hotspot persistente con severidad media-alta,Prioridad 2 - Auditoría de seguridad vial,2,16,2,132,1796.0,1146.0,650.0,0.8069468768242849,0.8931406888499708,0.9134851138353766,1.0,0.9427904261529481,91.1272621132516,167,Prioridad 2 - Auditoría de seguridad vial,1798,3132,385,Hotspot preventivo prioritario
4.584,-74.143,24,52,2.1666666666666665,TUNJUELITO,MUZU,AVENIDA BOYACA,CHOQUE,SOLO DANOS,6.0,18.0,16.0,12.0,4,Hotspot persistente con severidad media-alta,Prioridad 2 - Auditoría de seguridad vial,12,10,2,112,2116.0,1468.0,648.0,0.8427904261529481,0.8736135434909515,0.7261237594862814,1.0,0.9427904261529481,87.70636310566256,536,Seguimiento,2123,2576,626,Seguimiento
4.615,-74.174,24,52,2.1666666666666665,KENNEDY,CASABLANCA,AVENIDA AGOBERTO MEJIA CIFUENTES,CHOQUE,SOLO DANOS,26.0,8.0,4.0,14.0,4,Hotspot persistente con severidad media-alta,Prioridad 2 - Auditoría de seguridad vial,12,10,2,112,2116.0,1468.0,648.0,0.8427904261529481,0.8736135434909515,0.7261237594862814,1.0,0.9427904261529481,87.70636310566256,535,Seguimiento,2122,2575,625,Seguimiento
4.622,-74.194,24,52,2.1666666666666665,BOSA,CHICO SUR,SIN_NMG,CHOQUE,SOLO DANOS,18.0,16.0,18.0,0.0,3,Hotspot persistente con severidad media-alta,Prioridad 2 - Auditoría de seguridad vial,12,10,2,112,2116.0,1468.0,648.0,0.8427904261529481,0.8736135434909515,0.7261237594862814,0.75,0.9427904261529481,82.70636310566258,987,Seguimiento,2129,2590,996,Seguimiento
4.625,-74.172,22,58,2.6363636363636362,KENNEDY,GRAN BRITALIA I,SIN_NMG,ATROPELLO,CON HERIDOS,32.0,18.0,2.0,6.0,4,Hotspot persistente con severidad media-alta,Prioridad 2 - Auditoría de seguridad vial,6,14,2,126,1868.0,1221.0,647.0,0.8262113251605371,0.8892294220665499,0.8278750729713952,1.0,0.9427904261529481,89.7221249270286,296,Prioridad 3 - Monitoreo y gestión preventiva,1871,2834,452,Hotspot preventivo prioritario
4.553,-74.139,22,58,2.6363636363636362,CIUDAD BOLIVAR,LUCERO DEL SUR,SIN_NMG,CHOQUE,CON HERIDOS,6.0,24.0,12.0,16.0,4,Hotspot persistente con severidad media-alta,Prioridad 2 - Auditoría de seguridad vial,6,14,2,126,1868.0,1221.0,647.0,0.8262113251605371,0.8892294220665499,0.8278750729713952,1.0,0.9427904261529481,89.7221249270286,297,Prioridad 3 - Monitoreo y gestión preventiva,1872,2835,453,Hotspot preventivo prioritario
4.599,-74.079,26,78,3.0,SANTA FE,SANTA INES,AVENIDA FERNANDO MAZUERA,ATROPELLO,CON HERIDOS,32.0,8.0,16.0,22.0,4,Hotspot persistente con severidad media-alta,Prioridad 2 - Auditoría de seguridad vial,4,18,4,194,1232.0,588.0,644.0,0.8567717454757735,0.9265032107413894,0.9134851138353766,1.0,0.9885872737886748,93.70694687682428,35,Prioridad 1 - Intervención prioritaria,1232,2348,103,Hotspot de severidad/fatalidad
4.572,-74.095,26,50,1.9230769230769231,SAN CRISTOBAL,VEINTE DE JULIO,SIN_NMG,CHOQUE,SOLO DANOS,2.0,12.0,22.0,14.0,4,Hotspot persistente con severidad media-alta,Prioridad 2 - Auditoría de seguridad vial,16,8,2,106,2218.0,1579.0,639.0,0.8567717454757735,0.8677758318739054,0.5869819030939871,1.0,0.9427904261529481,85.08639813193228,835,Seguimiento,2232,2365,862,Seguimiento
4.578,-74.112,22,54,2.4545454545454546,RAFAEL URIBE URIBE,QUIROGA,AVENIDA CARACAS,CHOQUE,CON HERIDOS,20.0,8.0,2.0,24.0,4,Hotspot persistente con severidad media-alta,Prioridad 2 - Auditoría de seguridad vial,8,12,2,118,2005.0,1372.0,633.0,0.8262113251605371,0.8798015178050205,0.801517805020432,1.0,0.9427904261529481,89.00642148277875,368,Prioridad 3 - Monitoreo y gestión preventiva,2011,2838,504,Hotspot preventivo prioritario
4.582,-74.101,22,54,2.4545454545454546,ANTONIO NARIÑO,RESTREPO,AVENIDA CARACAS,CHOQUE,CON HERIDOS,22.0,12.0,6.0,14.0,4,Hotspot persistente con severidad media-alta,Prioridad 2 - Auditoría de seguridad vial,8,12,2,118,2005.0,1372.0,633.0,0.8262113251605371,0.8798015178050205,0.801517805020432,1.0,0.9427904261529481,89.00642148277875,366,Prioridad 3 - Monitoreo y gestión preventiva,2009,2836,502,Hotspot preventivo prioritario
4.608,-74.184,22,54,2.4545454545454546,BOSA,JIMENEZ DE QUESADA,SIN_NMG,CHOQUE,CON HERIDOS,10.0,20.0,18.0,6.0,4,Hotspot persistente con severidad media-alta,Prioridad 2 - Auditoría de seguridad vial,8,12,2,118,2005.0,1372.0,633.0,0.8262113251605371,0.8798015178050205,0.801517805020432,1.0,0.9427904261529481,89.00642148277875,367,Prioridad 3 - Monitoreo y gestión preventiva,2010,2837,503,Hotspot preventivo prioritario
4.642,-74.191,24,80,3.3333333333333335,BOSA,EL CORZO I,SIN_NMG,CHOQUE,CON HERIDOS,18.0,12.0,18.0,32.0,4,Hotspot persistente con severidad media-alta,Prioridad 2 - Auditoría de seguridad vial,0,20,4,200,1176.0,548.0,628.0,0.8427904261529481,0.9298015178050204,0.9885288966725044,1.0,0.9885872737886748,94.99416228838295,5,Prioridad 1 - Intervención prioritaria,1176,2562,86,Hotspot de severidad/fatalidad
4.599,-74.116,30,78,2.6,PUENTE ARANDA,AUTOPISTA MUZU ORIENTAL,AVENIDA PRIMERO DE MAYO,CHOQUE,CON HERIDOS,8.0,8.0,42.0,20.0,4,Hotspot persistente con severidad media-alta,Prioridad 2 - Auditoría de seguridad vial,10,16,4,190,1232.0,608.0,624.0,0.8785172212492703,0.9265032107413894,0.8236135434909515,1.0,0.9885872737886748,92.34442498540571,94,Prioridad 2 - Auditoría de seguridad vial,1233,1993,120,Hotspot de severidad/fatalidad
4.721,-74.053,28,44,1.5714285714285714,SUBA,PRADO VERANIEGO,SIN_NMG,CHOQUE,SOLO DANOS,22.0,4.0,10.0,8.0,4,Hotspot exploratorio,Prioridad 3 - Seguimiento,22,4,2,92,2540.0,1918.0,622.0,0.8681260945709282,0.8475189725627554,0.43537653239929947,1.0,0.9427904261529481,81.87624051371863,1071,Seguimiento,2555,2192,1043,Seguimiento
4.681,-74.118,28,44,1.5714285714285714,ENGATIVA,SAN IGNACIO,AVENIDA CIUDAD DE CALI,CHOQUE,SOLO DANOS,4.0,26.0,0.0,14.0,3,Hotspot exploratorio,Prioridad 3 - Seguimiento,22,4,2,92,2540.0,1918.0,622.0,0.8681260945709282,0.8475189725627554,0.43537653239929947,0.75,0.9427904261529481,76.87624051371861,1876,Seguimiento,2562,2225,1229,Seguimiento
4.598,-74.086,38,74,1.9473684210526316,LOS MARTIRES,LA ESTANZUELA,AVENIDA DE LOS COMUNEROS,CHOQUE,SOLO DANOS,28.0,32.0,10.0,4.0,4,Hotspot persistente con severidad media-alta,Prioridad 2 - Auditoría de seguridad vial,24,10,4,174,1342.0,727.0,615.0,0.9096614127262114,0.9202276707530648,0.5909223584354932,1.0,0.9885872737886748,88.18797431406888,467,Prioridad 3 - Monitoreo y gestión preventiva,1352,1520,217,Hotspot preventivo prioritario
4.563,-74.125,24,60,2.5,RAFAEL URIBE URIBE,ARBOLEDA SUR,AVENIDA CARACAS,CHOQUE,CON HERIDOS,34.0,18.0,0.0,8.0,3,Hotspot persistente con severidad media-alta,Prioridad 2 - Auditoría de seguridad vial,8,14,2,128,1796.0,1191.0,605.0,0.8427904261529481,0.8931406888499708,0.809748978400467,0.75,0.9427904261529481,84.76941039112667,871,Seguimiento,1811,2584,895,Seguimiento
4.606,-74.18,24,56,2.3333333333333335,BOSA,JOSE ANTONIO GALAN,AVENIDA BOSA,CHOQUE,CON HERIDOS,14.0,26.0,8.0,8.0,4,Hotspot persistente con severidad media-alta,Prioridad 2 - Auditoría de seguridad vial,10,12,2,120,1930.0,1326.0,604.0,0.8427904261529481,0.8852597781669586,0.7728838295388207,1.0,0.9427904261529481,88.87448920023351,390,Prioridad 3 - Monitoreo y gestión preventiva,1935,2573,522,Hotspot preventivo prioritario
4.7,-74.115,24,56,2.3333333333333335,ENGATIVA,LOS ALAMOS,AVENIDA LONGITUDINAL DE OCCIDENTE,CHOQUE,CON HERIDOS,26.0,18.0,6.0,6.0,4,Hotspot persistente con severidad media-alta,Prioridad 2 - Auditoría de seguridad vial,10,12,2,120,1930.0,1326.0,604.0,0.8427904261529481,0.8852597781669586,0.7728838295388207,1.0,0.9427904261529481,88.87448920023351,391,Prioridad 3 - Monitoreo y gestión preventiva,1936,2574,523,Hotspot preventivo prioritario
4.57,-74.087,24,56,2.3333333333333335,SAN CRISTOBAL,GRANADA SUR,AVENIDA PRIMERO DE MAYO,CHOQUE,CON HERIDOS,4.0,14.0,20.0,18.0,4,Hotspot persistente con severidad media-alta,Prioridad 2 - Auditoría de seguridad vial,10,12,2,120,1930.0,1326.0,604.0,0.8427904261529481,0.8852597781669586,0.7728838295388207,1.0,0.9427904261529481,88.87448920023351,389,Prioridad 3 - Monitoreo y gestión preventiva,1934,2572,521,Hotspot preventivo prioritario
4.561,-74.124,28,80,2.857142857142857,TUNJUELITO,TUNJUELITO,AVENIDA CARACAS,ATROPELLO,CON HERIDOS,36.0,22.0,8.0,14.0,4,Hotspot persistente con severidad media-alta,Prioridad 2 - Auditoría de seguridad vial,6,18,4,196,1176.0,572.0,604.0,0.8681260945709282,0.9298015178050204,0.8387040280210157,1.0,0.9885872737886748,92.50437828371278,83,Prioridad 2 - Auditoría de seguridad vial,1177,2173,118,Hotspot de severidad/fatalidad
4.623,-74.152,24,56,2.3333333333333335,KENNEDY,CIUDAD KENNEDY CENTRAL,SIN_NMG,CHOQUE,CON HERIDOS,6.0,18.0,22.0,10.0,4,Hotspot persistente con severidad media-alta,Prioridad 2 - Auditoría de seguridad vial,10,12,2,120,1930.0,1326.0,604.0,0.8427904261529481,0.8852597781669586,0.7728838295388207,1.0,0.9427904261529481,88.87448920023351,388,Prioridad 3 - Monitoreo y gestión preventiva,1933,2571,520,Hotspot preventivo prioritario
4.613,-74.187,34,78,2.2941176470588234,BOSA,ARGELIA II,SIN_NMG,CHOQUE,SOLO DANOS,20.0,16.0,8.0,34.0,4,Hotspot persistente con severidad media-alta,Prioridad 2 - Auditoría de seguridad vial,16,14,4,186,1232.0,630.0,602.0,0.8968768242848804,0.9265032107413894,0.7528021015761821,1.0,0.9885872737886748,91.29538820782253,160,Prioridad 2 - Auditoría de seguridad vial,1235,1697,136,Hotspot de severidad/fatalidad
4.611,-74.179,34,78,2.2941176470588234,BOSA,JOSE ANTONIO GALAN,AVENIDA AGOBERTO MEJIA CIFUENTES,CHOQUE,SOLO DANOS,4.0,38.0,20.0,16.0,4,Hotspot persistente con severidad media-alta,Prioridad 2 - Auditoría de seguridad vial,16,14,4,186,1232.0,630.0,602.0,0.8968768242848804,0.9265032107413894,0.7528021015761821,1.0,0.9885872737886748,91.29538820782253,161,Prioridad 2 - Auditoría de seguridad vial,1236,1698,137,Hotspot de severidad/fatalidad
4.615,-74.113,44,72,1.6363636363636365,PUENTE ARANDA,PRIMAVERA OCCIDENTAL,AVENIDA FERROCARRIL DEL SUR,CHOQUE,SOLO DANOS,18.0,18.0,10.0,26.0,4,Hotspot exploratorio,Prioridad 3 - Seguimiento,34,6,4,164,1395.0,794.0,601.0,0.9251313485113836,0.9171920607122008,0.4542323409223584,1.0,0.9885872737886748,85.70286047869236,772,Seguimiento,1402,1264,276,Seguimiento
4.589,-74.169,22,62,2.8181818181818183,CIUDAD BOLIVAR,BARLOVENTO,SIN_NMG,CHOQUE,CON HERIDOS,16.0,26.0,8.0,12.0,4,Hotspot persistente con severidad media-alta,Prioridad 2 - Auditoría de seguridad vial,4,16,2,134,1709.0,1117.0,592.0,0.8262113251605371,0.8977816695855225,0.838237011091652,1.0,0.9427904261529481,90.1004086398132,262,Prioridad 3 - Monitoreo y gestión preventiva,1711,2832,434,Hotspot preventivo prioritario
4.497,-74.104,22,62,2.8181818181818183,USME,EL PROGRESO USME,SIN_NMG,CHOQUE,CON HERIDOS,6.0,14.0,16.0,26.0,4,Hotspot persistente con severidad media-alta,Prioridad 2 - Auditoría de seguridad vial,4,16,2,134,1709.0,1117.0,592.0,0.8262113251605371,0.8977816695855225,0.838237011091652,1.0,0.9427904261529481,90.1004086398132,261,Prioridad 3 - Monitoreo y gestión preventiva,1710,2831,433,Hotspot preventivo prioritario
4.651,-74.125,42,74,1.7619047619047619,FONTIBON,FRANCO,AVENIDA BOYACA,CHOQUE,SOLO DANOS,20.0,18.0,6.0,30.0,4,Hotspot persistente con severidad media-alta,Prioridad 2 - Auditoría de seguridad vial,30,8,4,170,1342.0,750.0,592.0,0.9201984821949796,0.9202276707530648,0.5316112084063047,1.0,0.9885872737886748,87.21249270286047,592,Seguimiento,1355,1340,243,Seguimiento
4.603,-74.1,29,49,1.6896551724137931,LOS MARTIRES,VERAGUAS,AVENIDA CIUDAD MONTES,CHOQUE,SOLO DANOS,5.0,19.0,11.0,14.0,4,Hotspot exploratorio,Prioridad 3 - Seguimiento,21,6,2,101,2315.0,1727.0,588.0,0.8732632807939288,0.8649153531815529,0.5125510799766492,1.0,0.9427904261529481,83.87040280210158,918,Seguimiento,2315,2172,938,Seguimiento
4.697,-74.091,28,48,1.7142857142857142,ENGATIVA,SANTA MARIA,AVENIDA MEDELLIN,CHOQUE,SOLO DANOS,4.0,6.0,16.0,22.0,4,Hotspot persistente con severidad media-alta,Prioridad 2 - Auditoría de seguridad vial,20,6,2,100,2316.0,1728.0,588.0,0.8681260945709282,0.8617046117921775,0.5166374781085814,1.0,0.9427904261529481,83.7851722124927,930,Seguimiento,2332,2190,950,Seguimiento
4.596,-74.114,26,58,2.230769230769231,PUENTE ARANDA,AUTOPISTA MUZU ORIENTAL,AVENIDA CIUDAD DE QUITO,CHOQUE,CON HERIDOS,2.0,26.0,10.0,20.0,4,Hotspot persistente con severidad media-alta,Prioridad 2 - Auditoría de seguridad vial,12,12,2,122,1868.0,1285.0,583.0,0.8567717454757735,0.8892294220665499,0.7452714535901926,1.0,0.9427904261529481,88.6812609457093,407,Prioridad 3 - Monitoreo y gestión preventiva,1874,2359,535,Hotspot preventivo prioritario
4.621,-74.112,26,58,2.230769230769231,PUENTE ARANDA,SAN FRANCISCO,AVENIDA BATALLON CALDAS,CHOQUE,CON HERIDOS,10.0,8.0,24.0,16.0,4,Hotspot persistente con severidad media-alta,Prioridad 2 - Auditoría de seguridad vial,12,12,2,122,1868.0,1285.0,583.0,0.8567717454757735,0.8892294220665499,0.7452714535901926,1.0,0.9427904261529481,88.6812609457093,406,Prioridad 3 - Monitoreo y gestión preventiva,1873,2358,534,Hotspot preventivo prioritario
4.604,-74.123,28,52,1.8571428571428572,PUENTE ARANDA,SAN EUSEBIO,AVENIDA PRIMERO DE MAYO,CHOQUE,SOLO DANOS,6.0,10.0,16.0,20.0,4,Hotspot persistente con severidad media-alta,Prioridad 2 - Auditoría de seguridad vial,18,8,2,108,2116.0,1537.0,579.0,0.8681260945709282,0.8736135434909515,0.5685931115002919,1.0,0.9427904261529481,85.0624635143024,837,Seguimiento,2125,2189,864,Seguimiento
4.71,-74.076,28,52,1.8571428571428572,SUBA,NIZA NORTE,AVENIDA RODRIGO LARA BONILLA,CHOQUE,SOLO DANOS,0.0,20.0,14.0,18.0,3,Hotspot persistente con severidad media-alta,Prioridad 2 - Auditoría de seguridad vial,18,8,2,108,2116.0,1537.0,579.0,0.8681260945709282,0.8736135434909515,0.5685931115002919,0.75,0.9427904261529481,80.06246351430238,1230,Seguimiento,2130,2201,1083,Seguimiento
4.667,-74.078,28,52,1.8571428571428572,BARRIOS UNIDOS,SAN FERNANDO,AVENIDA GABRIEL ANDRADE,CHOQUE,SOLO DANOS,18.0,20.0,6.0,8.0,4,Hotspot persistente con severidad media-alta,Prioridad 2 - Auditoría de seguridad vial,18,8,2,108,2116.0,1537.0,579.0,0.8681260945709282,0.8736135434909515,0.5685931115002919,1.0,0.9427904261529481,85.0624635143024,836,Seguimiento,2124,2188,863,Seguimiento
4.624,-74.149,26,54,2.076923076923077,KENNEDY,CIUDAD KENNEDY ORIENTAL,AVENIDA POPORO QUIMBAYA,CHOQUE,SOLO DANOS,4.0,22.0,8.0,20.0,4,Hotspot persistente con severidad media-alta,Prioridad 2 - Auditoría de seguridad vial,14,10,2,114,2005.0,1427.0,578.0,0.8567717454757735,0.8798015178050205,0.7094570928196147,1.0,0.9427904261529481,87.77641564506713,522,Seguimiento,2014,2362,613,Seguimiento
4.718,-74.093,26,54,2.076923076923077,SUBA,RINCON ALTAMAR,AVENIDA CIUDAD DE CALI,CHOQUE,SOLO DANOS,16.0,20.0,10.0,8.0,4,Hotspot persistente con severidad media-alta,Prioridad 2 - Auditoría de seguridad vial,14,10,2,114,2005.0,1427.0,578.0,0.8567717454757735,0.8798015178050205,0.7094570928196147,1.0,0.9427904261529481,87.77641564506713,523,Seguimiento,2015,2363,614,Seguimiento
4.607,-74.186,26,54,2.076923076923077,BOSA,JIMENEZ DE QUESADA II SECTOR,SIN_NMG,CHOQUE,SOLO DANOS,12.0,18.0,16.0,8.0,4,Hotspot persistente con severidad media-alta,Prioridad 2 - Auditoría de seguridad vial,14,10,2,114,2005.0,1427.0,578.0,0.8567717454757735,0.8798015178050205,0.7094570928196147,1.0,0.9427904261529481,87.77641564506713,521,Seguimiento,2013,2361,612,Seguimiento
4.59,-74.073,26,54,2.076923076923077,CANDELARIA,LOURDES,SIN_NMG,CHOQUE,SOLO DANOS,2.0,14.0,10.0,28.0,4,Hotspot persistente con severidad media-alta,Prioridad 2 - Auditoría de seguridad vial,14,10,2,114,2005.0,1427.0,578.0,0.8567717454757735,0.8798015178050205,0.7094570928196147,1.0,0.9427904261529481,87.77641564506713,520,Seguimiento,2012,2360,611,Seguimiento
4.638,-74.114,40,76,1.9,PUENTE ARANDA,CENTRO INDUSTRIAL,AVENIDA PUENTE ARANDA,CHOQUE,SOLO DANOS,6.0,26.0,14.0,30.0,4,Hotspot persistente con severidad media-alta,Prioridad 2 - Auditoría de seguridad vial,26,10,4,176,1289.0,713.0,576.0,0.9147110332749562,0.923292469352014,0.5817571511967309,1.0,0.9885872737886748,88.16695855224752,469,Prioridad 3 - Monitoreo y gestión preventiva,1293,1428,218,Hotspot preventivo prioritario
4.724,-74.123,40,76,1.9,ENGATIVA,EL CORTIJO,AVENIDA MEDELLIN,CHOQUE,SOLO DANOS,26.0,10.0,18.0,22.0,4,Hotspot persistente con severidad media-alta,Prioridad 2 - Auditoría de seguridad vial,26,10,4,176,1289.0,713.0,576.0,0.9147110332749562,0.923292469352014,0.5817571511967309,1.0,0.9885872737886748,88.16695855224752,470,Prioridad 3 - Monitoreo y gestión preventiva,1294,1429,219,Hotspot preventivo prioritario
4.629,-74.121,38,78,2.0526315789473686,PUENTE ARANDA,SALAZAR GOMEZ,AVENIDA DE LAS AMERICAS,CHOQUE,SOLO DANOS,18.0,10.0,32.0,18.0,4,Hotspot persistente con severidad media-alta,Prioridad 2 - Auditoría de seguridad vial,22,12,4,182,1232.0,659.0,573.0,0.9096614127262114,0.9265032107413894,0.7052539404553415,1.0,0.9885872737886748,90.60011675423235,219,Prioridad 3 - Monitoreo y gestión preventiva,1237,1517,157,Hotspot preventivo prioritario
4.624,-74.084,38,94,2.473684210526316,PUENTE ARANDA,LA FLORIDA OCCIDENTAL,AVENIDA CIUDAD DE QUITO,CHOQUE,CON HERIDOS,14.0,24.0,32.0,24.0,4,Hotspot persistente con severidad media-alta,Prioridad 2 - Auditoría de seguridad vial,16,16,6,246,914.0,353.0,561.0,0.9096614127262114,0.9457092819614711,0.8023058960887333,1.0,0.9967308814944542,93.08814944541741,57,Prioridad 2 - Auditoría de seguridad vial,915,1512,40,Hotspot de severidad/fatalidad
4.68,-74.05,30,46,1.5333333333333334,CHAPINERO,CHICO NORTE,AVENIDA PASEO DEL COUNTRY,CHOQUE,SOLO DANOS,8.0,26.0,8.0,4.0,4,Hotspot exploratorio,Prioridad 3 - Seguimiento,24,4,2,94,2425.0,1866.0,559.0,0.8785172212492703,0.8551663747810858,0.4231757151196731,1.0,0.9427904261529481,81.99299474605954,1054,Seguimiento,2445,2028,1038,Seguimiento
4.623,-74.158,24,64,2.6666666666666665,KENNEDY,CIUDAD KENNEDY SUR,SIN_NMG,CHOQUE,CON HERIDOS,2.0,14.0,28.0,20.0,4,Hotspot persistente con severidad media-alta,Prioridad 2 - Auditoría de seguridad vial,6,16,2,136,1638.0,1093.0,545.0,0.8427904261529481,0.902393461762989,0.8304144775248102,1.0,0.9427904261529481,90.36777583187391,239,Prioridad 3 - Monitoreo y gestión preventiva,1640,2568,422,Hotspot preventivo prioritario
4.633,-74.086,24,64,2.6666666666666665,TEUSAQUILLO,CIUDAD UNIVERSITARIA,AVENIDA JORGE ELIECER GAITAN,CHOQUE,CON HERIDOS,26.0,14.0,10.0,14.0,4,Hotspot persistente con severidad media-alta,Prioridad 2 - Auditoría de seguridad vial,6,16,2,136,1638.0,1093.0,545.0,0.8427904261529481,0.902393461762989,0.8304144775248102,1.0,0.9427904261529481,90.36777583187391,238,Prioridad 3 - Monitoreo y gestión preventiva,1639,2567,421,Hotspot preventivo prioritario
4.596,-74.154,42,78,1.8571428571428572,CIUDAD BOLIVAR,GUADALUPE,AVENIDA DEL SUR,CHOQUE,SOLO DANOS,6.0,10.0,2.0,60.0,4,Hotspot persistente con severidad media-alta,Prioridad 2 - Auditoría de seguridad vial,28,10,4,178,1232.0,690.0,542.0,0.9201984821949796,0.9265032107413894,0.5685931115002919,1.0,0.9885872737886748,88.07764156450672,493,Prioridad 3 - Monitoreo y gestión preventiva,1242,1339,225,Hotspot preventivo prioritario
4.546,-74.136,28,60,2.142857142857143,CIUDAD BOLIVAR,CENTRAL DE MEZCLAS,AUTOPISTA AL LLANO O AVENIDA BOYACA,CHOQUE,SOLO DANOS,16.0,38.0,0.0,6.0,3,Hotspot persistente con severidad media-alta,Prioridad 2 - Auditoría de seguridad vial,14,12,2,124,1796.0,1254.0,542.0,0.8681260945709282,0.8931406888499708,0.7220957384705196,0.75,0.9427904261529481,83.52305896088733,938,Seguimiento,1815,2191,955,Seguimiento
4.528,-74.121,28,60,2.142857142857143,USME,LA AURORA,AVENIDA CARACAS,CHOQUE,SOLO DANOS,50.0,10.0,0.0,0.0,2,Hotspot exploratorio,Prioridad 3 - Seguimiento,14,12,2,124,1796.0,1254.0,542.0,0.8681260945709282,0.8931406888499708,0.7220957384705196,0.5,0.9427904261529481,78.52305896088734,1470,Seguimiento,1829,2210,1147,Seguimiento
4.592,-74.145,28,60,2.142857142857143,TUNJUELITO,VENECIA OCCIDENTAL,AVENIDA BOYACA,CHOQUE,SOLO DANOS,18.0,12.0,6.0,24.0,4,Hotspot persistente con severidad media-alta,Prioridad 2 - Auditoría de seguridad vial,14,12,2,124,1796.0,1254.0,542.0,0.8681260945709282,0.8931406888499708,0.7220957384705196,1.0,0.9427904261529481,88.52305896088734,434,Prioridad 3 - Monitoreo y gestión preventiva,1804,2183,553,Hotspot preventivo prioritario
4.649,-74.071,28,60,2.142857142857143,TEUSAQUILLO,SAN LUIS,SIN_NMG,CHOQUE,SOLO DANOS,20.0,16.0,20.0,4.0,4,Hotspot persistente con severidad media-alta,Prioridad 2 - Auditoría de seguridad vial,14,12,2,124,1796.0,1254.0,542.0,0.8681260945709282,0.8931406888499708,0.7220957384705196,1.0,0.9427904261529481,88.52305896088734,433,Prioridad 3 - Monitoreo y gestión preventiva,1803,2182,552,Hotspot preventivo prioritario
4.677,-74.118,28,60,2.142857142857143,ENGATIVA,SAN IGNACIO,AVENIDA JORGE ELIECER GAITAN,CHOQUE,SOLO DANOS,30.0,10.0,12.0,8.0,4,Hotspot persistente con severidad media-alta,Prioridad 2 - Auditoría de seguridad vial,14,12,2,124,1796.0,1254.0,542.0,0.8681260945709282,0.8931406888499708,0.7220957384705196,1.0,0.9427904261529481,88.52305896088734,432,Prioridad 3 - Monitoreo y gestión preventiva,1802,2181,551,Hotspot preventivo prioritario
4.724,-74.089,28,60,2.142857142857143,SUBA,CIUDAD HUNZA,AVENIDA EL RINCON,CHOQUE,SOLO DANOS,18.0,22.0,18.0,2.0,4,Hotspot persistente con severidad media-alta,Prioridad 2 - Auditoría de seguridad vial,14,12,2,124,1796.0,1254.0,542.0,0.8681260945709282,0.8931406888499708,0.7220957384705196,1.0,0.9427904261529481,88.52305896088734,431,Prioridad 3 - Monitoreo y gestión preventiva,1801,2180,550,Hotspot preventivo prioritario
4.618,-74.14,42,78,1.8571428571428572,KENNEDY,PROVIVIENDA OCCIDENTAL,AVENIDA BOYACA,CHOQUE,SOLO DANOS,32.0,20.0,8.0,18.0,4,Hotspot persistente con severidad media-alta,Prioridad 2 - Auditoría de seguridad vial,28,10,4,178,1232.0,690.0,542.0,0.9201984821949796,0.9265032107413894,0.5685931115002919,1.0,0.9885872737886748,88.07764156450672,492,Prioridad 3 - Monitoreo y gestión preventiva,1241,1338,224,Hotspot preventivo prioritario
4.616,-74.156,40,80,2.0,KENNEDY,TIMIZA,AVENIDA PRIMERO DE MAYO,CHOQUE,SOLO DANOS,18.0,16.0,38.0,8.0,4,Hotspot persistente con severidad media-alta,Prioridad 2 - Auditoría de seguridad vial,24,12,4,184,1176.0,639.0,537.0,0.9147110332749562,0.9298015178050204,0.648598949211909,1.0,0.9885872737886748,89.6339754816112,308,Prioridad 3 - Monitoreo y gestión preventiva,1182,1424,189,Hotspot preventivo prioritario
4.726,-74.099,30,50,1.6666666666666667,SUBA,SAN CAYETANO,AVENIDA CIUDAD DE CALI,CHOQUE,SOLO DANOS,30.0,8.0,4.0,8.0,4,Hotspot exploratorio,Prioridad 3 - Seguimiento,22,6,2,102,2218.0,1681.0,537.0,0.8785172212492703,0.8677758318739054,0.48362521891418564,1.0,0.9427904261529481,83.45417396380618,940,Seguimiento,2237,2027,956,Seguimiento
4.687,-74.15,26,62,2.3846153846153846,FONTIBON,VERSALLES FONTIBON,AVENIDA VERSALLES,CHOQUE,CON HERIDOS,20.0,14.0,8.0,20.0,4,Hotspot persistente con severidad media-alta,Prioridad 2 - Auditoría de seguridad vial,10,14,2,130,1709.0,1172.0,537.0,0.8567717454757735,0.8977816695855225,0.7940163455925278,1.0,0.9427904261529481,89.82720373613544,283,Prioridad 3 - Monitoreo y gestión preventiva,1712,2355,443,Hotspot preventivo prioritario
4.675,-74.083,40,80,2.0,BARRIOS UNIDOS,SAN FERNANDO OCCIDENTAL,AVENIDA CHILE,CHOQUE,SOLO DANOS,28.0,12.0,24.0,16.0,4,Hotspot persistente con severidad media-alta,Prioridad 2 - Auditoría de seguridad vial,24,12,4,184,1176.0,639.0,537.0,0.9147110332749562,0.9298015178050204,0.648598949211909,1.0,0.9885872737886748,89.6339754816112,307,Prioridad 3 - Monitoreo y gestión preventiva,1181,1423,188,Hotspot preventivo prioritario
4.576,-74.103,26,62,2.3846153846153846,RAFAEL URIBE URIBE,GUSTAVO RESTREPO,SIN_NMG,CHOQUE,CON HERIDOS,30.0,18.0,0.0,14.0,3,Hotspot persistente con severidad media-alta,Prioridad 2 - Auditoría de seguridad vial,10,14,2,130,1709.0,1172.0,537.0,0.8567717454757735,0.8977816695855225,0.7940163455925278,0.75,0.9427904261529481,84.82720373613543,862,Seguimiento,1727,2366,886,Seguimiento
4.63,-74.156,26,62,2.3846153846153846,KENNEDY,CORABASTOS,AVENIDA AGOBERTO MEJIA CIFUENTES,CHOQUE,CON HERIDOS,12.0,12.0,14.0,24.0,4,Hotspot persistente con severidad media-alta,Prioridad 2 - Auditoría de seguridad vial,10,14,2,130,1709.0,1172.0,537.0,0.8567717454757735,0.8977816695855225,0.7940163455925278,1.0,0.9427904261529481,89.82720373613544,285,Prioridad 3 - Monitoreo y gestión preventiva,1714,2357,445,Hotspot preventivo prioritario
4.588,-74.116,26,62,2.3846153846153846,RAFAEL URIBE URIBE,LIBERTADOR,AVENIDA GENERAL SANTANDER,CHOQUE,CON HERIDOS,20.0,8.0,24.0,10.0,4,Hotspot persistente con severidad media-alta,Prioridad 2 - Auditoría de seguridad vial,10,14,2,130,1709.0,1172.0,537.0,0.8567717454757735,0.8977816695855225,0.7940163455925278,1.0,0.9427904261529481,89.82720373613544,284,Prioridad 3 - Monitoreo y gestión preventiva,1713,2356,444,Hotspot preventivo prioritario
4.582,-74.143,40,96,2.4,TUNJUELITO,MUZU,AVENIDA BOYACA,CHOQUE,SOLO DANOS,14.0,28.0,24.0,30.0,4,Hotspot persistente con severidad media-alta,Prioridad 2 - Auditoría de seguridad vial,18,16,6,248,878.0,343.0,535.0,0.9147110332749562,0.9477816695855225,0.7953298307063631,1.0,0.9967308814944542,93.0910683012259,56,Prioridad 2 - Auditoría de seguridad vial,878,1415,39,Hotspot de severidad/fatalidad
4.567,-74.094,28,56,2.0,SAN CRISTOBAL,SURAMERICA,SIN_NMG,CHOQUE,SOLO DANOS,16.0,18.0,18.0,4.0,4,Hotspot persistente con severidad media-alta,Prioridad 2 - Auditoría de seguridad vial,16,10,2,116,1930.0,1398.0,532.0,0.8681260945709282,0.8852597781669586,0.648598949211909,1.0,0.9427904261529481,86.89550496205489,612,Seguimiento,1938,2186,679,Seguimiento
4.609,-74.109,28,56,2.0,PUENTE ARANDA,TIBANA,AVENIDA CIUDAD MONTES,CHOQUE,SOLO DANOS,32.0,10.0,12.0,2.0,4,Hotspot persistente con severidad media-alta,Prioridad 2 - Auditoría de seguridad vial,16,10,2,116,1930.0,1398.0,532.0,0.8681260945709282,0.8852597781669586,0.648598949211909,1.0,0.9427904261529481,86.89550496205489,613,Seguimiento,1939,2187,680,Seguimiento
4.691,-74.099,28,56,2.0,ENGATIVA,TABORA,SIN_NMG,CHOQUE,SOLO DANOS,10.0,14.0,20.0,12.0,4,Hotspot persistente con severidad media-alta,Prioridad 2 - Auditoría de seguridad vial,16,10,2,116,1930.0,1398.0,532.0,0.8681260945709282,0.8852597781669586,0.648598949211909,1.0,0.9427904261529481,86.89550496205489,611,Seguimiento,1937,2185,678,Seguimiento
4.628,-74.123,30,86,2.8666666666666667,PUENTE ARANDA,HIPOTECHO SUR,AVENIDA DEL CONGRESO EUCARISTICO,CHOQUE,CON HERIDOS,30.0,0.0,28.0,28.0,3,Hotspot persistente con severidad media-alta,Prioridad 2 - Auditoría de seguridad vial,6,20,4,206,1051.0,523.0,528.0,0.8785172212492703,0.9374781085814361,0.8387624051371863,0.75,0.9885872737886748,87.86690017513136,516,Seguimiento,1057,2013,230,Seguimiento
4.639,-74.064,30,54,1.8,CHAPINERO,MARLY,SIN_NMG,CHOQUE,SOLO DANOS,14.0,4.0,22.0,14.0,4,Hotspot persistente con severidad media-alta,Prioridad 2 - Auditoría de seguridad vial,20,8,2,110,2005.0,1500.0,505.0,0.8785172212492703,0.8798015178050205,0.5462346760070053,1.0,0.9427904261529481,84.94687682428489,847,Seguimiento,2022,2025,873,Seguimiento
4.741,-74.09,30,54,1.8,SUBA,LAS FLORES,AVENIDA TRANSVERSAL DE SUBA,CHOQUE,SOLO DANOS,4.0,22.0,20.0,8.0,4,Hotspot persistente con severidad media-alta,Prioridad 2 - Auditoría de seguridad vial,20,8,2,110,2005.0,1500.0,505.0,0.8785172212492703,0.8798015178050205,0.5462346760070053,1.0,0.9427904261529481,84.94687682428489,846,Seguimiento,2021,2024,872,Seguimiento
4.679,-74.113,30,54,1.8,ENGATIVA,SAN IGNACIO,SIN_NMG,CHOQUE,SOLO DANOS,6.0,6.0,28.0,14.0,4,Hotspot persistente con severidad media-alta,Prioridad 2 - Auditoría de seguridad vial,20,8,2,110,2005.0,1500.0,505.0,0.8785172212492703,0.8798015178050205,0.5462346760070053,1.0,0.9427904261529481,84.94687682428489,845,Seguimiento,2020,2023,871,Seguimiento
4.657,-74.062,30,54,1.8,CHAPINERO,QUINTA CAMACHO,AVENIDA CARACAS,CHOQUE,SOLO DANOS,10.0,24.0,14.0,6.0,4,Hotspot persistente con severidad media-alta,Prioridad 2 - Auditoría de seguridad vial,20,8,2,110,2005.0,1500.0,505.0,0.8785172212492703,0.8798015178050205,0.5462346760070053,1.0,0.9427904261529481,84.94687682428489,848,Seguimiento,2023,2026,874,Seguimiento
4.629,-74.125,44,80,1.8181818181818181,KENNEDY,LUSITANIA,AVENIDA DE LAS AMERICAS,CHOQUE,SOLO DANOS,6.0,42.0,4.0,28.0,4,Hotspot persistente con severidad media-alta,Prioridad 2 - Auditoría de seguridad vial,30,10,4,180,1176.0,675.0,501.0,0.9251313485113836,0.9298015178050204,0.5578225335668417,1.0,0.9885872737886748,88.02685347343842,496,Prioridad 3 - Monitoreo y gestión preventiva,1186,1257,227,Hotspot preventivo prioritario
4.579,-74.099,40,84,2.1,ANTONIO NARIÑO,CIUDAD JARDIN SUR,AVENIDA PRIMERO DE MAYO,CHOQUE,SOLO DANOS,22.0,14.0,32.0,16.0,4,Hotspot persistente con severidad media-alta,Prioridad 2 - Auditoría de seguridad vial,22,14,4,192,1094.0,595.0,499.0,0.9147110332749562,0.9348511383537653,0.7134267367192061,1.0,0.9885872737886748,91.03152364273205,177,Prioridad 2 - Auditoría de seguridad vial,1097,1420,140,Hotspot de severidad/fatalidad
4.585,-74.096,30,58,1.9333333333333333,ANTONIO NARIÑO,RESTREPO,AVENIDA CARACAS,CHOQUE,SOLO DANOS,12.0,4.0,34.0,8.0,4,Hotspot persistente con severidad media-alta,Prioridad 2 - Auditoría de seguridad vial,18,10,2,118,1868.0,1372.0,496.0,0.8785172212492703,0.8892294220665499,0.5886748394629305,1.0,0.9427904261529481,85.98423817863399,730,Seguimiento,1878,2017,767,Seguimiento
4.632,-74.068,30,58,1.9333333333333333,CHAPINERO,MARLY,AVENIDA CARACAS,CHOQUE,SOLO DANOS,16.0,20.0,2.0,20.0,4,Hotspot persistente con severidad media-alta,Prioridad 2 - Auditoría de seguridad vial,18,10,2,118,1868.0,1372.0,496.0,0.8785172212492703,0.8892294220665499,0.5886748394629305,1.0,0.9427904261529481,85.98423817863399,731,Seguimiento,1879,2018,768,Seguimiento
4.706,-74.132,30,58,1.9333333333333333,ENGATIVA,MARANDU,SIN_NMG,CHOQUE,SOLO DANOS,8.0,8.0,36.0,6.0,4,Hotspot persistente con severidad media-alta,Prioridad 2 - Auditoría de seguridad vial,18,10,2,118,1868.0,1372.0,496.0,0.8785172212492703,0.8892294220665499,0.5886748394629305,1.0,0.9427904261529481,85.98423817863399,729,Seguimiento,1877,2016,766,Seguimiento
4.736,-74.081,30,58,1.9333333333333333,SUBA,SUBA URBANO,AVENIDA TRANSVERSAL DE SUBA,CHOQUE,SOLO DANOS,14.0,16.0,12.0,16.0,4,Hotspot persistente con severidad media-alta,Prioridad 2 - Auditoría de seguridad vial,18,10,2,118,1868.0,1372.0,496.0,0.8785172212492703,0.8892294220665499,0.5886748394629305,1.0,0.9427904261529481,85.98423817863399,728,Seguimiento,1876,2015,765,Seguimiento
4.643,-74.066,30,58,1.9333333333333333,CHAPINERO,CHAPINERO CENTRAL,SIN_NMG,CHOQUE,SOLO DANOS,32.0,6.0,18.0,2.0,4,Hotspot persistente con severidad media-alta,Prioridad 2 - Auditoría de seguridad vial,18,10,2,118,1868.0,1372.0,496.0,0.8785172212492703,0.8892294220665499,0.5886748394629305,1.0,0.9427904261529481,85.98423817863399,732,Seguimiento,1880,2019,769,Seguimiento
4.569,-74.146,30,58,1.9333333333333333,CIUDAD BOLIVAR,EL CHIRCAL SUR,AVENIDA CIUDAD DE VILLAVICENCIO,CHOQUE,SOLO DANOS,18.0,22.0,10.0,8.0,4,Hotspot persistente con severidad media-alta,Prioridad 2 - Auditoría de seguridad vial,18,10,2,118,1868.0,1372.0,496.0,0.8785172212492703,0.8892294220665499,0.5886748394629305,1.0,0.9427904261529481,85.98423817863399,727,Seguimiento,1875,2014,764,Seguimiento
4.632,-74.186,24,72,3.0,BOSA,EL CORZO,AVENIDA TINTAL,CHOQUE,CON HERIDOS,16.0,18.0,20.0,18.0,4,Hotspot persistente con severidad media-alta,Prioridad 2 - Auditoría de seguridad vial,2,20,2,152,1395.0,900.0,495.0,0.8427904261529481,0.9171920607122008,0.9134851138353766,1.0,0.9427904261529481,92.32516053706948,95,Prioridad 2 - Auditoría de seguridad vial,1395,2563,341,Hotspot preventivo prioritario
4.627,-74.086,28,64,2.2857142857142856,TEUSAQUILLO,GRAN AMERICA,SIN_NMG,CHOQUE,CON HERIDOS,16.0,12.0,2.0,34.0,4,Hotspot persistente con severidad media-alta,Prioridad 2 - Auditoría de seguridad vial,12,14,2,132,1638.0,1146.0,492.0,0.8681260945709282,0.902393461762989,0.7523058960887332,1.0,0.9427904261529481,89.31231757151197,325,Prioridad 3 - Monitoreo y gestión preventiva,1642,2179,468,Hotspot preventivo prioritario
4.607,-74.127,38,86,2.263157894736842,PUENTE ARANDA,SAN EUSEBIO,AVENIDA PRIMERO DE MAYO,CHOQUE,SOLO DANOS,24.0,10.0,22.0,30.0,4,Hotspot persistente con severidad media-alta,Prioridad 2 - Auditoría de seguridad vial,18,16,4,198,1051.0,559.0,492.0,0.9096614127262114,0.9374781085814361,0.7502918855808524,1.0,0.9885872737886748,91.7203736135435,135,Prioridad 2 - Auditoría de seguridad vial,1052,1515,131,Hotspot de severidad/fatalidad
4.562,-74.143,30,62,2.066666666666667,CIUDAD BOLIVAR,LAS ACACIAS,SIN_NMG,CHOQUE,SOLO DANOS,22.0,18.0,20.0,2.0,4,Hotspot persistente con severidad media-alta,Prioridad 2 - Auditoría de seguridad vial,16,12,2,126,1709.0,1221.0,488.0,0.8785172212492703,0.8977816695855225,0.7076765907764156,1.0,0.9427904261529481,88.53531815528314,428,Prioridad 3 - Monitoreo y gestión preventiva,1722,2011,548,Hotspot preventivo prioritario
4.745,-74.118,30,62,2.066666666666667,SUBA,LISBOA,SIN_NMG,CHOQUE,SOLO DANOS,18.0,14.0,12.0,18.0,4,Hotspot persistente con severidad media-alta,Prioridad 2 - Auditoría de seguridad vial,16,12,2,126,1709.0,1221.0,488.0,0.8785172212492703,0.8977816695855225,0.7076765907764156,1.0,0.9427904261529481,88.53531815528314,423,Prioridad 3 - Monitoreo y gestión preventiva,1717,2006,543,Hotspot preventivo prioritario
4.685,-74.097,30,62,2.066666666666667,ENGATIVA,BOYACA,AVENIDA BOYACA,CHOQUE,SOLO DANOS,20.0,12.0,14.0,16.0,4,Hotspot persistente con severidad media-alta,Prioridad 2 - Auditoría de seguridad vial,16,12,2,126,1709.0,1221.0,488.0,0.8785172212492703,0.8977816695855225,0.7076765907764156,1.0,0.9427904261529481,88.53531815528314,424,Prioridad 3 - Monitoreo y gestión preventiva,1718,2007,544,Hotspot preventivo prioritario
4.622,-74.096,30,62,2.066666666666667,PUENTE ARANDA,LOS EJIDOS,AVENIDA FERROCARRIL DEL SUR,CHOQUE,SOLO DANOS,10.0,6.0,26.0,20.0,4,Hotspot persistente con severidad media-alta,Prioridad 2 - Auditoría de seguridad vial,16,12,2,126,1709.0,1221.0,488.0,0.8785172212492703,0.8977816695855225,0.7076765907764156,1.0,0.9427904261529481,88.53531815528314,426,Prioridad 3 - Monitoreo y gestión preventiva,1720,2009,546,Hotspot preventivo prioritario
4.755,-74.066,30,62,2.066666666666667,SUBA,SAN JOSE V SECTOR,SIN_NMG,CHOQUE,SOLO DANOS,22.0,2.0,24.0,14.0,4,Hotspot persistente con severidad media-alta,Prioridad 2 - Auditoría de seguridad vial,16,12,2,126,1709.0,1221.0,488.0,0.8785172212492703,0.8977816695855225,0.7076765907764156,1.0,0.9427904261529481,88.53531815528314,429,Prioridad 3 - Monitoreo y gestión preventiva,1723,2012,549,Hotspot preventivo prioritario
4.619,-74.08,30,62,2.066666666666667,LOS MARTIRES,SANTA FE,SIN_NMG,CHOQUE,SOLO DANOS,22.0,24.0,8.0,8.0,4,Hotspot persistente con severidad media-alta,Prioridad 2 - Auditoría de seguridad vial,16,12,2,126,1709.0,1221.0,488.0,0.8785172212492703,0.8977816695855225,0.7076765907764156,1.0,0.9427904261529481,88.53531815528314,427,Prioridad 3 - Monitoreo y gestión preventiva,1721,2010,547,Hotspot preventivo prioritario
4.731,-74.049,30,62,2.066666666666667,USAQUEN,LAS MARGARITAS,AVENIDA PASEO DE LOS LIBERTADORES,CHOQUE,SOLO DANOS,20.0,18.0,12.0,12.0,4,Hotspot persistente con severidad media-alta,Prioridad 2 - Auditoría de seguridad vial,16,12,2,126,1709.0,1221.0,488.0,0.8785172212492703,0.8977816695855225,0.7076765907764156,1.0,0.9427904261529481,88.53531815528314,425,Prioridad 3 - Monitoreo y gestión preventiva,1719,2008,545,Hotspot preventivo prioritario
4.704,-74.1,50,78,1.56,ENGATIVA,LOS CEREZOS,AVENIDA CIUDAD DE CALI,CHOQUE,SOLO DANOS,18.0,42.0,12.0,6.0,4,Hotspot exploratorio,Prioridad 3 - Seguimiento,40,6,4,170,1232.0,750.0,482.0,0.9377116170461179,0.9265032107413894,0.42942206654991244,1.0,0.9885872737886748,85.6444833625219,774,Seguimiento,1243,1052,277,Seguimiento
4.656,-74.14,32,52,1.625,KENNEDY,EL TINTAL IV,AVENIDA CIUDAD DE CALI,CHOQUE,SOLO DANOS,2.0,16.0,24.0,10.0,4,Hotspot exploratorio,Prioridad 3 - Seguimiento,24,6,2,104,2116.0,1635.0,481.0,0.8881786339754816,0.8736135434909515,0.45230589608873323,1.0,0.9427904261529481,83.1377699941623,960,Seguimiento,2128,1867,972,Seguimiento
4.617,-74.072,26,70,2.6923076923076925,SANTA FE,SAMPER,SIN_NMG,CHOQUE,CON HERIDOS,12.0,10.0,20.0,28.0,4,Hotspot persistente con severidad media-alta,Prioridad 2 - Auditoría de seguridad vial,6,18,2,146,1445.0,973.0,472.0,0.8567717454757735,0.9138061879743141,0.8328663164039697,1.0,0.9427904261529481,90.9246935201401,190,Prioridad 2 - Auditoría de seguridad vial,1446,2354,395,Hotspot preventivo prioritario
4.595,-74.113,32,60,1.875,ANTONIO NARIÑO,SENA,AVENIDA PRIMERO DE MAYO,CHOQUE,SOLO DANOS,6.0,20.0,24.0,10.0,4,Hotspot persistente con severidad media-alta,Prioridad 2 - Auditoría de seguridad vial,20,10,2,120,1796.0,1326.0,470.0,0.8881786339754816,0.8931406888499708,0.5742556917688266,1.0,0.9427904261529481,85.96730881494456,733,Seguimiento,1807,1861,770,Seguimiento
4.757,-74.06,32,60,1.875,SUBA,SAN JOSE DE BAVARIA,AVENIDA SAN JOSE,CHOQUE,SOLO DANOS,4.0,20.0,20.0,16.0,4,Hotspot persistente con severidad media-alta,Prioridad 2 - Auditoría de seguridad vial,20,10,2,120,1796.0,1326.0,470.0,0.8881786339754816,0.8931406888499708,0.5742556917688266,1.0,0.9427904261529481,85.96730881494456,735,Seguimiento,1809,1863,772,Seguimiento
4.571,-74.125,32,60,1.875,RAFAEL URIBE URIBE,SANTA LUCIA,SIN_NMG,CHOQUE,SOLO DANOS,28.0,2.0,14.0,16.0,4,Hotspot persistente con severidad media-alta,Prioridad 2 - Auditoría de seguridad vial,20,10,2,120,1796.0,1326.0,470.0,0.8881786339754816,0.8931406888499708,0.5742556917688266,1.0,0.9427904261529481,85.96730881494456,736,Seguimiento,1810,1864,773,Seguimiento
4.706,-74.098,32,60,1.875,ENGATIVA,PARIS GAITAN,AVENIDA CIUDAD DE CALI,CHOQUE,SOLO DANOS,14.0,12.0,22.0,12.0,4,Hotspot persistente con severidad media-alta,Prioridad 2 - Auditoría de seguridad vial,20,10,2,120,1796.0,1326.0,470.0,0.8881786339754816,0.8931406888499708,0.5742556917688266,1.0,0.9427904261529481,85.96730881494456,734,Seguimiento,1808,1862,771,Seguimiento
4.581,-74.154,28,68,2.4285714285714284,CIUDAD BOLIVAR,LA CORUNA,AVENIDA JORGE GAITAN CORTES,CHOQUE,CON HERIDOS,20.0,8.0,4.0,36.0,4,Hotspot persistente con severidad media-alta,Prioridad 2 - Auditoría de seguridad vial,10,16,2,140,1511.0,1047.0,464.0,0.8681260945709282,0.910245183887916,0.7985113835376533,1.0,0.9427904261529481,90.39346176298892,234,Prioridad 3 - Monitoreo y gestión preventiva,1511,2176,418,Hotspot preventivo prioritario
4.745,-74.117,28,68,2.4285714285714284,SUBA,LISBOA,SIN_NMG,CHOQUE,CON HERIDOS,28.0,18.0,20.0,2.0,4,Hotspot persistente con severidad media-alta,Prioridad 2 - Auditoría de seguridad vial,10,16,2,140,1511.0,1047.0,464.0,0.8681260945709282,0.910245183887916,0.7985113835376533,1.0,0.9427904261529481,90.39346176298892,235,Prioridad 3 - Monitoreo y gestión preventiva,1512,2177,419,Hotspot preventivo prioritario
4.61,-74.192,26,74,2.8461538461538463,BOSA,PASO ANCHO,SIN_NMG,CHOQUE,CON HERIDOS,6.0,48.0,20.0,0.0,3,Hotspot persistente con severidad media-alta,Prioridad 2 - Auditoría de seguridad vial,4,20,2,154,1342.0,879.0,463.0,0.8567717454757735,0.9202276707530648,0.8385872737886748,0.75,0.9427904261529481,86.16754232340922,709,Seguimiento,1360,2364,754,Seguimiento
4.656,-74.072,32,56,1.75,BARRIOS UNIDOS,MUEQUETA,AVENIDA COLOMBIA,CHOQUE,SOLO DANOS,16.0,24.0,8.0,8.0,4,Hotspot persistente con severidad media-alta,Prioridad 2 - Auditoría de seguridad vial,22,8,2,112,1930.0,1468.0,462.0,0.8881786339754816,0.8852597781669586,0.5268534734384122,1.0,0.9427904261529481,84.86164623467602,854,Seguimiento,1940,1866,878,Seguimiento
4.666,-74.147,48,84,1.75,FONTIBON,SABANA GRANDE,AVENIDA CENTENARIO,CHOQUE,SOLO DANOS,14.0,30.0,24.0,16.0,4,Hotspot persistente con severidad media-alta,Prioridad 2 - Auditoría de seguridad vial,34,10,4,184,1094.0,639.0,455.0,0.9338879159369528,0.9348511383537653,0.5268534734384122,1.0,0.9885872737886748,87.68359603035611,540,Seguimiento,1101,1111,234,Seguimiento
4.612,-74.132,34,50,1.4705882352941178,KENNEDY,PROVIVIENDA ORIENTAL,SIN_NMG,CHOQUE,SOLO DANOS,8.0,20.0,14.0,8.0,4,Hotspot exploratorio,Prioridad 3 - Seguimiento,28,4,2,98,2218.0,1765.0,453.0,0.8968768242848804,0.8677758318739054,0.3844424985405721,1.0,0.9427904261529481,81.83771161704612,1074,Seguimiento,2238,1725,1044,Seguimiento
4.605,-74.082,36,92,2.5555555555555554,LOS MARTIRES,VOTO NACIONAL,AVENIDA COLON,ATROPELLO,CON HERIDOS,10.0,26.0,30.0,26.0,4,Hotspot persistente con severidad media-alta,Prioridad 2 - Auditoría de seguridad vial,12,20,4,212,949.0,498.0,451.0,0.9043490951546994,0.9438412142440163,0.8185639229422067,1.0,0.9885872737886748,93.10683012259196,55,Prioridad 2 - Auditoría de seguridad vial,949,1586,112,Hotspot de severidad/fatalidad
4.723,-74.122,58,98,1.6896551724137931,ENGATIVA,EL CORTIJO,AVENIDA MEDELLIN,CHOQUE,SOLO DANOS,12.0,24.0,32.0,30.0,4,Hotspot exploratorio,Prioridad 3 - Seguimiento,44,8,6,234,851.0,400.0,451.0,0.9500291885580853,0.949620548744892,0.5125510799766492,1.0,0.9967308814944542,88.17863397548163,468,Prioridad 3 - Monitoreo y gestión preventiva,857,840,73,Hotspot preventivo prioritario
4.673,-74.153,50,82,1.64,FONTIBON,SABANA GRANDE,AVENIDA CENTENARIO,CHOQUE,SOLO DANOS,38.0,26.0,8.0,10.0,4,Hotspot exploratorio,Prioridad 3 - Seguimiento,38,8,4,178,1141.0,690.0,451.0,0.9377116170461179,0.9324576765907764,0.4546993578517221,1.0,0.9885872737886748,86.26911850554583,696,Seguimiento,1143,1051,262,Seguimiento
4.687,-74.106,30,66,2.2,ENGATIVA,SANTA HELENITA,AVENIDA DEL SALITRE,CHOQUE,CON HERIDOS,14.0,20.0,26.0,6.0,4,Hotspot persistente con severidad media-alta,Prioridad 2 - Auditoría de seguridad vial,14,14,2,134,1567.0,1117.0,450.0,0.8785172212492703,0.9065382370110916,0.7361646234676007,1.0,0.9427904261529481,89.28021015761821,331,Prioridad 3 - Monitoreo y gestión preventiva,1570,2003,474,Hotspot preventivo prioritario
4.669,-74.041,30,66,2.2,CHAPINERO,EL REFUGIO,SIN_NMG,CHOQUE,CON HERIDOS,26.0,10.0,8.0,22.0,4,Hotspot persistente con severidad media-alta,Prioridad 2 - Auditoría de seguridad vial,14,14,2,134,1567.0,1117.0,450.0,0.8785172212492703,0.9065382370110916,0.7361646234676007,1.0,0.9427904261529481,89.28021015761821,333,Prioridad 3 - Monitoreo y gestión preventiva,1572,2005,476,Hotspot preventivo prioritario
4.615,-74.187,30,66,2.2,BOSA,LA PAZ BOSA,SIN_NMG,CHOQUE,CON HERIDOS,6.0,22.0,30.0,8.0,4,Hotspot persistente con severidad media-alta,Prioridad 2 - Auditoría de seguridad vial,14,14,2,134,1567.0,1117.0,450.0,0.8785172212492703,0.9065382370110916,0.7361646234676007,1.0,0.9427904261529481,89.28021015761821,332,Prioridad 3 - Monitoreo y gestión preventiva,1571,2004,475,Hotspot preventivo prioritario
4.63,-74.065,34,46,1.3529411764705883,CHAPINERO,CATALUNA,AVENIDA ALBERTO LLERAS CAMARGO,CHOQUE,SOLO DANOS,2.0,6.0,22.0,16.0,4,Hotspot exploratorio,Prioridad 3 - Seguimiento,30,2,2,90,2425.0,1978.0,447.0,0.8968768242848804,0.8551663747810858,0.34401634559252775,1.0,0.9427904261529481,80.77699941622883,1163,Seguimiento,2447,1729,1062,Seguimiento
4.614,-74.105,32,64,2.0,PUENTE ARANDA,LOS EJIDOS,AVENIDA DE LOS COMUNEROS,CHOQUE,SOLO DANOS,14.0,14.0,16.0,20.0,4,Hotspot persistente con severidad media-alta,Prioridad 2 - Auditoría de seguridad vial,18,12,2,128,1638.0,1191.0,447.0,0.8881786339754816,0.902393461762989,0.648598949211909,1.0,0.9427904261529481,87.63922942206655,551,Seguimiento,1647,1856,635,Seguimiento
4.585,-74.134,32,64,2.0,TUNJUELITO,SAMORE,AVENIDA JORGE GAITAN CORTES,CHOQUE,SOLO DANOS,22.0,18.0,10.0,14.0,4,Hotspot persistente con severidad media-alta,Prioridad 2 - Auditoría de seguridad vial,18,12,2,128,1638.0,1191.0,447.0,0.8881786339754816,0.902393461762989,0.648598949211909,1.0,0.9427904261529481,87.63922942206655,553,Seguimiento,1649,1858,637,Seguimiento
4.681,-74.156,32,64,2.0,FONTIBON,EL CHANCO I,AVENIDA CENTENARIO,CHOQUE,SOLO DANOS,8.0,6.0,14.0,36.0,4,Hotspot persistente con severidad media-alta,Prioridad 2 - Auditoría de seguridad vial,18,12,2,128,1638.0,1191.0,447.0,0.8881786339754816,0.902393461762989,0.648598949211909,1.0,0.9427904261529481,87.63922942206655,552,Seguimiento,1648,1857,636,Seguimiento
4.665,-74.119,32,64,2.0,FONTIBON,MODELIA,AVENIDA LUIS CARLOS GALAN,CHOQUE,SOLO DANOS,10.0,24.0,18.0,12.0,4,Hotspot persistente con severidad media-alta,Prioridad 2 - Auditoría de seguridad vial,18,12,2,128,1638.0,1191.0,447.0,0.8881786339754816,0.902393461762989,0.648598949211909,1.0,0.9427904261529481,87.63922942206655,550,Seguimiento,1646,1855,634,Seguimiento
4.531,-74.121,32,64,2.0,USME,EL MOCHUELO ORIENTAL,AVENIDA CARACAS,CHOQUE,SOLO DANOS,32.0,8.0,12.0,12.0,4,Hotspot persistente con severidad media-alta,Prioridad 2 - Auditoría de seguridad vial,18,12,2,128,1638.0,1191.0,447.0,0.8881786339754816,0.902393461762989,0.648598949211909,1.0,0.9427904261529481,87.63922942206655,549,Seguimiento,1645,1854,633,Seguimiento
4.655,-74.063,32,64,2.0,CHAPINERO,QUINTA CAMACHO,AVENIDA CARACAS,CHOQUE,SOLO DANOS,8.0,16.0,28.0,12.0,4,Hotspot persistente con severidad media-alta,Prioridad 2 - Auditoría de seguridad vial,18,12,2,128,1638.0,1191.0,447.0,0.8881786339754816,0.902393461762989,0.648598949211909,1.0,0.9427904261529481,87.63922942206655,554,Seguimiento,1650,1859,638,Seguimiento
4.624,-74.083,34,46,1.3529411764705883,LOS MARTIRES,USATAMA,AVENIDA CIUDAD DE QUITO,CHOQUE,SOLO DANOS,4.0,16.0,12.0,14.0,4,Hotspot exploratorio,Prioridad 3 - Seguimiento,30,2,2,90,2425.0,1978.0,447.0,0.8968768242848804,0.8551663747810858,0.34401634559252775,1.0,0.9427904261529481,80.77699941622883,1162,Seguimiento,2446,1728,1061,Seguimiento
4.522,-74.118,28,72,2.5714285714285716,USME,BARRANQUILLITA,AVENIDA CARACAS,CHOQUE,CON HERIDOS,30.0,22.0,6.0,14.0,4,Hotspot persistente con severidad media-alta,Prioridad 2 - Auditoría de seguridad vial,8,18,2,148,1395.0,951.0,444.0,0.8681260945709282,0.9171920607122008,0.8194979568009341,1.0,0.9427904261529481,90.95213076474022,183,Prioridad 2 - Auditoría de seguridad vial,1396,2175,392,Hotspot preventivo prioritario
4.626,-74.191,34,94,2.764705882352941,BOSA,ESCOCIA,SIN_NMG,ATROPELLO,CON HERIDOS,44.0,14.0,16.0,20.0,4,Hotspot persistente con severidad media-alta,Prioridad 2 - Auditoría de seguridad vial,8,22,4,218,914.0,472.0,442.0,0.8968768242848804,0.9457092819614711,0.8367775831873906,1.0,0.9885872737886748,93.35901926444834,47,Prioridad 1 - Intervención prioritaria,914,1695,108,Hotspot de severidad/fatalidad
4.613,-74.141,34,58,1.7058823529411764,KENNEDY,PROVIVIENDA OCCIDENTAL,AVENIDA BOYACA,CHOQUE,SOLO DANOS,26.0,16.0,6.0,10.0,4,Hotspot persistente con severidad media-alta,Prioridad 2 - Auditoría de seguridad vial,24,8,2,114,1868.0,1427.0,441.0,0.8968768242848804,0.8892294220665499,0.5148569760653824,1.0,0.9427904261529481,84.8750729713952,852,Seguimiento,1882,1720,877,Seguimiento
4.755,-74.08,34,58,1.7058823529411764,SUBA,SALITRE SUBA,SIN_NMG,CHOQUE,SOLO DANOS,30.0,2.0,12.0,14.0,4,Hotspot persistente con severidad media-alta,Prioridad 2 - Auditoría de seguridad vial,24,8,2,114,1868.0,1427.0,441.0,0.8968768242848804,0.8892294220665499,0.5148569760653824,1.0,0.9427904261529481,84.8750729713952,851,Seguimiento,1881,1719,876,Seguimiento
4.692,-74.035,44,88,2.0,USAQUEN,SANTA ANA OCCIDENTAL,AVENIDA LAUREANO GOMEZ,CHOQUE,SOLO DANOS,14.0,14.0,30.0,30.0,4,Hotspot persistente con severidad media-alta,Prioridad 2 - Auditoría de seguridad vial,26,14,4,196,1013.0,572.0,441.0,0.9251313485113836,0.9398423817863397,0.648598949211909,1.0,0.9885872737886748,90.04319906596614,266,Prioridad 3 - Monitoreo y gestión preventiva,1016,1253,175,Hotspot preventivo prioritario
4.59,-74.077,44,88,2.0,SANTA FE,SANTA BARBARA,SIN_NMG,CHOQUE,SOLO DANOS,8.0,12.0,18.0,50.0,4,Hotspot persistente con severidad media-alta,Prioridad 2 - Auditoría de seguridad vial,26,14,4,196,1013.0,572.0,441.0,0.9251313485113836,0.9398423817863397,0.648598949211909,1.0,0.9885872737886748,90.04319906596614,267,Prioridad 3 - Monitoreo y gestión preventiva,1017,1254,176,Hotspot preventivo prioritario
4.669,-74.123,54,102,1.8888888888888888,FONTIBON,MODELIA OCCIDENTAL,SIN_NMG,CHOQUE,SOLO DANOS,14.0,30.0,34.0,24.0,4,Hotspot persistente con severidad media-alta,Prioridad 2 - Auditoría de seguridad vial,36,12,6,246,787.0,353.0,434.0,0.9440163455925278,0.9531523642732049,0.5783129013426737,1.0,0.9967308814944542,89.4442498540572,322,Prioridad 3 - Monitoreo y gestión preventiva,793,935,64,Hotspot preventivo prioritario
4.667,-74.074,34,54,1.588235294117647,BARRIOS UNIDOS,LA MERCED NORTE,AVENIDA CIUDAD DE QUITO,CHOQUE,SOLO DANOS,34.0,4.0,8.0,8.0,4,Hotspot exploratorio,Prioridad 3 - Seguimiento,26,6,2,106,2005.0,1579.0,426.0,0.8968768242848804,0.8798015178050205,0.44179801517805023,1.0,0.9427904261529481,83.22533566841798,945,Seguimiento,2026,1722,960,Seguimiento
4.698,-74.07,34,54,1.588235294117647,SUBA,JULIO FLOREZ,AVENIDA ALFREDO D BATEMAN,CHOQUE,SOLO DANOS,26.0,8.0,10.0,10.0,4,Hotspot exploratorio,Prioridad 3 - Seguimiento,26,6,2,106,2005.0,1579.0,426.0,0.8968768242848804,0.8798015178050205,0.44179801517805023,1.0,0.9427904261529481,83.22533566841798,944,Seguimiento,2025,1721,959,Seguimiento
4.671,-74.055,34,54,1.588235294117647,CHAPINERO,ANTIGUO COUNTRY,AVENIDA PASEO DEL COUNTRY,CHOQUE,SOLO DANOS,10.0,8.0,20.0,16.0,4,Hotspot exploratorio,Prioridad 3 - Seguimiento,26,6,2,106,2005.0,1579.0,426.0,0.8968768242848804,0.8798015178050205,0.44179801517805023,1.0,0.9427904261529481,83.22533566841798,946,Seguimiento,2027,1723,961,Seguimiento
4.688,-74.096,34,62,1.8235294117647058,ENGATIVA,SANTA MARIA,AVENIDA CHILE,CHOQUE,SOLO DANOS,8.0,20.0,22.0,12.0,4,Hotspot persistente con severidad media-alta,Prioridad 2 - Auditoría de seguridad vial,22,10,2,122,1709.0,1285.0,424.0,0.8968768242848804,0.8977816695855225,0.5584354932866317,1.0,0.9427904261529481,85.91768826619966,745,Seguimiento,1726,1717,780,Seguimiento
4.739,-74.087,34,62,1.8235294117647058,SUBA,LAS FLORES,AVENIDA TRANSVERSAL DE SUBA,CHOQUE,SOLO DANOS,36.0,20.0,4.0,2.0,4,Hotspot persistente con severidad media-alta,Prioridad 2 - Auditoría de seguridad vial,22,10,2,122,1709.0,1285.0,424.0,0.8968768242848804,0.8977816695855225,0.5584354932866317,1.0,0.9427904261529481,85.91768826619966,744,Seguimiento,1725,1716,779,Seguimiento
4.581,-74.121,30,70,2.3333333333333335,RAFAEL URIBE URIBE,QUIROGA SUR,AVENIDA MARISCAL SUCRE,CHOQUE,CON HERIDOS,18.0,24.0,0.0,28.0,3,Hotspot persistente con severidad media-alta,Prioridad 2 - Auditoría de seguridad vial,12,16,2,142,1445.0,1026.0,419.0,0.8785172212492703,0.9138061879743141,0.7728838295388207,0.75,0.9427904261529481,85.15995329830707,821,Seguimiento,1461,2022,849,Seguimiento
4.676,-74.073,30,70,2.3333333333333335,BARRIOS UNIDOS,JORGE ELIECER GAITAN,SIN_NMG,CHOQUE,CON HERIDOS,2.0,10.0,30.0,28.0,4,Hotspot persistente con severidad media-alta,Prioridad 2 - Auditoría de seguridad vial,12,16,2,142,1445.0,1026.0,419.0,0.8785172212492703,0.9138061879743141,0.7728838295388207,1.0,0.9427904261529481,90.15995329830707,249,Prioridad 3 - Monitoreo y gestión preventiva,1447,1999,425,Hotspot preventivo prioritario
4.622,-74.074,30,70,2.3333333333333335,TEUSAQUILLO,TEUSAQUILLO,AVENIDA MARISCAL SUCRE,CHOQUE,CON HERIDOS,34.0,8.0,2.0,26.0,4,Hotspot persistente con severidad media-alta,Prioridad 2 - Auditoría de seguridad vial,12,16,2,142,1445.0,1026.0,419.0,0.8785172212492703,0.9138061879743141,0.7728838295388207,1.0,0.9427904261529481,90.15995329830707,250,Prioridad 3 - Monitoreo y gestión preventiva,1448,2000,426,Hotspot preventivo prioritario
4.604,-74.194,30,70,2.3333333333333335,BOSA,EL RETAZO,SIN_NMG,CHOQUE,CON HERIDOS,8.0,8.0,0.0,54.0,3,Hotspot persistente con severidad media-alta,Prioridad 2 - Auditoría de seguridad vial,12,16,2,142,1445.0,1026.0,419.0,0.8785172212492703,0.9138061879743141,0.7728838295388207,0.75,0.9427904261529481,85.15995329830707,820,Seguimiento,1460,2021,848,Seguimiento
4.583,-74.127,32,68,2.125,RAFAEL URIBE URIBE,CLARET,AVENIDA SANTA LUCIA,CHOQUE,SOLO DANOS,12.0,24.0,8.0,24.0,4,Hotspot persistente con severidad media-alta,Prioridad 2 - Auditoría de seguridad vial,16,14,2,136,1511.0,1093.0,418.0,0.8881786339754816,0.910245183887916,0.7181552831290134,1.0,0.9427904261529481,89.18739054290718,350,Prioridad 3 - Monitoreo y gestión preventiva,1516,1850,491,Hotspot preventivo prioritario
4.604,-74.131,32,68,2.125,PUENTE ARANDA,ALQUERIA,SIN_NMG,CHOQUE,SOLO DANOS,16.0,22.0,18.0,12.0,4,Hotspot persistente con severidad media-alta,Prioridad 2 - Auditoría de seguridad vial,16,14,2,136,1511.0,1093.0,418.0,0.8881786339754816,0.910245183887916,0.7181552831290134,1.0,0.9427904261529481,89.18739054290718,351,Prioridad 3 - Monitoreo y gestión preventiva,1517,1851,492,Hotspot preventivo prioritario
4.587,-74.144,32,68,2.125,TUNJUELITO,VENECIA OCCIDENTAL,AVENIDA BOYACA,CHOQUE,SOLO DANOS,12.0,18.0,30.0,8.0,4,Hotspot persistente con severidad media-alta,Prioridad 2 - Auditoría de seguridad vial,16,14,2,136,1511.0,1093.0,418.0,0.8881786339754816,0.910245183887916,0.7181552831290134,1.0,0.9427904261529481,89.18739054290718,349,Prioridad 3 - Monitoreo y gestión preventiva,1515,1849,490,Hotspot preventivo prioritario
4.618,-74.088,56,112,2.0,PUENTE ARANDA,ESTACION CENTRAL,AVENIDA CIUDAD DE LIMA,CHOQUE,SOLO DANOS,22.0,22.0,34.0,34.0,4,Hotspot persistente con severidad media-alta,Prioridad 2 - Auditoría de seguridad vial,36,12,8,296,659.0,242.0,417.0,0.9471395213076474,0.961004086398132,0.648598949211909,1.0,0.998861646234676,91.11208406304728,168,Prioridad 2 - Auditoría de seguridad vial,663,888,18,Hotspot de severidad/fatalidad
4.598,-74.1,30,74,2.466666666666667,LOS MARTIRES,SANTA ISABEL SUR,AVENIDA GENERAL SANTANDER,CHOQUE,CON HERIDOS,12.0,22.0,28.0,12.0,4,Hotspot persistente con severidad media-alta,Prioridad 2 - Auditoría de seguridad vial,10,18,2,150,1342.0,927.0,415.0,0.8785172212492703,0.9202276707530648,0.8021307647402218,1.0,0.9427904261529481,90.87332165791011,191,Prioridad 2 - Auditoría de seguridad vial,1344,1995,396,Hotspot preventivo prioritario
4.561,-74.111,30,74,2.466666666666667,RAFAEL URIBE URIBE,PUERTO RICO,SIN_NMG,CHOQUE,CON HERIDOS,10.0,30.0,14.0,20.0,4,Hotspot persistente con severidad media-alta,Prioridad 2 - Auditoría de seguridad vial,10,18,2,150,1342.0,927.0,415.0,0.8785172212492703,0.9202276707530648,0.8021307647402218,1.0,0.9427904261529481,90.87332165791011,193,Prioridad 2 - Auditoría de seguridad vial,1346,1997,398,Hotspot preventivo prioritario
4.614,-74.167,30,74,2.466666666666667,KENNEDY,CATALINA,AVENIDA PRIMERO DE MAYO,CHOQUE,CON HERIDOS,10.0,14.0,40.0,10.0,4,Hotspot persistente con severidad media-alta,Prioridad 2 - Auditoría de seguridad vial,10,18,2,150,1342.0,927.0,415.0,0.8785172212492703,0.9202276707530648,0.8021307647402218,1.0,0.9427904261529481,90.87332165791011,192,Prioridad 2 - Auditoría de seguridad vial,1345,1996,397,Hotspot preventivo prioritario
4.682,-74.117,42,94,2.238095238095238,ENGATIVA,LOS ALAMOS,AVENIDA CIUDAD DE CALI,CHOQUE,SOLO DANOS,6.0,20.0,12.0,56.0,4,Hotspot persistente con severidad media-alta,Prioridad 2 - Auditoría de seguridad vial,20,18,4,210,914.0,505.0,409.0,0.9201984821949796,0.9457092819614711,0.7457092819614711,1.0,0.9885872737886748,92.00408639813193,123,Prioridad 2 - Auditoría de seguridad vial,916,1328,127,Hotspot de severidad/fatalidad
4.633,-74.072,42,94,2.238095238095238,TEUSAQUILLO,SANTA TERESITA,SIN_NMG,CHOQUE,SOLO DANOS,30.0,24.0,26.0,14.0,4,Hotspot persistente con severidad media-alta,Prioridad 2 - Auditoría de seguridad vial,20,18,4,210,914.0,505.0,409.0,0.9201984821949796,0.9457092819614711,0.7457092819614711,1.0,0.9885872737886748,92.00408639813193,124,Prioridad 2 - Auditoría de seguridad vial,917,1329,128,Hotspot de severidad/fatalidad
4.617,-74.151,48,92,1.9166666666666667,KENNEDY,CIUDAD KENNEDY ORIENTAL,AVENIDA PRIMERO DE MAYO,CHOQUE,SOLO DANOS,14.0,32.0,14.0,32.0,4,Hotspot persistente con severidad media-alta,Prioridad 2 - Auditoría de seguridad vial,30,14,4,200,949.0,548.0,401.0,0.9338879159369528,0.9438412142440163,0.5859894921190894,1.0,0.9885872737886748,89.04611792177468,364,Prioridad 3 - Monitoreo y gestión preventiva,951,1107,200,Hotspot preventivo prioritario
4.606,-74.098,36,48,1.3333333333333333,LOS MARTIRES,VERAGUAS,AVENIDA DE LOS COMUNEROS,CHOQUE,SOLO DANOS,6.0,24.0,12.0,6.0,4,Hotspot exploratorio,Prioridad 3 - Seguimiento,32,2,2,92,2316.0,1918.0,398.0,0.9043490951546994,0.8617046117921775,0.3352305896088733,1.0,0.9427904261529481,80.88149445417396,1157,Seguimiento,2336,1614,1059,Seguimiento
4.708,-74.048,36,48,1.3333333333333333,USAQUEN,LA CALLEJA,AVENIDA SANTA BARBARA,CHOQUE,SOLO DANOS,14.0,10.0,20.0,4.0,4,Hotspot exploratorio,Prioridad 3 - Seguimiento,32,2,2,92,2316.0,1918.0,398.0,0.9043490951546994,0.8617046117921775,0.3352305896088733,1.0,0.9427904261529481,80.88149445417396,1158,Seguimiento,2337,1615,1060,Seguimiento
4.687,-74.045,36,60,1.6666666666666667,USAQUEN,RINCON DEL CHICO,AVENIDA LAUREANO GOMEZ,CHOQUE,SOLO DANOS,22.0,8.0,10.0,20.0,4,Hotspot exploratorio,Prioridad 3 - Seguimiento,26,8,2,116,1796.0,1398.0,398.0,0.9043490951546994,0.8931406888499708,0.48362521891418564,1.0,0.9427904261529481,84.47810858143609,887,Seguimiento,1813,1603,910,Seguimiento
4.559,-74.139,36,60,1.6666666666666667,CIUDAD BOLIVAR,LUCERO ALTO,AVENIDA BOYACA,CHOQUE,SOLO DANOS,26.0,4.0,22.0,8.0,4,Hotspot exploratorio,Prioridad 3 - Seguimiento,26,8,2,116,1796.0,1398.0,398.0,0.9043490951546994,0.8931406888499708,0.48362521891418564,1.0,0.9427904261529481,84.47810858143609,888,Seguimiento,1814,1604,911,Seguimiento
4.694,-74.168,36,60,1.6666666666666667,FONTIBON,KASANDRA,AVENIDA CENTENARIO,CHOQUE,SOLO DANOS,34.0,6.0,12.0,8.0,4,Hotspot exploratorio,Prioridad 3 - Seguimiento,26,8,2,116,1796.0,1398.0,398.0,0.9043490951546994,0.8931406888499708,0.48362521891418564,1.0,0.9427904261529481,84.47810858143609,886,Seguimiento,1812,1602,909,Seguimiento
4.631,-74.19,40,96,2.4,BOSA,LA CABANA,AVENIDA TINTAL,CHOQUE,CON HERIDOS,32.0,14.0,8.0,42.0,4,Hotspot persistente con severidad media-alta,Prioridad 2 - Auditoría de seguridad vial,16,20,4,216,878.0,482.0,396.0,0.9147110332749562,0.9477816695855225,0.7953298307063631,1.0,0.9885872737886748,92.92819614711034,64,Prioridad 2 - Auditoría de seguridad vial,879,1416,114,Hotspot de severidad/fatalidad
4.626,-74.08,34,66,1.9411764705882353,TEUSAQUILLO,LAS AMERICAS,AVENIDA JORGE ELIECER GAITAN,CHOQUE,SOLO DANOS,10.0,18.0,32.0,6.0,4,Hotspot persistente con severidad media-alta,Prioridad 2 - Auditoría de seguridad vial,20,12,2,130,1567.0,1172.0,395.0,0.8968768242848804,0.9065382370110916,0.5900175131348512,1.0,0.9427904261529481,86.72446001167543,653,Seguimiento,1574,1715,714,Seguimiento
4.519,-74.122,36,56,1.5555555555555556,USME,GRANADA SUR,SIN_NMG,CHOQUE,SOLO DANOS,12.0,28.0,10.0,6.0,4,Hotspot exploratorio,Prioridad 3 - Seguimiento,28,6,2,108,1930.0,1537.0,393.0,0.9043490951546994,0.8852597781669586,0.4286339754816112,1.0,0.9427904261529481,83.22066549912435,948,Seguimiento,1941,1605,962,Seguimiento
4.622,-74.111,32,72,2.25,PUENTE ARANDA,SAN RAFAEL INDUSTRIAL,SIN_NMG,CHOQUE,CON HERIDOS,26.0,14.0,16.0,16.0,4,Hotspot persistente con severidad media-alta,Prioridad 2 - Auditoría de seguridad vial,14,16,2,144,1395.0,1002.0,393.0,0.8881786339754816,0.9171920607122008,0.7480735551663747,1.0,0.9427904261529481,89.92469352014011,278,Prioridad 3 - Monitoreo y gestión preventiva,1398,1848,441,Hotspot preventivo prioritario
4.596,-74.158,50,90,1.8,CIUDAD BOLIVAR,MADELENA,AVENIDA DEL SUR,CHOQUE,SOLO DANOS,22.0,22.0,14.0,32.0,4,Hotspot persistente con severidad media-alta,Prioridad 2 - Auditoría de seguridad vial,34,12,4,194,979.0,588.0,391.0,0.9377116170461179,0.9419439579684764,0.5462346760070053,1.0,0.9885872737886748,88.28955049620548,458,Prioridad 3 - Monitoreo y gestión preventiva,982,1047,215,Hotspot preventivo prioritario
4.578,-74.085,32,76,2.375,SAN CRISTOBAL,SANTA ANA SUR,SIN_NMG,CHOQUE,CON HERIDOS,10.0,18.0,28.0,20.0,4,Hotspot persistente con severidad media-alta,Prioridad 2 - Auditoría de seguridad vial,12,18,2,152,1289.0,900.0,389.0,0.8881786339754816,0.923292469352014,0.7932866316403969,1.0,0.9427904261529481,90.9509632224168,184,Prioridad 2 - Auditoría de seguridad vial,1290,1843,393,Hotspot preventivo prioritario
4.62,-74.189,32,76,2.375,BOSA,BOSA NOVA,SIN_NMG,CHOQUE,CON HERIDOS,26.0,24.0,18.0,8.0,4,Hotspot persistente con severidad media-alta,Prioridad 2 - Auditoría de seguridad vial,12,18,2,152,1289.0,900.0,389.0,0.8881786339754816,0.923292469352014,0.7932866316403969,1.0,0.9427904261529481,90.9509632224168,185,Prioridad 2 - Auditoría de seguridad vial,1291,1844,394,Hotspot preventivo prioritario
4.604,-74.075,30,78,2.6,SANTA FE,VERACRUZ,AVENIDA FERNANDO MAZUERA,ATROPELLO,CON HERIDOS,20.0,24.0,16.0,18.0,4,Hotspot persistente con severidad media-alta,Prioridad 2 - Auditoría de seguridad vial,8,20,2,158,1232.0,843.0,389.0,0.8785172212492703,0.9265032107413894,0.8236135434909515,1.0,0.9427904261529481,91.42848803269118,148,Prioridad 2 - Auditoría de seguridad vial,1234,1994,376,Hotspot preventivo prioritario
4.626,-74.192,34,70,2.0588235294117645,BOSA,CHICO SUR,SIN_NMG,CHOQUE,SOLO DANOS,18.0,22.0,26.0,4.0,4,Hotspot persistente con severidad media-alta,Prioridad 2 - Auditoría de seguridad vial,18,14,2,138,1445.0,1068.0,377.0,0.8968768242848804,0.9138061879743141,0.7061587857559837,1.0,0.9427904261529481,89.19264448336254,346,Prioridad 3 - Monitoreo y gestión preventiva,1455,1711,487,Hotspot preventivo prioritario
4.605,-74.095,52,92,1.7692307692307692,LOS MARTIRES,RICAURTE,AVENIDA GENERAL SANTANDER,CHOQUE,SOLO DANOS,6.0,32.0,14.0,40.0,4,Hotspot persistente con severidad media-alta,Prioridad 2 - Auditoría de seguridad vial,36,12,4,196,949.0,572.0,377.0,0.9408347927612376,0.9438412142440163,0.5328955049620548,1.0,0.9885872737886748,88.12317571511967,488,Prioridad 3 - Monitoreo y gestión preventiva,955,999,221,Hotspot preventivo prioritario
4.625,-74.138,34,70,2.0588235294117645,KENNEDY,HIPOTECHO OCCIDENTAL,AVENIDA BOYACA,CHOQUE,SOLO DANOS,22.0,14.0,22.0,12.0,4,Hotspot persistente con severidad media-alta,Prioridad 2 - Auditoría de seguridad vial,18,14,2,138,1445.0,1068.0,377.0,0.8968768242848804,0.9138061879743141,0.7061587857559837,1.0,0.9427904261529481,89.19264448336254,345,Prioridad 3 - Monitoreo y gestión preventiva,1454,1710,486,Hotspot preventivo prioritario
4.562,-74.13,34,70,2.0588235294117645,TUNJUELITO,SAN CARLOS,AVENIDA TUNJUELITO,CHOQUE,SOLO DANOS,28.0,30.0,2.0,10.0,4,Hotspot persistente con severidad media-alta,Prioridad 2 - Auditoría de seguridad vial,18,14,2,138,1445.0,1068.0,377.0,0.8968768242848804,0.9138061879743141,0.7061587857559837,1.0,0.9427904261529481,89.19264448336254,348,Prioridad 3 - Monitoreo y gestión preventiva,1457,1713,489,Hotspot preventivo prioritario
4.595,-74.146,34,70,2.0588235294117645,KENNEDY,LAS DELICIAS,AVENIDA DEL SUR,CHOQUE,SOLO DANOS,4.0,12.0,22.0,32.0,4,Hotspot persistente con severidad media-alta,Prioridad 2 - Auditoría de seguridad vial,18,14,2,138,1445.0,1068.0,377.0,0.8968768242848804,0.9138061879743141,0.7061587857559837,1.0,0.9427904261529481,89.19264448336254,347,Prioridad 3 - Monitoreo y gestión preventiva,1456,1712,488,Hotspot preventivo prioritario
4.636,-74.064,34,70,2.0588235294117645,CHAPINERO,PARDO RUBIO,AVENIDA ALBERTO LLERAS CAMARGO,CHOQUE,SOLO DANOS,2.0,18.0,22.0,28.0,4,Hotspot persistente con severidad media-alta,Prioridad 2 - Auditoría de seguridad vial,18,14,2,138,1445.0,1068.0,377.0,0.8968768242848804,0.9138061879743141,0.7061587857559837,1.0,0.9427904261529481,89.19264448336254,343,Prioridad 3 - Monitoreo y gestión preventiva,1452,1708,484,Hotspot preventivo prioritario
4.635,-74.064,34,70,2.0588235294117645,CHAPINERO,PARDO RUBIO,AVENIDA ALBERTO LLERAS CAMARGO,CHOQUE,SOLO DANOS,10.0,30.0,14.0,16.0,4,Hotspot persistente con severidad media-alta,Prioridad 2 - Auditoría de seguridad vial,18,14,2,138,1445.0,1068.0,377.0,0.8968768242848804,0.9138061879743141,0.7061587857559837,1.0,0.9427904261529481,89.19264448336254,342,Prioridad 3 - Monitoreo y gestión preventiva,1451,1707,483,Hotspot preventivo prioritario
4.61,-74.095,34,70,2.0588235294117645,PUENTE ARANDA,RICAURTE,AVENIDA CIUDAD DE QUITO,CHOQUE,SOLO DANOS,16.0,12.0,14.0,28.0,4,Hotspot persistente con severidad media-alta,Prioridad 2 - Auditoría de seguridad vial,18,14,2,138,1445.0,1068.0,377.0,0.8968768242848804,0.9138061879743141,0.7061587857559837,1.0,0.9427904261529481,89.19264448336254,344,Prioridad 3 - Monitoreo y gestión preventiva,1453,1709,485,Hotspot preventivo prioritario
4.577,-74.096,50,122,2.44,ANTONIO NARIÑO,CIUDAD JARDIN SUR,SIN_NMG,CHOQUE,SOLO DANOS,52.0,24.0,10.0,36.0,4,Hotspot persistente con severidad media-alta,Prioridad 2 - Auditoría de seguridad vial,22,20,8,322,575.0,202.0,373.0,0.9377116170461179,0.9660537069468769,0.8005837711617046,1.0,0.998861646234676,94.06421482778751,24,Prioridad 1 - Intervención prioritaria,575,1039,14,Hotspot de severidad/fatalidad
4.74,-74.032,34,74,2.176470588235294,USAQUEN,LA PRADERA NORTE,AVENIDA LAUREANO GOMEZ,CHOQUE,CON HERIDOS,24.0,18.0,8.0,24.0,4,Hotspot persistente con severidad media-alta,Prioridad 2 - Auditoría de seguridad vial,16,16,2,146,1342.0,973.0,369.0,0.8968768242848804,0.9202276707530648,0.7273788674839463,1.0,0.9427904261529481,89.74547577349679,294,Prioridad 3 - Monitoreo y gestión preventiva,1350,1705,450,Hotspot preventivo prioritario
4.622,-74.086,34,74,2.176470588235294,PUENTE ARANDA,COLSEGUROS,AVENIDA CIUDAD DE QUITO,CHOQUE,CON HERIDOS,36.0,8.0,20.0,10.0,4,Hotspot persistente con severidad media-alta,Prioridad 2 - Auditoría de seguridad vial,16,16,2,146,1342.0,973.0,369.0,0.8968768242848804,0.9202276707530648,0.7273788674839463,1.0,0.9427904261529481,89.74547577349679,295,Prioridad 3 - Monitoreo y gestión preventiva,1351,1706,451,Hotspot preventivo prioritario
4.585,-74.16,34,74,2.176470588235294,CIUDAD BOLIVAR,EL ENSUENO,AVENIDA CIUDAD DE VILLAVICENCIO,CHOQUE,CON HERIDOS,10.0,24.0,18.0,22.0,4,Hotspot persistente con severidad media-alta,Prioridad 2 - Auditoría de seguridad vial,16,16,2,146,1342.0,973.0,369.0,0.8968768242848804,0.9202276707530648,0.7273788674839463,1.0,0.9427904261529481,89.74547577349679,292,Prioridad 3 - Monitoreo y gestión preventiva,1348,1703,448,Hotspot preventivo prioritario
4.568,-74.101,34,74,2.176470588235294,RAFAEL URIBE URIBE,SAN ISIDRO,AVENIDA FERNANDO MAZUERA,CHOQUE,CON HERIDOS,14.0,2.0,32.0,26.0,4,Hotspot persistente con severidad media-alta,Prioridad 2 - Auditoría de seguridad vial,16,16,2,146,1342.0,973.0,369.0,0.8968768242848804,0.9202276707530648,0.7273788674839463,1.0,0.9427904261529481,89.74547577349679,293,Prioridad 3 - Monitoreo y gestión preventiva,1349,1704,449,Hotspot preventivo prioritario
4.637,-74.117,36,68,1.8888888888888888,PUENTE ARANDA,CENTRO INDUSTRIAL,AVENIDA CENTENARIO,CHOQUE,SOLO DANOS,14.0,16.0,16.0,22.0,4,Hotspot persistente con severidad media-alta,Prioridad 2 - Auditoría de seguridad vial,22,12,2,132,1511.0,1146.0,365.0,0.9043490951546994,0.910245183887916,0.5783129013426737,1.0,0.9427904261529481,86.71395213076474,655,Seguimiento,1520,1600,716,Seguimiento
4.636,-74.161,36,68,1.8888888888888888,KENNEDY,MARIA PAZ,AVENIDA CIUDAD DE CALI,CHOQUE,SOLO DANOS,4.0,20.0,18.0,26.0,4,Hotspot persistente con severidad media-alta,Prioridad 2 - Auditoría de seguridad vial,22,12,2,132,1511.0,1146.0,365.0,0.9043490951546994,0.910245183887916,0.5783129013426737,1.0,0.9427904261529481,86.71395213076474,654,Seguimiento,1519,1599,715,Seguimiento
4.596,-74.171,46,98,2.130434782608696,BOSA,LA ESTANCIA,AVENIDA DEL SUR,CHOQUE,SOLO DANOS,20.0,36.0,26.0,16.0,4,Hotspot persistente con severidad media-alta,Prioridad 2 - Auditoría de seguridad vial,24,18,4,214,851.0,490.0,361.0,0.9296555750145943,0.949620548744892,0.7187974314068885,1.0,0.9885872737886748,91.733216579101,134,Prioridad 2 - Auditoría de seguridad vial,852,1172,130,Hotspot de severidad/fatalidad
4.614,-74.165,34,78,2.2941176470588234,KENNEDY,CATALINA,AVENIDA PRIMERO DE MAYO,CHOQUE,CON HERIDOS,14.0,36.0,8.0,20.0,4,Hotspot persistente con severidad media-alta,Prioridad 2 - Auditoría de seguridad vial,14,18,2,154,1232.0,879.0,353.0,0.8968768242848804,0.9265032107413894,0.7528021015761821,1.0,0.9427904261529481,90.379451255108,237,Prioridad 3 - Monitoreo y gestión preventiva,1238,1700,420,Hotspot preventivo prioritario
4.609,-74.077,34,78,2.2941176470588234,LOS MARTIRES,LA FAVORITA,AVENIDA CIUDAD DE LIMA,ATROPELLO,CON HERIDOS,0.0,18.0,26.0,34.0,3,Hotspot persistente con severidad media-alta,Prioridad 2 - Auditoría de seguridad vial,14,18,2,154,1232.0,879.0,353.0,0.8968768242848804,0.9265032107413894,0.7528021015761821,0.75,0.9427904261529481,85.37945125510798,789,Seguimiento,1244,1718,819,Seguimiento
4.589,-74.119,32,80,2.5,ANTONIO NARIÑO,EDUARDO FREY,AVENIDA GENERAL SANTANDER,CHOQUE,CON HERIDOS,14.0,22.0,32.0,12.0,4,Hotspot persistente con severidad media-alta,Prioridad 2 - Auditoría de seguridad vial,10,20,2,160,1176.0,825.0,351.0,0.8881786339754816,0.9298015178050204,0.809748978400467,1.0,0.9427904261529481,91.41039112667833,150,Prioridad 2 - Auditoría de seguridad vial,1178,1842,377,Hotspot preventivo prioritario
4.63,-74.193,42,102,2.4285714285714284,BOSA,LA LIBERTAD,AVENIDA TINTAL,CHOQUE,CON HERIDOS,18.0,16.0,34.0,34.0,4,Hotspot persistente con severidad media-alta,Prioridad 2 - Auditoría de seguridad vial,16,22,4,226,787.0,438.0,349.0,0.9201984821949796,0.9531523642732049,0.7985113835376533,1.0,0.9885872737886748,93.20899007589026,52,Prioridad 2 - Auditoría de seguridad vial,787,1327,110,Hotspot de severidad/fatalidad
4.577,-74.114,42,102,2.4285714285714284,RAFAEL URIBE URIBE,QUIROGA,SIN_NMG,CHOQUE,CON HERIDOS,0.0,36.0,30.0,36.0,3,Hotspot persistente con severidad media-alta,Prioridad 2 - Auditoría de seguridad vial,16,22,4,226,787.0,438.0,349.0,0.9201984821949796,0.9531523642732049,0.7985113835376533,0.75,0.9885872737886748,88.20899007589024,466,Prioridad 3 - Monitoreo y gestión preventiva,796,1337,216,Hotspot preventivo prioritario
4.561,-74.125,36,72,2.0,TUNJUELITO,TUNJUELITO,SIN_NMG,CHOQUE,SOLO DANOS,20.0,32.0,18.0,2.0,4,Hotspot persistente con severidad media-alta,Prioridad 2 - Auditoría de seguridad vial,20,14,2,140,1395.0,1047.0,348.0,0.9043490951546994,0.9171920607122008,0.648598949211909,1.0,0.9427904261529481,88.25861062463514,463,Prioridad 3 - Monitoreo y gestión preventiva,1400,1598,577,Hotspot preventivo prioritario
4.716,-74.1,36,72,2.0,ENGATIVA,CIUDAD BACHUE,AVENIDA MORISCA,CHOQUE,SOLO DANOS,4.0,12.0,28.0,28.0,4,Hotspot persistente con severidad media-alta,Prioridad 2 - Auditoría de seguridad vial,20,14,2,140,1395.0,1047.0,348.0,0.9043490951546994,0.9171920607122008,0.648598949211909,1.0,0.9427904261529481,88.25861062463514,462,Prioridad 3 - Monitoreo y gestión preventiva,1399,1597,576,Hotspot preventivo prioritario
4.66,-74.078,56,112,2.0,BARRIOS UNIDOS,SAN MIGUEL,AVENIDA CIUDAD DE QUITO,CHOQUE,SOLO DANOS,24.0,44.0,26.0,18.0,4,Hotspot persistente con severidad media-alta,Prioridad 2 - Auditoría de seguridad vial,34,16,6,264,659.0,312.0,347.0,0.9471395213076474,0.961004086398132,0.648598949211909,1.0,0.9967308814944542,91.06946876824284,175,Prioridad 2 - Auditoría de seguridad vial,664,889,53,Hotspot de severidad/fatalidad
4.707,-74.071,38,66,1.736842105263158,SUBA,BATAN,AVENIDA ALFREDO D BATEMAN,CHOQUE,SOLO DANOS,14.0,26.0,16.0,10.0,4,Hotspot persistente con severidad media-alta,Prioridad 2 - Auditoría de seguridad vial,26,10,2,126,1567.0,1221.0,346.0,0.9096614127262114,0.9065382370110916,0.5222708698190309,1.0,0.9427904261529481,85.62521891418564,780,Seguimiento,1575,1525,810,Seguimiento
4.726,-74.05,38,66,1.736842105263158,USAQUEN,LOS CEDROS,SIN_NMG,CHOQUE,SOLO DANOS,14.0,8.0,28.0,16.0,4,Hotspot persistente con severidad media-alta,Prioridad 2 - Auditoría de seguridad vial,26,10,2,126,1567.0,1221.0,346.0,0.9096614127262114,0.9065382370110916,0.5222708698190309,1.0,0.9427904261529481,85.62521891418564,781,Seguimiento,1576,1526,811,Seguimiento
4.67,-74.134,36,76,2.111111111111111,FONTIBON,FERROCAJA FONTIBON,AVENIDA FERROCARRIL DE OCCIDENTE,CHOQUE,SOLO DANOS,10.0,18.0,18.0,30.0,4,Hotspot persistente con severidad media-alta,Prioridad 2 - Auditoría de seguridad vial,18,16,2,148,1289.0,951.0,338.0,0.9043490951546994,0.923292469352014,0.7155283129013427,1.0,0.9427904261529481,89.71920607122009,298,Prioridad 3 - Monitoreo y gestión preventiva,1292,1596,454,Hotspot preventivo prioritario
4.636,-74.137,38,62,1.631578947368421,KENNEDY,BAVARIA,AVENIDA BOYACA,CHOQUE,SOLO DANOS,0.0,22.0,12.0,28.0,3,Hotspot exploratorio,Prioridad 3 - Seguimiento,28,8,2,118,1709.0,1372.0,337.0,0.9096614127262114,0.8977816695855225,0.4535026269702277,0.75,0.9427904261529481,79.0747227086982,1382,Seguimiento,1743,1542,1140,Seguimiento
4.514,-74.116,38,62,1.631578947368421,USME,LA ANDREA,AVENIDA CARACAS,CHOQUE,SOLO DANOS,6.0,12.0,20.0,24.0,4,Hotspot exploratorio,Prioridad 3 - Seguimiento,28,8,2,118,1709.0,1372.0,337.0,0.9096614127262114,0.8977816695855225,0.4535026269702277,1.0,0.9427904261529481,84.07472270869819,905,Seguimiento,1729,1528,927,Seguimiento
4.602,-74.106,38,62,1.631578947368421,PUENTE ARANDA,LA ASUNCION,SIN_NMG,CHOQUE,SOLO DANOS,14.0,2.0,26.0,20.0,4,Hotspot exploratorio,Prioridad 3 - Seguimiento,28,8,2,118,1709.0,1372.0,337.0,0.9096614127262114,0.8977816695855225,0.4535026269702277,1.0,0.9427904261529481,84.07472270869819,904,Seguimiento,1728,1527,926,Seguimiento
4.665,-74.061,38,62,1.631578947368421,CHAPINERO,JUAN XXIII,AVENIDA CARACAS,CHOQUE,SOLO DANOS,10.0,24.0,8.0,20.0,4,Hotspot exploratorio,Prioridad 3 - Seguimiento,28,8,2,118,1709.0,1372.0,337.0,0.9096614127262114,0.8977816695855225,0.4535026269702277,1.0,0.9427904261529481,84.07472270869819,906,Seguimiento,1730,1529,928,Seguimiento
4.62,-74.09,58,114,1.9655172413793103,PUENTE ARANDA,ESTACION CENTRAL,AVENIDA CIUDAD DE LIMA,CHOQUE,SOLO DANOS,44.0,22.0,20.0,28.0,4,Hotspot persistente con severidad media-alta,Prioridad 2 - Auditoría de seguridad vial,36,16,6,266,645.0,309.0,336.0,0.9500291885580853,0.962025685931115,0.5929655575014594,1.0,0.9967308814944542,90.03502626970229,269,Prioridad 3 - Monitoreo y gestión preventiva,645,837,59,Hotspot preventivo prioritario
4.593,-74.162,38,70,1.8421052631578947,CIUDAD BOLIVAR,RAFAEL ESCAMILLA,AVENIDA CIUDAD DE VILLAVICENCIO,CHOQUE,SOLO DANOS,20.0,12.0,14.0,24.0,4,Hotspot persistente con severidad media-alta,Prioridad 2 - Auditoría de seguridad vial,24,12,2,134,1445.0,1117.0,328.0,0.9096614127262114,0.9138061879743141,0.563164039696439,1.0,0.9427904261529481,86.58844133099825,668,Seguimiento,1458,1523,725,Seguimiento
4.699,-74.13,38,70,1.8421052631578947,ENGATIVA,AEROPUERTO EL DORADO,AVENIDA JOSE CELESTINO MUTIS,CHOQUE,SOLO DANOS,16.0,14.0,24.0,16.0,4,Hotspot persistente con severidad media-alta,Prioridad 2 - Auditoría de seguridad vial,24,12,2,134,1445.0,1117.0,328.0,0.9096614127262114,0.9138061879743141,0.563164039696439,1.0,0.9427904261529481,86.58844133099825,669,Seguimiento,1459,1524,726,Seguimiento
4.697,-74.105,38,54,1.4210526315789473,ENGATIVA,LA SOLEDAD NORTE,AVENIDA CIUDAD DE CALI,CHOQUE,SOLO DANOS,10.0,28.0,14.0,2.0,4,Hotspot exploratorio,Prioridad 3 - Seguimiento,32,4,2,102,2005.0,1681.0,324.0,0.9096614127262114,0.8798015178050205,0.3723292469352014,1.0,0.9427904261529481,82.09165207238762,1031,Seguimiento,2028,1532,1018,Seguimiento
4.704,-74.054,38,54,1.4210526315789473,USAQUEN,SANTA BARBARA OCCIDENTAL,AVENIDA PASEO DE LOS LIBERTADORES,CHOQUE,SOLO DANOS,18.0,18.0,10.0,8.0,4,Hotspot exploratorio,Prioridad 3 - Seguimiento,32,4,2,102,2005.0,1681.0,324.0,0.9096614127262114,0.8798015178050205,0.3723292469352014,1.0,0.9427904261529481,82.09165207238762,1032,Seguimiento,2029,1533,1019,Seguimiento
4.633,-74.068,40,68,1.7,CHAPINERO,MARLY,AVENIDA CARACAS,CHOQUE,SOLO DANOS,28.0,18.0,20.0,2.0,4,Hotspot persistente con severidad media-alta,Prioridad 2 - Auditoría de seguridad vial,28,10,2,128,1511.0,1191.0,320.0,0.9147110332749562,0.910245183887916,0.5138937536485697,1.0,0.9427904261529481,85.63280793928779,777,Seguimiento,1524,1435,807,Seguimiento
4.657,-74.134,40,68,1.7,FONTIBON,CIUDAD HAYUELOS,AVENIDA CENTENARIO,CHOQUE,SOLO DANOS,22.0,22.0,14.0,10.0,4,Hotspot persistente con severidad media-alta,Prioridad 2 - Auditoría de seguridad vial,28,10,2,128,1511.0,1191.0,320.0,0.9147110332749562,0.910245183887916,0.5138937536485697,1.0,0.9427904261529481,85.63280793928779,776,Seguimiento,1523,1434,806,Seguimiento
4.739,-74.099,40,112,2.8,SUBA,COSTA AZUL,AVENIDA CIUDAD DE CALI,CHOQUE,CON HERIDOS,8.0,26.0,40.0,38.0,4,Hotspot persistente con severidad media-alta,Prioridad 2 - Auditoría de seguridad vial,8,28,4,248,659.0,343.0,316.0,0.9147110332749562,0.961004086398132,0.8378283712784589,1.0,0.9885872737886748,94.04261529480443,25,Prioridad 1 - Intervención prioritaria,659,1413,98,Hotspot de severidad/fatalidad
4.741,-74.023,38,74,1.9473684210526316,USAQUEN,SANTA TERESA,SIN_NMG,CHOQUE,SOLO DANOS,20.0,16.0,12.0,26.0,4,Hotspot persistente con severidad media-alta,Prioridad 2 - Auditoría de seguridad vial,22,14,2,142,1342.0,1026.0,316.0,0.9096614127262114,0.9202276707530648,0.5909223584354932,1.0,0.9427904261529481,87.27203736135435,584,Seguimiento,1353,1521,659,Seguimiento
4.595,-74.086,40,112,2.8,SANTA FE,SAN BERNARDINO,AVENIDA CARACAS,CHOQUE,CON HERIDOS,12.0,22.0,34.0,44.0,4,Hotspot persistente con severidad media-alta,Prioridad 2 - Auditoría de seguridad vial,8,28,4,248,659.0,343.0,316.0,0.9147110332749562,0.961004086398132,0.8378283712784589,1.0,0.9885872737886748,94.04261529480443,26,Prioridad 1 - Intervención prioritaria,660,1414,99,Hotspot de severidad/fatalidad
4.507,-74.114,38,74,1.9473684210526316,USME,MONTEBLANCO,AVENIDA CARACAS,CHOQUE,SOLO DANOS,8.0,34.0,22.0,10.0,4,Hotspot persistente con severidad media-alta,Prioridad 2 - Auditoría de seguridad vial,22,14,2,142,1342.0,1026.0,316.0,0.9096614127262114,0.9202276707530648,0.5909223584354932,1.0,0.9427904261529481,87.27203736135435,585,Seguimiento,1354,1522,660,Seguimiento
4.685,-74.14,36,80,2.2222222222222223,FONTIBON,LA CABANA FONTIBON,AVENIDA CARRERA 106,CHOQUE,CON HERIDOS,36.0,10.0,14.0,20.0,4,Hotspot persistente con severidad media-alta,Prioridad 2 - Auditoría de seguridad vial,16,18,2,156,1176.0,864.0,312.0,0.9043490951546994,0.9298015178050204,0.744687682428488,1.0,0.9427904261529481,90.43257443082311,229,Prioridad 3 - Monitoreo y gestión preventiva,1180,1595,415,Hotspot preventivo prioritario
4.656,-74.102,40,64,1.6,TEUSAQUILLO,JARDIN BOTANICO,AVENIDA DEL CONGRESO EUCARISTICO,CHOQUE,SOLO DANOS,14.0,14.0,12.0,24.0,4,Hotspot exploratorio,Prioridad 3 - Seguimiento,30,8,2,120,1638.0,1326.0,312.0,0.9147110332749562,0.902393461762989,0.44527145359019266,1.0,0.9427904261529481,84.10332749562173,900,Seguimiento,1651,1436,922,Seguimiento
4.619,-74.189,36,80,2.2222222222222223,BOSA,BOSA NOVA,SIN_NMG,CHOQUE,CON HERIDOS,0.0,18.0,32.0,30.0,3,Hotspot persistente con severidad media-alta,Prioridad 2 - Auditoría de seguridad vial,16,18,2,156,1176.0,864.0,312.0,0.9043490951546994,0.9298015178050204,0.744687682428488,0.75,0.9427904261529481,85.43257443082311,787,Seguimiento,1192,1601,817,Seguimiento
4.509,-74.106,36,80,2.2222222222222223,USME,GRAN YOMASA,SIN_NMG,CHOQUE,CON HERIDOS,22.0,14.0,26.0,18.0,4,Hotspot persistente con severidad media-alta,Prioridad 2 - Auditoría de seguridad vial,16,18,2,156,1176.0,864.0,312.0,0.9043490951546994,0.9298015178050204,0.744687682428488,1.0,0.9427904261529481,90.43257443082311,228,Prioridad 3 - Monitoreo y gestión preventiva,1179,1594,414,Hotspot preventivo prioritario
4.607,-74.181,42,110,2.619047619047619,BOSA,JOSE ANTONIO GALAN,AVENIDA BOSA,CHOQUE,CON HERIDOS,26.0,18.0,40.0,26.0,4,Hotspot persistente con severidad media-alta,Prioridad 2 - Auditoría de seguridad vial,12,26,4,242,680.0,369.0,311.0,0.9201984821949796,0.9595738470519556,0.8275539988324577,1.0,0.9885872737886748,93.91827203736135,30,Prioridad 1 - Intervención prioritaria,680,1325,101,Hotspot de severidad/fatalidad
4.733,-74.045,64,92,1.4375,USAQUEN,LAS MARGARITAS,AVENIDA SANTA BARBARA,CHOQUE,SOLO DANOS,14.0,28.0,32.0,18.0,4,Hotspot exploratorio,Prioridad 3 - Seguimiento,54,6,4,184,949.0,639.0,310.0,0.9575014594279042,0.9438412142440163,0.3753064798598949,1.0,0.9885872737886748,85.30472854640982,801,Seguimiento,958,724,278,Seguimiento
4.605,-74.18,38,78,2.0526315789473686,BOSA,JOSE ANTONIO GALAN,AVENIDA BOSA,CHOQUE,SOLO DANOS,16.0,16.0,24.0,22.0,4,Hotspot persistente con severidad media-alta,Prioridad 2 - Auditoría de seguridad vial,20,16,2,150,1232.0,927.0,305.0,0.9096614127262114,0.9265032107413894,0.7052539404553415,1.0,0.9427904261529481,89.6841798015178,303,Prioridad 3 - Monitoreo y gestión preventiva,1240,1519,458,Hotspot preventivo prioritario
4.56,-74.142,38,78,2.0526315789473686,CIUDAD BOLIVAR,LAS ACACIAS,SIN_NMG,CHOQUE,SOLO DANOS,16.0,32.0,22.0,8.0,4,Hotspot persistente con severidad media-alta,Prioridad 2 - Auditoría de seguridad vial,20,16,2,150,1232.0,927.0,305.0,0.9096614127262114,0.9265032107413894,0.7052539404553415,1.0,0.9427904261529481,89.6841798015178,302,Prioridad 3 - Monitoreo y gestión preventiva,1239,1518,457,Hotspot preventivo prioritario
4.613,-74.177,40,72,1.8,KENNEDY,ROMA,AVENIDA AGOBERTO MEJIA CIFUENTES,CHOQUE,SOLO DANOS,20.0,14.0,18.0,20.0,4,Hotspot persistente con severidad media-alta,Prioridad 2 - Auditoría de seguridad vial,26,12,2,136,1395.0,1093.0,302.0,0.9147110332749562,0.9171920607122008,0.5462346760070053,1.0,0.9427904261529481,86.4185639229422,681,Seguimiento,1401,1433,734,Seguimiento
4.673,-74.154,48,104,2.1666666666666665,FONTIBON,SABANA GRANDE,AVENIDA CARRERA 106,CHOQUE,SOLO DANOS,20.0,28.0,28.0,28.0,4,Hotspot persistente con severidad media-alta,Prioridad 2 - Auditoría de seguridad vial,24,20,4,224,754.0,452.0,302.0,0.9338879159369528,0.9551079976649154,0.7261237594862814,1.0,0.9885872737886748,92.0741389375365,114,Prioridad 2 - Auditoría de seguridad vial,756,1101,124,Hotspot de severidad/fatalidad
4.714,-74.097,34,86,2.5294117647058822,ENGATIVA,LUIS CARLOS GALAN,SIN_NMG,CHOQUE,CON HERIDOS,28.0,18.0,32.0,8.0,4,Hotspot persistente con severidad media-alta,Prioridad 2 - Auditoría de seguridad vial,10,22,2,170,1051.0,750.0,301.0,0.8968768242848804,0.9374781085814361,0.8170461179217746,1.0,0.9427904261529481,91.88382953882078,127,Prioridad 2 - Auditoría de seguridad vial,1051,1696,363,Hotspot preventivo prioritario
4.626,-74.169,32,88,2.75,KENNEDY,CHUCUA DE LA VACA I,AVENIDA CIUDAD DE VILLAVICENCIO,CHOQUE,CON HERIDOS,12.0,20.0,22.0,34.0,4,Hotspot persistente con severidad media-alta,Prioridad 2 - Auditoría de seguridad vial,6,24,2,176,1013.0,713.0,300.0,0.8881786339754816,0.9398423817863397,0.8360478692352598,1.0,0.9427904261529481,92.13718622300058,110,Prioridad 2 - Auditoría de seguridad vial,1013,1841,352,Hotspot preventivo prioritario
4.592,-74.083,36,84,2.3333333333333335,SANTA FE,SAN BERNARDINO,AVENIDA FERNANDO MAZUERA,ATROPELLO,CON HERIDOS,24.0,16.0,18.0,26.0,4,Hotspot persistente con severidad media-alta,Prioridad 2 - Auditoría de seguridad vial,14,20,2,164,1094.0,794.0,300.0,0.9043490951546994,0.9348511383537653,0.7728838295388207,1.0,0.9427904261529481,91.09748978400468,171,Prioridad 2 - Auditoría de seguridad vial,1096,1593,388,Hotspot preventivo prioritario
4.631,-74.147,36,84,2.3333333333333335,KENNEDY,MANDALAY,AVENIDA DE LAS AMERICAS,CHOQUE,CON HERIDOS,20.0,20.0,18.0,26.0,4,Hotspot persistente con severidad media-alta,Prioridad 2 - Auditoría de seguridad vial,14,20,2,164,1094.0,794.0,300.0,0.9043490951546994,0.9348511383537653,0.7728838295388207,1.0,0.9427904261529481,91.09748978400468,170,Prioridad 2 - Auditoría de seguridad vial,1095,1592,387,Hotspot preventivo prioritario
4.669,-74.08,36,84,2.3333333333333335,BARRIOS UNIDOS,SAN FERNANDO,AVENIDA GABRIEL ANDRADE,CHOQUE,CON HERIDOS,28.0,10.0,24.0,22.0,4,Hotspot persistente con severidad media-alta,Prioridad 2 - Auditoría de seguridad vial,14,20,2,164,1094.0,794.0,300.0,0.9043490951546994,0.9348511383537653,0.7728838295388207,1.0,0.9427904261529481,91.09748978400468,169,Prioridad 2 - Auditoría de seguridad vial,1094,1591,386,Hotspot preventivo prioritario
4.646,-74.061,52,104,2.0,CHAPINERO,LA SALLE,AVENIDA ALBERTO LLERAS CAMARGO,CHOQUE,SOLO DANOS,30.0,16.0,16.0,42.0,4,Hotspot persistente con severidad media-alta,Prioridad 2 - Auditoría de seguridad vial,30,18,4,220,754.0,465.0,289.0,0.9408347927612376,0.9551079976649154,0.648598949211909,1.0,0.9885872737886748,90.66258026853473,215,Prioridad 3 - Monitoreo y gestión preventiva,758,996,153,Hotspot preventivo prioritario
4.556,-74.122,40,76,1.9,RAFAEL URIBE URIBE,ABRAHAM LINCOLN,AVENIDA CARACAS,CHOQUE,SOLO DANOS,22.0,20.0,14.0,20.0,4,Hotspot persistente con severidad media-alta,Prioridad 2 - Auditoría de seguridad vial,24,14,2,144,1289.0,1002.0,287.0,0.9147110332749562,0.923292469352014,0.5817571511967309,1.0,0.9427904261529481,87.25102159953299,590,Seguimiento,1297,1431,663,Seguimiento
4.605,-74.143,40,76,1.9,KENNEDY,LA CAMPINA,AVENIDA BOYACA,CHOQUE,SOLO DANOS,8.0,10.0,28.0,30.0,4,Hotspot persistente con severidad media-alta,Prioridad 2 - Auditoría de seguridad vial,24,14,2,144,1289.0,1002.0,287.0,0.9147110332749562,0.923292469352014,0.5817571511967309,1.0,0.9427904261529481,87.25102159953299,589,Seguimiento,1296,1430,662,Seguimiento
4.603,-74.076,44,116,2.6363636363636362,SANTA FE,VERACRUZ,AVENIDA FERNANDO MAZUERA,ATROPELLO,CON HERIDOS,40.0,18.0,18.0,40.0,4,Hotspot persistente con severidad media-alta,Prioridad 2 - Auditoría de seguridad vial,12,28,4,252,624.0,338.0,286.0,0.9251313485113836,0.9630472854640981,0.8278750729713952,1.0,0.9885872737886748,94.09281961471103,23,Prioridad 1 - Intervención prioritaria,624,1243,97,Hotspot de severidad/fatalidad
4.677,-74.102,68,120,1.7647058823529411,ENGATIVA,SAN JOAQUIN,AVENIDA BOYACA,CHOQUE,SOLO DANOS,4.0,40.0,34.0,42.0,4,Hotspot persistente con severidad media-alta,Prioridad 2 - Auditoría de seguridad vial,48,14,6,268,591.0,306.0,285.0,0.961646234676007,0.9651780502043199,0.5319906596614127,1.0,0.9967308814944542,89.11091652072386,360,Prioridad 3 - Monitoreo y gestión preventiva,592,649,66,Hotspot preventivo prioritario
4.711,-74.14,42,62,1.4761904761904763,ENGATIVA,SABANA DEL DORADO,SIN_NMG,CHOQUE,SOLO DANOS,18.0,6.0,16.0,22.0,4,Hotspot exploratorio,Prioridad 3 - Seguimiento,34,6,2,114,1709.0,1427.0,282.0,0.9201984821949796,0.8977816695855225,0.3856100408639813,1.0,0.9427904261529481,82.92761237594863,972,Seguimiento,1731,1349,983,Seguimiento
4.724,-74.032,42,66,1.5714285714285714,USAQUEN,ACACIAS USAQUEN,AVENIDA LAUREANO GOMEZ,CHOQUE,SOLO DANOS,14.0,12.0,18.0,22.0,4,Hotspot exploratorio,Prioridad 3 - Seguimiento,32,8,2,122,1567.0,1285.0,282.0,0.9201984821949796,0.9065382370110916,0.43537653239929947,1.0,0.9427904261529481,84.09807355516638,902,Seguimiento,1580,1347,924,Seguimiento
4.621,-74.092,42,66,1.5714285714285714,PUENTE ARANDA,ESTACION CENTRAL,AVENIDA CIUDAD DE LIMA,CHOQUE,SOLO DANOS,8.0,20.0,16.0,22.0,4,Hotspot exploratorio,Prioridad 3 - Seguimiento,32,8,2,122,1567.0,1285.0,282.0,0.9201984821949796,0.9065382370110916,0.43537653239929947,1.0,0.9427904261529481,84.09807355516638,901,Seguimiento,1579,1346,923,Seguimiento
4.619,-74.105,50,110,2.2,PUENTE ARANDA,LOS EJIDOS,AVENIDA FERROCARRIL DEL SUR,CHOQUE,SOLO DANOS,36.0,34.0,40.0,0.0,3,Hotspot persistente con severidad media-alta,Prioridad 2 - Auditoría de seguridad vial,24,22,4,234,680.0,400.0,280.0,0.9377116170461179,0.9595738470519556,0.7361646234676007,0.75,0.9885872737886748,87.44074722708697,567,Seguimiento,684,1049,237,Seguimiento
4.604,-74.195,40,80,2.0,BOSA,EL RETAZO,SIN_NMG,CHOQUE,SOLO DANOS,28.0,24.0,22.0,6.0,4,Hotspot persistente con severidad media-alta,Prioridad 2 - Auditoría de seguridad vial,22,16,2,152,1176.0,900.0,276.0,0.9147110332749562,0.9298015178050204,0.648598949211909,1.0,0.9427904261529481,88.71803852889666,402,Prioridad 3 - Monitoreo y gestión preventiva,1184,1426,530,Hotspot preventivo prioritario
4.624,-74.138,40,80,2.0,KENNEDY,HIPOTECHO OCCIDENTAL,AVENIDA BOYACA,CHOQUE,SOLO DANOS,20.0,34.0,6.0,20.0,4,Hotspot persistente con severidad media-alta,Prioridad 2 - Auditoría de seguridad vial,22,16,2,152,1176.0,900.0,276.0,0.9147110332749562,0.9298015178050204,0.648598949211909,1.0,0.9427904261529481,88.71803852889666,403,Prioridad 3 - Monitoreo y gestión preventiva,1185,1427,531,Hotspot preventivo prioritario
4.597,-74.084,40,80,2.0,SANTA FE,SANTA INES,AVENIDA DE LOS COMUNEROS,CHOQUE,SOLO DANOS,8.0,12.0,32.0,28.0,4,Hotspot persistente con severidad media-alta,Prioridad 2 - Auditoría de seguridad vial,22,16,2,152,1176.0,900.0,276.0,0.9147110332749562,0.9298015178050204,0.648598949211909,1.0,0.9427904261529481,88.71803852889666,401,Prioridad 3 - Monitoreo y gestión preventiva,1183,1425,529,Hotspot preventivo prioritario
4.571,-74.089,36,88,2.4444444444444446,SAN CRISTOBAL,PRIMERO DE MAYO,AVENIDA PRIMERO DE MAYO,CHOQUE,CON HERIDOS,8.0,18.0,44.0,18.0,4,Hotspot persistente con severidad media-alta,Prioridad 2 - Auditoría de seguridad vial,12,22,2,172,1013.0,739.0,274.0,0.9043490951546994,0.9398423817863397,0.8007880910683012,1.0,0.9427904261529481,91.75539988324577,131,Prioridad 2 - Auditoría de seguridad vial,1014,1589,366,Hotspot preventivo prioritario
4.605,-74.194,36,88,2.4444444444444446,BOSA,EL RETAZO,SIN_NMG,CHOQUE,CON HERIDOS,12.0,12.0,20.0,44.0,4,Hotspot persistente con severidad media-alta,Prioridad 2 - Auditoría de seguridad vial,12,22,2,172,1013.0,739.0,274.0,0.9043490951546994,0.9398423817863397,0.8007880910683012,1.0,0.9427904261529481,91.75539988324577,132,Prioridad 2 - Auditoría de seguridad vial,1015,1590,367,Hotspot preventivo prioritario
4.611,-74.141,42,74,1.7619047619047619,KENNEDY,PROVIVIENDA,AVENIDA BOYACA,CHOQUE,SOLO DANOS,28.0,4.0,24.0,18.0,4,Hotspot persistente con severidad media-alta,Prioridad 2 - Auditoría de seguridad vial,28,12,2,138,1342.0,1068.0,274.0,0.9201984821949796,0.9202276707530648,0.5316112084063047,1.0,0.9427904261529481,86.29655575014594,690,Seguimiento,1357,1342,738,Seguimiento
4.63,-74.132,42,74,1.7619047619047619,KENNEDY,HIPOTECHO,AVENIDA DE LAS AMERICAS,CHOQUE,SOLO DANOS,16.0,20.0,20.0,18.0,4,Hotspot persistente con severidad media-alta,Prioridad 2 - Auditoría de seguridad vial,28,12,2,138,1342.0,1068.0,274.0,0.9201984821949796,0.9202276707530648,0.5316112084063047,1.0,0.9427904261529481,86.29655575014594,689,Seguimiento,1356,1341,737,Seguimiento
4.676,-74.122,42,74,1.7619047619047619,FONTIBON,SANTA CECILIA,AVENIDA CIUDAD DE CALI,CHOQUE,SOLO DANOS,12.0,12.0,30.0,20.0,4,Hotspot persistente con severidad media-alta,Prioridad 2 - Auditoría de seguridad vial,28,12,2,138,1342.0,1068.0,274.0,0.9201984821949796,0.9202276707530648,0.5316112084063047,1.0,0.9427904261529481,86.29655575014594,691,Seguimiento,1358,1343,739,Seguimiento
4.658,-74.062,42,74,1.7619047619047619,CHAPINERO,QUINTA CAMACHO,AVENIDA CARACAS,CHOQUE,SOLO DANOS,6.0,20.0,26.0,22.0,4,Hotspot persistente con severidad media-alta,Prioridad 2 - Auditoría de seguridad vial,28,12,2,138,1342.0,1068.0,274.0,0.9201984821949796,0.9202276707530648,0.5316112084063047,1.0,0.9427904261529481,86.29655575014594,692,Seguimiento,1359,1344,740,Seguimiento
4.581,-74.155,38,86,2.263157894736842,CIUDAD BOLIVAR,VERONA,AVENIDA JORGE GAITAN CORTES,CHOQUE,CON HERIDOS,8.0,36.0,12.0,30.0,4,Hotspot persistente con severidad media-alta,Prioridad 2 - Auditoría de seguridad vial,16,20,2,166,1051.0,778.0,273.0,0.9096614127262114,0.9374781085814361,0.7502918855808524,1.0,0.9427904261529481,90.80443666082896,202,Prioridad 3 - Monitoreo y gestión preventiva,1053,1516,404,Hotspot preventivo prioritario
4.59,-74.145,40,84,2.1,TUNJUELITO,VENECIA OCCIDENTAL,AVENIDA BOYACA,CHOQUE,SOLO DANOS,34.0,18.0,20.0,12.0,4,Hotspot persistente con severidad media-alta,Prioridad 2 - Auditoría de seguridad vial,20,18,2,160,1094.0,825.0,269.0,0.9147110332749562,0.9348511383537653,0.7134267367192061,1.0,0.9427904261529481,90.11558669001751,253,Prioridad 3 - Monitoreo y gestión preventiva,1099,1422,429,Hotspot preventivo prioritario
4.569,-74.134,52,112,2.1538461538461537,TUNJUELITO,PARQUE EL TUNAL,AVENIDA CIUDAD DE VILLAVICENCIO,CHOQUE,SOLO DANOS,22.0,16.0,22.0,52.0,4,Hotspot persistente con severidad media-alta,Prioridad 2 - Auditoría de seguridad vial,26,22,4,236,659.0,390.0,269.0,0.9408347927612376,0.961004086398132,0.7249854057209574,1.0,0.9885872737886748,92.30823117338002,101,Prioridad 2 - Auditoría de seguridad vial,661,993,121,Hotspot de severidad/fatalidad
4.625,-74.086,40,84,2.1,TEUSAQUILLO,GRAN AMERICA,AVENIDA DE LAS AMERICAS,CHOQUE,SOLO DANOS,12.0,52.0,6.0,14.0,4,Hotspot persistente con severidad media-alta,Prioridad 2 - Auditoría de seguridad vial,20,18,2,160,1094.0,825.0,269.0,0.9147110332749562,0.9348511383537653,0.7134267367192061,1.0,0.9427904261529481,90.11558669001751,252,Prioridad 3 - Monitoreo y gestión preventiva,1098,1421,428,Hotspot preventivo prioritario
4.748,-74.023,58,106,1.8275862068965518,USAQUEN,LA GRANJA NORTE,AVENIDA ALBERTO LLERAS CAMARGO,CHOQUE,SOLO DANOS,16.0,30.0,24.0,36.0,4,Hotspot persistente con severidad media-alta,Prioridad 2 - Auditoría de seguridad vial,38,16,4,218,731.0,472.0,259.0,0.9500291885580853,0.9567425569176883,0.5590776415645067,1.0,0.9885872737886748,89.0887332165791,362,Prioridad 3 - Monitoreo y gestión preventiva,731,838,199,Hotspot preventivo prioritario
4.673,-74.124,44,68,1.5454545454545454,FONTIBON,FERROCAJA FONTIBON,AVENIDA CIUDAD DE CALI,CHOQUE,SOLO DANOS,26.0,16.0,14.0,12.0,4,Hotspot exploratorio,Prioridad 3 - Seguimiento,34,8,2,124,1511.0,1254.0,257.0,0.9251313485113836,0.910245183887916,0.4262405137186223,1.0,0.9427904261529481,84.08814944541739,903,Seguimiento,1526,1268,925,Seguimiento
4.607,-74.13,60,152,2.533333333333333,PUENTE ARANDA,TEJAR,AVENIDA DEL CONGRESO EUCARISTICO,CHOQUE,CON HERIDOS,48.0,30.0,36.0,38.0,4,Hotspot persistente con severidad media-alta,Prioridad 2 - Auditoría de seguridad vial,24,26,10,404,366.0,117.0,249.0,0.953035610040864,0.9785172212492703,0.8171628721541155,1.0,0.9995621716287215,94.96555750145944,6,Prioridad 1 - Intervención prioritaria,366,781,7,Hotspot de severidad/fatalidad
4.62,-74.165,44,72,1.6363636363636365,KENNEDY,CIUDAD KENNEDY OCCIDENTAL,AVENIDA CIUDAD DE VILLAVICENCIO,CHOQUE,SOLO DANOS,14.0,28.0,22.0,8.0,4,Hotspot exploratorio,Prioridad 3 - Seguimiento,32,10,2,132,1395.0,1146.0,249.0,0.9251313485113836,0.9171920607122008,0.4542323409223584,1.0,0.9427904261529481,84.78692352597783,869,Seguimiento,1404,1266,893,Seguimiento
4.631,-74.204,36,100,2.7777777777777777,BOSA,SAN BERNARDINO XIX,SIN_NMG,CHOQUE,CON HERIDOS,18.0,8.0,30.0,44.0,4,Hotspot persistente con severidad media-alta,Prioridad 2 - Auditoría de seguridad vial,6,28,2,196,821.0,572.0,249.0,0.9043490951546994,0.9512842965557502,0.8372446001167543,1.0,0.9427904261529481,92.71336835960304,75,Prioridad 2 - Auditoría de seguridad vial,822,1588,325,Hotspot preventivo prioritario
4.662,-74.134,44,72,1.6363636363636365,FONTIBON,CIUDAD HAYUELOS,AVENIDA CIUDAD DE CALI,CHOQUE,SOLO DANOS,18.0,18.0,20.0,16.0,4,Hotspot exploratorio,Prioridad 3 - Seguimiento,32,10,2,132,1395.0,1146.0,249.0,0.9251313485113836,0.9171920607122008,0.4542323409223584,1.0,0.9427904261529481,84.78692352597783,870,Seguimiento,1405,1267,894,Seguimiento
4.69,-74.099,44,72,1.6363636363636365,ENGATIVA,TABORA,AVENIDA CHILE,CHOQUE,SOLO DANOS,16.0,12.0,12.0,32.0,4,Hotspot exploratorio,Prioridad 3 - Seguimiento,32,10,2,132,1395.0,1146.0,249.0,0.9251313485113836,0.9171920607122008,0.4542323409223584,1.0,0.9427904261529481,84.78692352597783,868,Seguimiento,1403,1265,892,Seguimiento
4.573,-74.153,36,100,2.7777777777777777,CIUDAD BOLIVAR,ARBORIZADORA BAJA,AVENIDA CIUDAD DE VILLAVICENCIO,CHOQUE,CON HERIDOS,38.0,20.0,18.0,24.0,4,Hotspot persistente con severidad media-alta,Prioridad 2 - Auditoría de seguridad vial,6,28,2,196,821.0,572.0,249.0,0.9043490951546994,0.9512842965557502,0.8372446001167543,1.0,0.9427904261529481,92.71336835960304,74,Prioridad 2 - Auditoría de seguridad vial,821,1587,324,Hotspot preventivo prioritario
4.574,-74.1,38,98,2.5789473684210527,RAFAEL URIBE URIBE,SAN JOSE SUR,SIN_NMG,CHOQUE,CON HERIDOS,26.0,26.0,12.0,34.0,4,Hotspot persistente con severidad media-alta,Prioridad 2 - Auditoría de seguridad vial,10,26,2,190,851.0,608.0,243.0,0.9096614127262114,0.949620548744892,0.8196438995913602,1.0,0.9427904261529481,92.43432574430824,87,Prioridad 2 - Auditoría de seguridad vial,851,1514,335,Hotspot preventivo prioritario
4.665,-74.144,60,108,1.8,FONTIBON,SABANA GRANDE,AVENIDA CENTENARIO,CHOQUE,SOLO DANOS,22.0,44.0,12.0,30.0,4,Hotspot persistente con severidad media-alta,Prioridad 2 - Auditoría de seguridad vial,40,16,4,220,708.0,465.0,243.0,0.953035610040864,0.9580852305896089,0.5462346760070053,1.0,0.9885872737886748,88.91885580852306,384,Prioridad 3 - Monitoreo y gestión preventiva,710,792,203,Hotspot preventivo prioritario
4.695,-74.14,70,98,1.4,FONTIBON,AEROPUERTO EL DORADO,SIN_NMG,CHOQUE,SOLO DANOS,12.0,18.0,68.0,0.0,3,Hotspot exploratorio,Prioridad 3 - Seguimiento,60,6,4,190,851.0,608.0,243.0,0.963543490951547,0.949620548744892,0.3613543490951547,0.75,0.9885872737886748,80.26211325160537,1205,Seguimiento,864,626,300,Seguimiento
4.602,-74.134,44,76,1.7272727272727273,PUENTE ARANDA,ALQUERIA,AVENIDA DEL CONGRESO EUCARISTICO,CHOQUE,SOLO DANOS,28.0,12.0,14.0,22.0,4,Hotspot persistente con severidad media-alta,Prioridad 2 - Auditoría de seguridad vial,30,12,2,140,1289.0,1047.0,242.0,0.9251313485113836,0.923292469352014,0.5196438995913601,1.0,0.9427904261529481,86.21716287215412,704,Seguimiento,1300,1263,749,Seguimiento
4.697,-74.043,44,76,1.7272727272727273,USAQUEN,SANTA BARBARA CENTRAL,AVENIDA PASEO DEL COUNTRY,CHOQUE,SOLO DANOS,4.0,24.0,18.0,30.0,4,Hotspot persistente con severidad media-alta,Prioridad 2 - Auditoría de seguridad vial,30,12,2,140,1289.0,1047.0,242.0,0.9251313485113836,0.923292469352014,0.5196438995913601,1.0,0.9427904261529481,86.21716287215412,703,Seguimiento,1299,1262,748,Seguimiento
4.745,-74.108,44,76,1.7272727272727273,SUBA,SABANA DE TIBABUYES,SIN_NMG,CHOQUE,SOLO DANOS,36.0,12.0,22.0,6.0,4,Hotspot persistente con severidad media-alta,Prioridad 2 - Auditoría de seguridad vial,30,12,2,140,1289.0,1047.0,242.0,0.9251313485113836,0.923292469352014,0.5196438995913601,1.0,0.9427904261529481,86.21716287215412,702,Seguimiento,1298,1261,747,Seguimiento
4.688,-74.094,42,86,2.0476190476190474,ENGATIVA,BONANZA,AVENIDA BOYACA,CHOQUE,SOLO DANOS,18.0,22.0,32.0,14.0,4,Hotspot persistente con severidad media-alta,Prioridad 2 - Auditoría de seguridad vial,22,18,2,162,1051.0,810.0,241.0,0.9201984821949796,0.9374781085814361,0.704932866316404,1.0,0.9427904261529481,90.10799766491535,256,Prioridad 3 - Monitoreo y gestión preventiva,1054,1334,430,Hotspot preventivo prioritario
4.575,-74.136,42,86,2.0476190476190474,TUNJUELITO,PARQUE EL TUNAL,AVENIDA MARISCAL SUCRE,CHOQUE,SOLO DANOS,4.0,16.0,16.0,50.0,4,Hotspot persistente con severidad media-alta,Prioridad 2 - Auditoría de seguridad vial,22,18,2,162,1051.0,810.0,241.0,0.9201984821949796,0.9374781085814361,0.704932866316404,1.0,0.9427904261529481,90.10799766491535,258,Prioridad 3 - Monitoreo y gestión preventiva,1056,1336,432,Hotspot preventivo prioritario
4.526,-74.118,42,86,2.0476190476190474,USME,BARRANQUILLITA,AVENIDA CARACAS,CHOQUE,SOLO DANOS,26.0,30.0,6.0,24.0,4,Hotspot persistente con severidad media-alta,Prioridad 2 - Auditoría de seguridad vial,22,18,2,162,1051.0,810.0,241.0,0.9201984821949796,0.9374781085814361,0.704932866316404,1.0,0.9427904261529481,90.10799766491535,257,Prioridad 3 - Monitoreo y gestión preventiva,1055,1335,431,Hotspot preventivo prioritario
4.678,-74.154,64,136,2.125,FONTIBON,EL CARMEN FONTIBON,AVENIDA CENTENARIO,CHOQUE,SOLO DANOS,22.0,34.0,36.0,44.0,4,Hotspot persistente con severidad media-alta,Prioridad 2 - Auditoría de seguridad vial,34,24,6,304,472.0,231.0,241.0,0.9575014594279042,0.9720081727962638,0.7181552831290134,1.0,0.9967308814944542,92.88791593695272,66,Prioridad 2 - Auditoría de seguridad vial,473,711,43,Hotspot de severidad/fatalidad
4.744,-74.065,40,96,2.4,SUBA,GILMAR,AVENIDA BOYACA,CHOQUE,CON HERIDOS,12.0,46.0,14.0,24.0,4,Hotspot persistente con severidad media-alta,Prioridad 2 - Auditoría de seguridad vial,14,24,2,184,878.0,639.0,239.0,0.9147110332749562,0.9477816695855225,0.7953298307063631,1.0,0.9427904261529481,92.0122591943958,122,Prioridad 2 - Auditoría de seguridad vial,881,1418,360,Hotspot preventivo prioritario
4.582,-74.141,40,96,2.4,TUNJUELITO,SAN VICENTE FERRER,SIN_NMG,CHOQUE,CON HERIDOS,38.0,8.0,8.0,42.0,4,Hotspot persistente con severidad media-alta,Prioridad 2 - Auditoría de seguridad vial,14,24,2,184,878.0,639.0,239.0,0.9147110332749562,0.9477816695855225,0.7953298307063631,1.0,0.9427904261529481,92.0122591943958,121,Prioridad 2 - Auditoría de seguridad vial,880,1417,359,Hotspot preventivo prioritario
4.59,-74.169,40,92,2.3,CIUDAD BOLIVAR,BARLOVENTO,SIN_NMG,CHOQUE,CON HERIDOS,10.0,42.0,8.0,32.0,4,Hotspot persistente con severidad media-alta,Prioridad 2 - Auditoría de seguridad vial,16,22,2,176,949.0,713.0,236.0,0.9147110332749562,0.9438412142440163,0.7531523642732049,1.0,0.9427904261529481,91.0899007589025,172,Prioridad 2 - Auditoría de seguridad vial,950,1419,389,Hotspot preventivo prioritario
4.618,-74.17,48,132,2.75,KENNEDY,CASABLANCA,AVENIDA AGOBERTO MEJIA CIFUENTES,CHOQUE,CON HERIDOS,34.0,34.0,40.0,24.0,4,Hotspot persistente con severidad media-alta,Prioridad 2 - Auditoría de seguridad vial,10,34,4,280,503.0,271.0,232.0,0.9338879159369528,0.9702276707530648,0.8360478692352598,1.0,0.9885872737886748,94.57501459427904,9,Prioridad 1 - Intervención prioritaria,503,1098,88,Hotspot de severidad/fatalidad
4.608,-74.141,74,146,1.972972972972973,KENNEDY,PROVIVIENDA,AVENIDA BOYACA,CHOQUE,SOLO DANOS,16.0,56.0,6.0,68.0,4,Hotspot persistente con severidad media-alta,Prioridad 2 - Auditoría de seguridad vial,46,20,8,346,396.0,165.0,231.0,0.9675423234092236,0.9764448336252189,0.593286631640397,1.0,0.998861646234676,90.7227086981903,208,Prioridad 3 - Monitoreo y gestión preventiva,398,546,20,Hotspot preventivo prioritario
4.622,-74.078,60,112,1.8666666666666667,TEUSAQUILLO,FLORIDA,AVENIDA JORGE ELIECER GAITAN,CHOQUE,SOLO DANOS,24.0,18.0,54.0,16.0,4,Hotspot persistente con severidad media-alta,Prioridad 2 - Auditoría de seguridad vial,38,18,4,228,659.0,429.0,230.0,0.953035610040864,0.961004086398132,0.5731757151196731,1.0,0.9885872737886748,89.51605370694689,314,Prioridad 3 - Monitoreo y gestión preventiva,666,788,192,Hotspot preventivo prioritario
4.607,-74.094,44,84,1.9090909090909092,LOS MARTIRES,RICAURTE,AVENIDA GENERAL SANTANDER,CHOQUE,SOLO DANOS,20.0,20.0,36.0,8.0,4,Hotspot persistente con severidad media-alta,Prioridad 2 - Auditoría de seguridad vial,26,16,2,156,1094.0,864.0,230.0,0.9251313485113836,0.9348511383537653,0.5838879159369527,1.0,0.9427904261529481,87.733216579101,533,Seguimiento,1100,1258,624,Seguimiento
4.629,-74.138,42,90,2.142857142857143,KENNEDY,HIPOTECHO,AVENIDA BOYACA,CHOQUE,CON HERIDOS,32.0,38.0,16.0,4.0,4,Hotspot persistente con severidad media-alta,Prioridad 2 - Auditoría de seguridad vial,20,20,2,170,979.0,750.0,229.0,0.9201984821949796,0.9419439579684764,0.7220957384705196,1.0,0.9427904261529481,90.54057209573847,225,Prioridad 3 - Monitoreo y gestión preventiva,981,1333,412,Hotspot preventivo prioritario
4.724,-74.048,42,90,2.142857142857143,USAQUEN,LOS CEDROS,SIN_NMG,CHOQUE,CON HERIDOS,24.0,20.0,14.0,32.0,4,Hotspot persistente con severidad media-alta,Prioridad 2 - Auditoría de seguridad vial,20,20,2,170,979.0,750.0,229.0,0.9201984821949796,0.9419439579684764,0.7220957384705196,1.0,0.9427904261529481,90.54057209573847,223,Prioridad 3 - Monitoreo y gestión preventiva,979,1331,410,Hotspot preventivo prioritario
4.607,-74.126,42,90,2.142857142857143,PUENTE ARANDA,SAN EUSEBIO,AVENIDA PRIMERO DE MAYO,CHOQUE,CON HERIDOS,34.0,14.0,2.0,40.0,4,Hotspot persistente con severidad media-alta,Prioridad 2 - Auditoría de seguridad vial,20,20,2,170,979.0,750.0,229.0,0.9201984821949796,0.9419439579684764,0.7220957384705196,1.0,0.9427904261529481,90.54057209573847,224,Prioridad 3 - Monitoreo y gestión preventiva,980,1332,411,Hotspot preventivo prioritario
4.625,-74.169,38,102,2.6842105263157894,KENNEDY,CHUCUA DE LA VACA I,SIN_NMG,CHOQUE,CON HERIDOS,22.0,16.0,38.0,26.0,4,Hotspot persistente con severidad media-alta,Prioridad 2 - Auditoría de seguridad vial,8,28,2,198,787.0,559.0,228.0,0.9096614127262114,0.9531523642732049,0.832661996497373,1.0,0.9427904261529481,92.76532399299475,69,Prioridad 2 - Auditoría de seguridad vial,788,1513,320,Hotspot preventivo prioritario
4.609,-74.072,58,142,2.4482758620689653,SANTA FE,LAS NIEVES,AVENIDA FERNANDO MAZUERA,CHOQUE,CON HERIDOS,36.0,32.0,30.0,44.0,4,Hotspot persistente con severidad media-alta,Prioridad 2 - Auditoría de seguridad vial,22,30,6,322,429.0,202.0,227.0,0.9500291885580853,0.9746059544658494,0.801021599532983,1.0,0.9967308814944542,94.44775248102744,12,Prioridad 1 - Intervención prioritaria,429,831,32,Hotspot de severidad/fatalidad
4.693,-74.067,44,80,1.8181818181818181,SUBA,PUENTE LARGO,AVENIDA ALFREDO D BATEMAN,CHOQUE,SOLO DANOS,32.0,6.0,12.0,30.0,4,Hotspot persistente con severidad media-alta,Prioridad 2 - Auditoría de seguridad vial,28,14,2,148,1176.0,951.0,225.0,0.9251313485113836,0.9298015178050204,0.5578225335668417,1.0,0.9427904261529481,87.11091652072386,600,Seguimiento,1187,1259,671,Seguimiento
4.63,-74.131,44,80,1.8181818181818181,KENNEDY,MARSELLA,SIN_NMG,CHOQUE,SOLO DANOS,10.0,18.0,34.0,18.0,4,Hotspot persistente con severidad media-alta,Prioridad 2 - Auditoría de seguridad vial,28,14,2,148,1176.0,951.0,225.0,0.9251313485113836,0.9298015178050204,0.5578225335668417,1.0,0.9427904261529481,87.11091652072386,601,Seguimiento,1188,1260,672,Seguimiento
4.718,-74.052,46,74,1.608695652173913,USAQUEN,LA CALLEJA,AVENIDA PASEO DE LOS LIBERTADORES,CHOQUE,SOLO DANOS,26.0,22.0,6.0,20.0,4,Hotspot exploratorio,Prioridad 3 - Seguimiento,34,10,2,134,1342.0,1117.0,225.0,0.9296555750145943,0.9202276707530648,0.44795680093403384,1.0,0.9427904261529481,84.81260945709282,864,Seguimiento,1361,1186,888,Seguimiento
4.665,-74.075,46,74,1.608695652173913,BARRIOS UNIDOS,LA MERCED NORTE,AVENIDA CIUDAD DE QUITO,CHOQUE,SOLO DANOS,28.0,10.0,18.0,18.0,4,Hotspot exploratorio,Prioridad 3 - Seguimiento,34,10,2,134,1342.0,1117.0,225.0,0.9296555750145943,0.9202276707530648,0.44795680093403384,1.0,0.9427904261529481,84.81260945709282,865,Seguimiento,1362,1187,889,Seguimiento
4.511,-74.115,42,94,2.238095238095238,USME,LA ANDREA,SIN_NMG,CHOQUE,CON HERIDOS,18.0,26.0,30.0,20.0,4,Hotspot persistente con severidad media-alta,Prioridad 2 - Auditoría de seguridad vial,18,22,2,178,914.0,690.0,224.0,0.9201984821949796,0.9457092819614711,0.7457092819614711,1.0,0.9427904261529481,91.0881494454174,173,Prioridad 2 - Auditoría de seguridad vial,918,1330,390,Hotspot preventivo prioritario
4.701,-74.103,64,124,1.9375,ENGATIVA,PARIS,AVENIDA CIUDAD DE CALI,CHOQUE,SOLO DANOS,40.0,14.0,48.0,22.0,4,Hotspot persistente con severidad media-alta,Prioridad 2 - Auditoría de seguridad vial,38,22,4,248,565.0,343.0,222.0,0.9575014594279042,0.9668126094570928,0.5894045534150613,1.0,0.9885872737886748,90.04611792177467,265,Prioridad 3 - Monitoreo y gestión preventiva,567,715,174,Hotspot preventivo prioritario
4.666,-74.141,44,88,2.0,FONTIBON,VILLEMAR,SIN_NMG,CHOQUE,SOLO DANOS,20.0,20.0,34.0,14.0,4,Hotspot persistente con severidad media-alta,Prioridad 2 - Auditoría de seguridad vial,24,18,2,164,1013.0,794.0,219.0,0.9251313485113836,0.9398423817863397,0.648598949211909,1.0,0.9427904261529481,89.12726211325162,356,Prioridad 3 - Monitoreo y gestión preventiva,1018,1255,496,Hotspot preventivo prioritario
4.498,-74.107,44,88,2.0,USME,EL PROGRESO USME,AUTOPISTA AL LLANO,CHOQUE,SOLO DANOS,22.0,24.0,16.0,26.0,4,Hotspot persistente con severidad media-alta,Prioridad 2 - Auditoría de seguridad vial,24,18,2,164,1013.0,794.0,219.0,0.9251313485113836,0.9398423817863397,0.648598949211909,1.0,0.9427904261529481,89.12726211325162,357,Prioridad 3 - Monitoreo y gestión preventiva,1019,1256,497,Hotspot preventivo prioritario
4.623,-74.19,46,82,1.7826086956521738,BOSA,BOSA NOVA EL PORVENIR,SIN_NMG,CHOQUE,SOLO DANOS,16.0,14.0,14.0,38.0,4,Hotspot persistente con severidad media-alta,Prioridad 2 - Auditoría de seguridad vial,30,14,2,150,1141.0,927.0,214.0,0.9296555750145943,0.9324576765907764,0.5350262697022767,1.0,0.9427904261529481,86.79859894921191,624,Seguimiento,1142,1185,687,Seguimiento
4.616,-74.082,46,82,1.7826086956521738,LOS MARTIRES,SANTA FE,SIN_NMG,CHOQUE,SOLO DANOS,18.0,18.0,18.0,28.0,4,Hotspot persistente con severidad media-alta,Prioridad 2 - Auditoría de seguridad vial,30,14,2,150,1141.0,927.0,214.0,0.9296555750145943,0.9324576765907764,0.5350262697022767,1.0,0.9427904261529481,86.79859894921191,623,Seguimiento,1141,1184,686,Seguimiento
4.645,-74.079,64,116,1.8125,TEUSAQUILLO,NICOLAS DE FEDERMAN,AVENIDA CIUDAD DE QUITO,CHOQUE,SOLO DANOS,20.0,50.0,42.0,4.0,4,Hotspot persistente con severidad media-alta,Prioridad 2 - Auditoría de seguridad vial,42,18,4,232,624.0,411.0,213.0,0.9575014594279042,0.9630472854640981,0.5571803852889667,1.0,0.9885872737886748,89.3263280793929,324,Prioridad 3 - Monitoreo y gestión preventiva,627,716,195,Hotspot preventivo prioritario
4.609,-74.118,58,130,2.2413793103448274,PUENTE ARANDA,LA CAMELIA,AVENIDA BATALLON CALDAS,CHOQUE,CON HERIDOS,26.0,24.0,32.0,48.0,4,Hotspot persistente con severidad media-alta,Prioridad 2 - Auditoría de seguridad vial,26,28,4,266,521.0,309.0,212.0,0.9500291885580853,0.9693812025685931,0.7459136018680678,1.0,0.9885872737886748,93.07822533566842,59,Prioridad 2 - Auditoría de seguridad vial,521,834,113,Hotspot de severidad/fatalidad
4.586,-74.131,54,134,2.4814814814814814,TUNJUELITO,SAMORE,AVENIDA JORGE GAITAN CORTES,CHOQUE,CON HERIDOS,26.0,54.0,24.0,30.0,4,Hotspot persistente con severidad media-alta,Prioridad 2 - Auditoría de seguridad vial,18,32,4,278,491.0,279.0,212.0,0.9440163455925278,0.9710741389375365,0.8024226503210742,1.0,0.9885872737886748,94.12200817279628,20,Prioridad 1 - Intervención prioritaria,491,930,95,Hotspot de severidad/fatalidad
4.595,-74.138,72,152,2.111111111111111,TUNJUELITO,VENECIA,AVENIDA DEL CONGRESO EUCARISTICO,CHOQUE,SOLO DANOS,26.0,40.0,58.0,28.0,4,Hotspot persistente con severidad media-alta,Prioridad 2 - Auditoría de seguridad vial,40,24,8,360,366.0,155.0,211.0,0.9656158785755984,0.9785172212492703,0.7155283129013427,1.0,0.998861646234676,93.17046117921774,53,Prioridad 2 - Auditoría de seguridad vial,367,573,16,Hotspot de severidad/fatalidad
4.603,-74.093,68,144,2.1176470588235294,LOS MARTIRES,LA PEPITA,SIN_NMG,CHOQUE,SOLO DANOS,44.0,28.0,40.0,32.0,4,Hotspot persistente con severidad media-alta,Prioridad 2 - Auditoría de seguridad vial,36,26,6,316,414.0,206.0,208.0,0.961646234676007,0.9754816112084063,0.7176298890834792,1.0,0.9967308814944542,93.02977232924692,61,Prioridad 2 - Auditoría de seguridad vial,415,644,41,Hotspot de severidad/fatalidad
4.509,-74.107,46,86,1.8695652173913044,USME,LA CABANA,SIN_NMG,CHOQUE,SOLO DANOS,18.0,32.0,28.0,8.0,4,Hotspot persistente con severidad media-alta,Prioridad 2 - Auditoría de seguridad vial,28,16,2,158,1051.0,843.0,208.0,0.9296555750145943,0.9374781085814361,0.5734384121424402,1.0,0.9427904261529481,87.66725043782839,546,Seguimiento,1059,1183,630,Seguimiento
4.554,-74.14,46,86,1.8695652173913044,CIUDAD BOLIVAR,GIBRALTAR SUR,SIN_NMG,CHOQUE,SOLO DANOS,14.0,14.0,24.0,34.0,4,Hotspot persistente con severidad media-alta,Prioridad 2 - Auditoría de seguridad vial,28,16,2,158,1051.0,843.0,208.0,0.9296555750145943,0.9374781085814361,0.5734384121424402,1.0,0.9427904261529481,87.66725043782839,545,Seguimiento,1058,1182,629,Seguimiento
4.594,-74.097,64,112,1.75,LOS MARTIRES,LA FRAGUITA,AVENIDA DE LA HORTUA,CHOQUE,SOLO DANOS,52.0,22.0,2.0,36.0,4,Hotspot persistente con severidad media-alta,Prioridad 2 - Auditoría de seguridad vial,44,16,4,224,659.0,452.0,207.0,0.9575014594279042,0.961004086398132,0.5268534734384122,1.0,0.9885872737886748,88.67892586106245,409,Prioridad 3 - Monitoreo y gestión preventiva,667,717,206,Hotspot preventivo prioritario
4.67,-74.06,66,114,1.7272727272727273,CHAPINERO,ANTIGUO COUNTRY,AVENIDA PASEO DE LOS LIBERTADORES,CHOQUE,SOLO DANOS,8.0,38.0,30.0,38.0,4,Hotspot persistente con severidad media-alta,Prioridad 2 - Auditoría de seguridad vial,46,16,4,226,645.0,438.0,207.0,0.9596614127262113,0.962025685931115,0.5196438995913601,1.0,0.9885872737886748,88.59836544074723,417,Prioridad 3 - Monitoreo y gestión preventiva,647,678,208,Hotspot preventivo prioritario
4.726,-74.059,48,72,1.5,SUBA,PRADO PINZON,AVENIDA CAMINO DEL PRADO,CHOQUE,SOLO DANOS,40.0,10.0,14.0,8.0,4,Hotspot exploratorio,Prioridad 3 - Seguimiento,38,8,2,128,1395.0,1191.0,204.0,0.9338879159369528,0.9171920607122008,0.40379451255107995,1.0,0.9427904261529481,83.95329830706363,912,Seguimiento,1407,1120,932,Seguimiento
4.665,-74.046,48,72,1.5,CHAPINERO,EL REFUGIO,,CHOQUE,SOLO DANOS,8.0,32.0,12.0,20.0,4,Hotspot exploratorio,Prioridad 3 - Seguimiento,38,8,2,128,1395.0,1191.0,204.0,0.9338879159369528,0.9171920607122008,0.40379451255107995,1.0,0.9427904261529481,83.95329830706363,911,Seguimiento,1406,1119,931,Seguimiento
4.595,-74.117,56,132,2.357142857142857,PUENTE ARANDA,AUTOPISTA MUZU ORIENTAL,AVENIDA CIUDAD DE QUITO,CHOQUE,CON HERIDOS,60.0,20.0,22.0,30.0,4,Hotspot persistente con severidad media-alta,Prioridad 2 - Auditoría de seguridad vial,22,30,4,272,503.0,300.0,203.0,0.9471395213076474,0.9702276707530648,0.7925861062463514,1.0,0.9885872737886748,93.97081144191478,28,Prioridad 1 - Intervención prioritaria,504,885,100,Hotspot de severidad/fatalidad
4.603,-74.097,44,96,2.1818181818181817,LOS MARTIRES,VERAGUAS,AVENIDA GENERAL SANTANDER,CHOQUE,CON HERIDOS,10.0,34.0,28.0,24.0,4,Hotspot persistente con severidad media-alta,Prioridad 2 - Auditoría de seguridad vial,20,22,2,180,878.0,675.0,203.0,0.9251313485113836,0.9477816695855225,0.72784588441331,1.0,0.9427904261529481,90.87098657326328,195,Prioridad 2 - Auditoría de seguridad vial,883,1251,400,Hotspot preventivo prioritario
4.589,-74.111,44,96,2.1818181818181817,ANTONIO NARIÑO,SANTANDER SUR,AVENIDA GENERAL SANTANDER,CHOQUE,CON HERIDOS,12.0,48.0,8.0,28.0,4,Hotspot persistente con severidad media-alta,Prioridad 2 - Auditoría de seguridad vial,20,22,2,180,878.0,675.0,203.0,0.9251313485113836,0.9477816695855225,0.72784588441331,1.0,0.9427904261529481,90.87098657326328,196,Prioridad 2 - Auditoría de seguridad vial,884,1252,401,Hotspot preventivo prioritario
4.55,-74.137,44,96,2.1818181818181817,CIUDAD BOLIVAR,LA ALAMEDA,AUTOPISTA AL LLANO O AVENIDA BOYACA,CHOQUE,CON HERIDOS,26.0,36.0,22.0,12.0,4,Hotspot persistente con severidad media-alta,Prioridad 2 - Auditoría de seguridad vial,20,22,2,180,878.0,675.0,203.0,0.9251313485113836,0.9477816695855225,0.72784588441331,1.0,0.9427904261529481,90.87098657326328,194,Prioridad 2 - Auditoría de seguridad vial,882,1250,399,Hotspot preventivo prioritario
4.559,-74.123,46,90,1.9565217391304348,RAFAEL URIBE URIBE,MOLINOS DEL SUR,SIN_NMG,CHOQUE,SOLO DANOS,18.0,8.0,26.0,38.0,4,Hotspot persistente con severidad media-alta,Prioridad 2 - Auditoría de seguridad vial,26,18,2,166,979.0,778.0,201.0,0.9296555750145943,0.9419439579684764,0.592031523642732,1.0,0.9427904261529481,88.12842965557502,486,Prioridad 3 - Monitoreo y gestión preventiva,986,1180,592,Hotspot preventivo prioritario
4.632,-74.153,46,90,1.9565217391304348,KENNEDY,CIUDAD KENNEDY NORTE,AVENIDA DE LAS AMERICAS,CHOQUE,SOLO DANOS,44.0,6.0,24.0,16.0,4,Hotspot persistente con severidad media-alta,Prioridad 2 - Auditoría de seguridad vial,26,18,2,166,979.0,778.0,201.0,0.9296555750145943,0.9419439579684764,0.592031523642732,1.0,0.9427904261529481,88.12842965557502,483,Prioridad 3 - Monitoreo y gestión preventiva,983,1177,589,Hotspot preventivo prioritario
4.613,-74.128,46,90,1.9565217391304348,PUENTE ARANDA,PROVIVIENDA NORTE,AVENIDA DEL CONGRESO EUCARISTICO,CHOQUE,SOLO DANOS,16.0,16.0,40.0,18.0,4,Hotspot persistente con severidad media-alta,Prioridad 2 - Auditoría de seguridad vial,26,18,2,166,979.0,778.0,201.0,0.9296555750145943,0.9419439579684764,0.592031523642732,1.0,0.9427904261529481,88.12842965557502,485,Prioridad 3 - Monitoreo y gestión preventiva,985,1179,591,Hotspot preventivo prioritario
4.606,-74.126,56,136,2.4285714285714284,PUENTE ARANDA,SAN EUSEBIO,SIN_NMG,CHOQUE,CON HERIDOS,34.0,30.0,26.0,46.0,4,Hotspot persistente con severidad media-alta,Prioridad 2 - Auditoría de seguridad vial,20,32,4,280,472.0,271.0,201.0,0.9471395213076474,0.9720081727962638,0.7985113835376533,1.0,0.9885872737886748,94.1249270286048,18,Prioridad 1 - Intervención prioritaria,472,884,94,Hotspot de severidad/fatalidad
4.679,-74.074,46,90,1.9565217391304348,BARRIOS UNIDOS,JORGE ELIECER GAITAN,AVENIDA MEDELLIN,CHOQUE,SOLO DANOS,10.0,10.0,48.0,22.0,4,Hotspot persistente con severidad media-alta,Prioridad 2 - Auditoría de seguridad vial,26,18,2,166,979.0,778.0,201.0,0.9296555750145943,0.9419439579684764,0.592031523642732,1.0,0.9427904261529481,88.12842965557502,484,Prioridad 3 - Monitoreo y gestión preventiva,984,1178,590,Hotspot preventivo prioritario
4.696,-74.171,88,136,1.5454545454545454,FONTIBON,EL CHARCO,AVENIDA CENTENARIO,CHOQUE,SOLO DANOS,34.0,20.0,40.0,42.0,4,Hotspot exploratorio,Prioridad 3 - Seguimiento,70,12,6,280,472.0,271.0,201.0,0.9758026853473438,0.9720081727962638,0.4262405137186223,1.0,0.9967308814944542,87.41564506713368,569,Seguimiento,478,409,76,Seguimiento
4.623,-74.163,46,90,1.9565217391304348,KENNEDY,VILLA NELLY III SECTOR,AVENIDA AGOBERTO MEJIA CIFUENTES,CHOQUE,SOLO DANOS,16.0,34.0,6.0,34.0,4,Hotspot persistente con severidad media-alta,Prioridad 2 - Auditoría de seguridad vial,26,18,2,166,979.0,778.0,201.0,0.9296555750145943,0.9419439579684764,0.592031523642732,1.0,0.9427904261529481,88.12842965557502,487,Prioridad 3 - Monitoreo y gestión preventiva,987,1181,593,Hotspot preventivo prioritario
4.67,-74.155,44,100,2.272727272727273,FONTIBON,SABANA GRANDE,SIN_NMG,CHOQUE,CON HERIDOS,6.0,28.0,38.0,28.0,4,Hotspot persistente con severidad media-alta,Prioridad 2 - Auditoría de seguridad vial,18,24,2,188,821.0,622.0,199.0,0.9251313485113836,0.9512842965557502,0.7512842965557501,1.0,0.9427904261529481,91.40980735551665,151,Prioridad 2 - Auditoría de seguridad vial,823,1247,378,Hotspot preventivo prioritario
4.509,-74.114,44,100,2.272727272727273,USME,GRAN YOMASA,AVENIDA CARACAS,CHOQUE,CON HERIDOS,12.0,42.0,8.0,38.0,4,Hotspot persistente con severidad media-alta,Prioridad 2 - Auditoría de seguridad vial,18,24,2,188,821.0,622.0,199.0,0.9251313485113836,0.9512842965557502,0.7512842965557501,1.0,0.9427904261529481,91.40980735551665,153,Prioridad 2 - Auditoría de seguridad vial,825,1249,380,Hotspot preventivo prioritario
4.702,-74.108,44,100,2.272727272727273,ENGATIVA,PARIS,SIN_NMG,CHOQUE,CON HERIDOS,14.0,34.0,36.0,16.0,4,Hotspot persistente con severidad media-alta,Prioridad 2 - Auditoría de seguridad vial,18,24,2,188,821.0,622.0,199.0,0.9251313485113836,0.9512842965557502,0.7512842965557501,1.0,0.9427904261529481,91.40980735551665,152,Prioridad 2 - Auditoría de seguridad vial,824,1248,379,Hotspot preventivo prioritario
4.667,-74.148,48,84,1.75,FONTIBON,SABANA GRANDE,AVENIDA CENTENARIO,CHOQUE,SOLO DANOS,2.0,18.0,34.0,30.0,4,Hotspot persistente con severidad media-alta,Prioridad 2 - Auditoría de seguridad vial,32,14,2,152,1094.0,900.0,194.0,0.9338879159369528,0.9348511383537653,0.5268534734384122,1.0,0.9427904261529481,86.76765907764157,643,Seguimiento,1103,1114,704,Seguimiento
4.674,-74.147,48,84,1.75,FONTIBON,CENTRO FONTIBON,SIN_NMG,CHOQUE,SOLO DANOS,6.0,26.0,12.0,40.0,4,Hotspot persistente con severidad media-alta,Prioridad 2 - Auditoría de seguridad vial,32,14,2,152,1094.0,900.0,194.0,0.9338879159369528,0.9348511383537653,0.5268534734384122,1.0,0.9427904261529481,86.76765907764157,644,Seguimiento,1104,1115,705,Seguimiento
4.633,-74.138,48,84,1.75,KENNEDY,LAS DOS AVENIDAS,AVENIDA BOYACA,CHOQUE,SOLO DANOS,36.0,20.0,14.0,14.0,4,Hotspot persistente con severidad media-alta,Prioridad 2 - Auditoría de seguridad vial,32,14,2,152,1094.0,900.0,194.0,0.9338879159369528,0.9348511383537653,0.5268534734384122,1.0,0.9427904261529481,86.76765907764157,642,Seguimiento,1102,1113,703,Seguimiento
4.595,-74.135,46,98,2.130434782608696,PUENTE ARANDA,OSPINA PEREZ SUR,AVENIDA CIUDAD DE QUITO,CHOQUE,CON HERIDOS,16.0,18.0,24.0,40.0,4,Hotspot persistente con severidad media-alta,Prioridad 2 - Auditoría de seguridad vial,22,22,2,182,851.0,659.0,192.0,0.9296555750145943,0.949620548744892,0.7187974314068885,1.0,0.9427904261529481,90.81727962638645,200,Prioridad 2 - Auditoría de seguridad vial,853,1174,402,Hotspot preventivo prioritario
4.594,-74.112,46,98,2.130434782608696,ANTONIO NARIÑO,SANTANDER,AVENIDA PRIMERO DE MAYO,CHOQUE,CON HERIDOS,16.0,26.0,40.0,16.0,4,Hotspot persistente con severidad media-alta,Prioridad 2 - Auditoría de seguridad vial,22,22,2,182,851.0,659.0,192.0,0.9296555750145943,0.949620548744892,0.7187974314068885,1.0,0.9427904261529481,90.81727962638645,201,Prioridad 3 - Monitoreo y gestión preventiva,854,1175,403,Hotspot preventivo prioritario
4.58,-74.143,70,130,1.8571428571428572,TUNJUELITO,MUZU,AVENIDA JORGE GAITAN CORTES,CHOQUE,SOLO DANOS,24.0,30.0,50.0,26.0,4,Hotspot persistente con severidad media-alta,Prioridad 2 - Auditoría de seguridad vial,44,22,4,254,521.0,331.0,190.0,0.963543490951547,0.9693812025685931,0.5685931115002919,1.0,0.9885872737886748,89.80210157618214,286,Prioridad 3 - Monitoreo y gestión preventiva,524,613,183,Hotspot preventivo prioritario
4.627,-74.138,86,158,1.8372093023255813,KENNEDY,HIPOTECHO,AVENIDA BOYACA,CHOQUE,SOLO DANOS,46.0,52.0,24.0,36.0,4,Hotspot persistente con severidad media-alta,Prioridad 2 - Auditoría de seguridad vial,58,20,8,358,345.0,157.0,188.0,0.9745475773496789,0.9797723292469352,0.562405137186223,1.0,0.998861646234676,90.31173380035027,241,Prioridad 3 - Monitoreo y gestión preventiva,345,430,21,Hotspot preventivo prioritario
4.632,-74.112,72,128,1.7777777777777777,PUENTE ARANDA,CENTRO INDUSTRIAL,AVENIDA CENTENARIO,CHOQUE,SOLO DANOS,34.0,18.0,24.0,52.0,4,Hotspot persistente con severidad media-alta,Prioridad 2 - Auditoría de seguridad vial,48,20,4,248,531.0,343.0,188.0,0.9656158785755984,0.9685055458260362,0.5343549328663164,1.0,0.9885872737886748,89.14127262113253,354,Prioridad 3 - Monitoreo y gestión preventiva,534,578,198,Hotspot preventivo prioritario
4.574,-74.153,58,138,2.3793103448275863,CIUDAD BOLIVAR,ARBORIZADORA BAJA,AVENIDA CIUDAD DE VILLAVICENCIO,CHOQUE,CON HERIDOS,38.0,28.0,12.0,60.0,4,Hotspot persistente con severidad media-alta,Prioridad 2 - Auditoría de seguridad vial,22,32,4,282,456.0,268.0,188.0,0.9500291885580853,0.9730005837711617,0.7935785172212493,1.0,0.9885872737886748,94.10391126678344,22,Prioridad 1 - Intervención prioritaria,456,832,96,Hotspot de severidad/fatalidad
4.612,-74.116,48,88,1.8333333333333333,PUENTE ARANDA,LA CAMELIA,AVENIDA BATALLON CALDAS,CHOQUE,SOLO DANOS,22.0,22.0,26.0,18.0,4,Hotspot persistente con severidad media-alta,Prioridad 2 - Auditoría de seguridad vial,30,16,2,160,1013.0,825.0,188.0,0.9338879159369528,0.9398423817863397,0.5607997664915353,1.0,0.9427904261529481,87.54640980735552,559,Seguimiento,1020,1112,641,Seguimiento
4.684,-74.124,70,118,1.6857142857142857,FONTIBON,PUERTA DE TEJA,AVENIDA JORGE ELIECER GAITAN,CHOQUE,SOLO DANOS,16.0,48.0,20.0,34.0,4,Hotspot exploratorio,Prioridad 3 - Seguimiento,50,16,4,230,605.0,418.0,187.0,0.963543490951547,0.9642440163455925,0.5119381202568594,1.0,0.9885872737886748,88.56625802685349,419,Prioridad 3 - Monitoreo y gestión preventiva,610,616,210,Hotspot preventivo prioritario
4.754,-74.091,46,94,2.0434782608695654,SUBA,EL PINO,AVENIDA DE LAS MERCEDES,CHOQUE,SOLO DANOS,8.0,6.0,28.0,52.0,4,Hotspot persistente con severidad media-alta,Prioridad 2 - Auditoría de seguridad vial,24,20,2,174,914.0,727.0,187.0,0.9296555750145943,0.9457092819614711,0.7046701692936369,1.0,0.9427904261529481,90.45650904845301,227,Prioridad 3 - Monitoreo y gestión preventiva,919,1176,413,Hotspot preventivo prioritario
4.688,-74.062,48,92,1.9166666666666667,BARRIOS UNIDOS,LA CASTELLANA,AVENIDA ESPANA,CHOQUE,SOLO DANOS,20.0,26.0,16.0,30.0,4,Hotspot persistente con severidad media-alta,Prioridad 2 - Auditoría de seguridad vial,28,18,2,168,949.0,762.0,187.0,0.9338879159369528,0.9438412142440163,0.5859894921190894,1.0,0.9427904261529481,88.13018096906013,482,Prioridad 3 - Monitoreo y gestión preventiva,954,1110,588,Hotspot preventivo prioritario
4.62,-74.076,48,92,1.9166666666666667,TEUSAQUILLO,ESTRELLA,AVENIDA JORGE ELIECER GAITAN,CHOQUE,SOLO DANOS,32.0,8.0,32.0,20.0,4,Hotspot persistente con severidad media-alta,Prioridad 2 - Auditoría de seguridad vial,28,18,2,168,949.0,762.0,187.0,0.9338879159369528,0.9438412142440163,0.5859894921190894,1.0,0.9427904261529481,88.13018096906013,480,Prioridad 3 - Monitoreo y gestión preventiva,952,1108,586,Hotspot preventivo prioritario
4.579,-74.143,48,92,1.9166666666666667,TUNJUELITO,MUZU,AVENIDA JORGE GAITAN CORTES,CHOQUE,SOLO DANOS,20.0,24.0,24.0,24.0,4,Hotspot persistente con severidad media-alta,Prioridad 2 - Auditoría de seguridad vial,28,18,2,168,949.0,762.0,187.0,0.9338879159369528,0.9438412142440163,0.5859894921190894,1.0,0.9427904261529481,88.13018096906013,481,Prioridad 3 - Monitoreo y gestión preventiva,953,1109,587,Hotspot preventivo prioritario
4.689,-74.163,48,68,1.4166666666666667,FONTIBON,SAN PABLO JERICO,AVENIDA CENTENARIO,CHOQUE,SOLO DANOS,20.0,18.0,10.0,20.0,4,Hotspot exploratorio,Prioridad 3 - Seguimiento,40,6,2,120,1511.0,1326.0,185.0,0.9338879159369528,0.910245183887916,0.3717454757734968,1.0,0.9427904261529481,83.17338003502627,953,Seguimiento,1527,1121,967,Seguimiento
4.601,-74.082,48,100,2.0833333333333335,SANTA FE,SANTA INES,AVENIDA CARACAS,CHOQUE,SOLO DANOS,26.0,30.0,28.0,16.0,4,Hotspot persistente con severidad media-alta,Prioridad 2 - Auditoría de seguridad vial,24,22,2,184,821.0,639.0,182.0,0.9338879159369528,0.9512842965557502,0.7106830122591944,1.0,0.9427904261529481,90.77291301809692,203,Prioridad 3 - Monitoreo y gestión preventiva,826,1104,405,Hotspot preventivo prioritario
4.634,-74.164,44,104,2.3636363636363638,KENNEDY,PATIO BONITO II,AVENIDA CIUDAD DE CALI,CHOQUE,CON HERIDOS,46.0,14.0,32.0,12.0,4,Hotspot persistente con severidad media-alta,Prioridad 2 - Auditoría de seguridad vial,16,26,2,196,754.0,572.0,182.0,0.9251313485113836,0.9551079976649154,0.792790426152948,1.0,0.9427904261529481,92.31640396964391,99,Prioridad 2 - Auditoría de seguridad vial,755,1246,345,Hotspot preventivo prioritario
4.614,-74.168,44,104,2.3636363636363638,KENNEDY,PASTRANA,AVENIDA PRIMERO DE MAYO,CHOQUE,CON HERIDOS,24.0,26.0,44.0,10.0,4,Hotspot persistente con severidad media-alta,Prioridad 2 - Auditoría de seguridad vial,16,26,2,196,754.0,572.0,182.0,0.9251313485113836,0.9551079976649154,0.792790426152948,1.0,0.9427904261529481,92.31640396964391,98,Prioridad 2 - Auditoría de seguridad vial,754,1245,344,Hotspot preventivo prioritario
4.606,-74.131,48,100,2.0833333333333335,PUENTE ARANDA,TEJAR,AVENIDA DEL CONGRESO EUCARISTICO,CHOQUE,SOLO DANOS,26.0,16.0,38.0,20.0,4,Hotspot persistente con severidad media-alta,Prioridad 2 - Auditoría de seguridad vial,24,22,2,184,821.0,639.0,182.0,0.9338879159369528,0.9512842965557502,0.7106830122591944,1.0,0.9427904261529481,90.77291301809692,204,Prioridad 3 - Monitoreo y gestión preventiva,827,1105,406,Hotspot preventivo prioritario
4.594,-74.135,46,102,2.217391304347826,TUNJUELITO,VENECIA,AVENIDA CIUDAD DE QUITO,CHOQUE,CON HERIDOS,10.0,18.0,32.0,42.0,4,Hotspot persistente con severidad media-alta,Prioridad 2 - Auditoría de seguridad vial,20,24,2,190,787.0,608.0,179.0,0.9296555750145943,0.9531523642732049,0.7444833625218914,1.0,0.9427904261529481,91.40163455925277,155,Prioridad 2 - Auditoría de seguridad vial,789,1173,382,Hotspot preventivo prioritario
4.608,-74.185,44,108,2.4545454545454546,BOSA,JIMENEZ DE QUESADA II SECTOR,SIN_NMG,CHOQUE,CON HERIDOS,30.0,32.0,14.0,32.0,4,Hotspot persistente con severidad media-alta,Prioridad 2 - Auditoría de seguridad vial,14,28,2,204,708.0,531.0,177.0,0.9251313485113836,0.9580852305896089,0.801517805020432,1.0,0.9427904261529481,92.55049620548746,80,Prioridad 2 - Auditoría de seguridad vial,708,1244,329,Hotspot preventivo prioritario
4.612,-74.093,70,134,1.9142857142857144,PUENTE ARANDA,PENSILVANIA,AVENIDA CIUDAD DE QUITO,CHOQUE,SOLO DANOS,20.0,14.0,40.0,60.0,4,Hotspot persistente con severidad media-alta,Prioridad 2 - Auditoría de seguridad vial,42,24,4,262,491.0,316.0,175.0,0.963543490951547,0.9710741389375365,0.5857267950963222,1.0,0.9885872737886748,90.17863397548162,248,Prioridad 3 - Monitoreo y gestión preventiva,493,612,169,Hotspot preventivo prioritario
4.701,-74.098,48,80,1.6666666666666667,ENGATIVA,PARIS GAITAN,AVENIDA MEDELLIN,CHOQUE,SOLO DANOS,28.0,18.0,26.0,8.0,4,Hotspot exploratorio,Prioridad 3 - Seguimiento,34,12,2,144,1176.0,1002.0,174.0,0.9338879159369528,0.9298015178050204,0.48362521891418564,1.0,0.9427904261529481,85.80210157618214,761,Seguimiento,1191,1118,794,Seguimiento
4.617,-74.138,48,80,1.6666666666666667,KENNEDY,PROVIVIENDA,AVENIDA PRIMERO DE MAYO,CHOQUE,SOLO DANOS,30.0,26.0,10.0,14.0,4,Hotspot exploratorio,Prioridad 3 - Seguimiento,34,12,2,144,1176.0,1002.0,174.0,0.9338879159369528,0.9298015178050204,0.48362521891418564,1.0,0.9427904261529481,85.80210157618214,759,Seguimiento,1189,1116,792,Seguimiento
4.675,-74.084,48,80,1.6666666666666667,BARRIOS UNIDOS,SAN FERNANDO OCCIDENTAL,AVENIDA GABRIEL ANDRADE,CHOQUE,SOLO DANOS,14.0,26.0,16.0,24.0,4,Hotspot exploratorio,Prioridad 3 - Seguimiento,34,12,2,144,1176.0,1002.0,174.0,0.9338879159369528,0.9298015178050204,0.48362521891418564,1.0,0.9427904261529481,85.80210157618214,760,Seguimiento,1190,1117,793,Seguimiento
4.7,-74.092,50,86,1.72,ENGATIVA,AUTOPISTA MEDELLIN,SIN_NMG,CHOQUE,SOLO DANOS,12.0,32.0,28.0,14.0,4,Hotspot persistente con severidad media-alta,Prioridad 2 - Auditoría de seguridad vial,34,14,2,154,1051.0,879.0,172.0,0.9377116170461179,0.9374781085814361,0.5175423234092236,1.0,0.9427904261529481,86.71044950379452,656,Seguimiento,1060,1050,717,Seguimiento
4.6,-74.105,51,91,1.7843137254901962,PUENTE ARANDA,SANTA ISABEL SUR,AVENIDA CIUDAD DE QUITO,CHOQUE,SOLO DANOS,23.0,4.0,28.0,36.0,4,Hotspot persistente con severidad media-alta,Prioridad 2 - Auditoría de seguridad vial,33,16,2,163,978.0,809.0,169.0,0.9394629305312318,0.9429655575014594,0.5352305896088734,1.0,0.9427904261529481,87.20899007589026,593,Seguimiento,978,1038,665,Seguimiento
4.689,-74.094,50,82,1.64,ENGATIVA,BONANZA,AVENIDA BOYACA,CHOQUE,SOLO DANOS,20.0,32.0,14.0,16.0,4,Hotspot exploratorio,Prioridad 3 - Seguimiento,36,12,2,146,1141.0,973.0,168.0,0.9377116170461179,0.9324576765907764,0.4546993578517221,1.0,0.9427904261529481,85.35318155283129,794,Seguimiento,1145,1054,824,Seguimiento
4.653,-74.056,50,82,1.64,CHAPINERO,QUINTA CAMACHO,AVENIDA ALBERTO LLERAS CAMARGO,CHOQUE,SOLO DANOS,24.0,22.0,18.0,18.0,4,Hotspot exploratorio,Prioridad 3 - Seguimiento,36,12,2,146,1141.0,973.0,168.0,0.9377116170461179,0.9324576765907764,0.4546993578517221,1.0,0.9427904261529481,85.35318155283129,793,Seguimiento,1144,1053,823,Seguimiento
4.685,-74.158,94,142,1.5106382978723405,FONTIBON,EL CHANCO I,AVENIDA CENTENARIO,CHOQUE,SOLO DANOS,8.0,12.0,72.0,50.0,4,Hotspot exploratorio,Prioridad 3 - Seguimiento,76,12,6,286,429.0,262.0,167.0,0.9788674839462931,0.9746059544658494,0.41999416228838293,1.0,0.9967308814944542,87.40396964389959,575,Seguimiento,434,361,77,Seguimiento
4.576,-74.121,42,118,2.8095238095238093,RAFAEL URIBE URIBE,QUIROGA SUR,AVENIDA CARACAS,ATROPELLO,CON HERIDOS,62.0,14.0,14.0,28.0,4,Hotspot persistente con severidad media-alta,Prioridad 2 - Auditoría de seguridad vial,6,34,2,226,605.0,438.0,167.0,0.9201984821949796,0.9642440163455925,0.8380326911850554,1.0,0.9427904261529481,93.3053123175715,51,Prioridad 2 - Auditoría de seguridad vial,605,1326,315,Hotspot preventivo prioritario
4.618,-74.15,76,156,2.0526315789473686,KENNEDY,CIUDAD KENNEDY ORIENTAL,AVENIDA PRIMERO DE MAYO,CHOQUE,SOLO DANOS,60.0,32.0,38.0,26.0,4,Hotspot persistente con severidad media-alta,Prioridad 2 - Auditoría de seguridad vial,42,28,6,332,351.0,184.0,167.0,0.9689433741973147,0.9794804436660829,0.7052539404553415,1.0,0.9967308814944542,93.00817279626386,62,Prioridad 2 - Auditoría de seguridad vial,351,524,42,Hotspot de severidad/fatalidad
4.762,-74.071,68,136,2.0,SUBA,VEREDA SUBA CERROS II,AVENIDA SAN JOSE,CHOQUE,SOLO DANOS,32.0,22.0,34.0,48.0,4,Hotspot persistente con severidad media-alta,Prioridad 2 - Auditoría de seguridad vial,38,26,4,268,472.0,306.0,166.0,0.961646234676007,0.9720081727962638,0.648598949211909,1.0,0.9885872737886748,91.4168126094571,149,Prioridad 2 - Auditoría de seguridad vial,475,646,134,Hotspot de severidad/fatalidad
4.604,-74.18,48,96,2.0,BOSA,JOSE ANTONIO GALAN,AVENIDA BOSA,CHOQUE,SOLO DANOS,12.0,32.0,10.0,42.0,4,Hotspot persistente con severidad media-alta,Prioridad 2 - Auditoría de seguridad vial,26,20,2,176,878.0,713.0,165.0,0.9338879159369528,0.9477816695855225,0.648598949211909,1.0,0.9427904261529481,89.46117921774665,318,Prioridad 3 - Monitoreo y gestión preventiva,885,1106,466,Hotspot preventivo prioritario
4.749,-74.1,50,94,1.88,SUBA,TIBABUYES,AVENIDA TRANSVERSAL DE SUBA,CHOQUE,SOLO DANOS,36.0,8.0,24.0,26.0,4,Hotspot persistente con severidad media-alta,Prioridad 2 - Auditoría de seguridad vial,30,18,2,170,914.0,750.0,164.0,0.9377116170461179,0.9457092819614711,0.5749854057209574,1.0,0.9427904261529481,88.02393461762989,497,Prioridad 3 - Monitoreo y gestión preventiva,920,1048,595,Hotspot preventivo prioritario
4.619,-74.143,60,144,2.4,KENNEDY,CIUDAD KENNEDY ORIENTAL,AVENIDA PRIMERO DE MAYO,CHOQUE,CON HERIDOS,42.0,52.0,20.0,30.0,4,Hotspot persistente con severidad media-alta,Prioridad 2 - Auditoría de seguridad vial,22,34,4,292,414.0,250.0,164.0,0.953035610040864,0.9754816112084063,0.7953298307063631,1.0,0.9885872737886748,94.24868651488616,16,Prioridad 1 - Intervención prioritaria,414,782,92,Hotspot de severidad/fatalidad
4.665,-74.143,106,162,1.528301886792453,FONTIBON,GUADUAL FONTIBON,AVENIDA CENTENARIO,CHOQUE,SOLO DANOS,34.0,32.0,30.0,66.0,4,Hotspot exploratorio,Prioridad 3 - Seguimiento,86,12,8,346,327.0,165.0,162.0,0.9826911850554583,0.9805896088733217,0.42197898423817864,1.0,0.998861646234676,87.68242848803268,541,Seguimiento,331,296,24,Seguimiento
4.629,-74.082,48,60,1.25,TEUSAQUILLO,ACEVEDO TEJADA,AVENIDA JORGE ELIECER GAITAN,CHOQUE,SOLO DANOS,14.0,16.0,12.0,18.0,4,Hotspot exploratorio,Prioridad 3 - Seguimiento,44,2,2,104,1796.0,1635.0,161.0,0.9338879159369528,0.8931406888499708,0.3110332749562172,1.0,0.9427904261529481,81.61704611792177,1089,Seguimiento,1816,1124,1051,Seguimiento
4.607,-74.184,50,98,1.96,BOSA,JIMENEZ DE QUESADA,SIN_NMG,CHOQUE,SOLO DANOS,26.0,14.0,40.0,18.0,4,Hotspot persistente con severidad media-alta,Prioridad 2 - Auditoría de seguridad vial,28,20,2,178,851.0,690.0,161.0,0.9377116170461179,0.949620548744892,0.59241097489784,1.0,0.9427904261529481,88.45067133683597,440,Prioridad 3 - Monitoreo y gestión preventiva,855,1045,558,Hotspot preventivo prioritario
4.731,-74.032,50,98,1.96,USAQUEN,BARRANCAS,AVENIDA LAUREANO GOMEZ,CHOQUE,SOLO DANOS,34.0,16.0,36.0,12.0,4,Hotspot persistente con severidad media-alta,Prioridad 2 - Auditoría de seguridad vial,28,20,2,178,851.0,690.0,161.0,0.9377116170461179,0.949620548744892,0.59241097489784,1.0,0.9427904261529481,88.45067133683597,441,Prioridad 3 - Monitoreo y gestión preventiva,856,1046,559,Hotspot preventivo prioritario
4.597,-74.114,48,108,2.25,PUENTE ARANDA,AUTOPISTA MUZU ORIENTAL,AVENIDA PRIMERO DE MAYO,CHOQUE,CON HERIDOS,22.0,30.0,44.0,12.0,4,Hotspot persistente con severidad media-alta,Prioridad 2 - Auditoría de seguridad vial,20,26,2,200,708.0,548.0,160.0,0.9338879159369528,0.9580852305896089,0.7480735551663747,1.0,0.9427904261529481,91.65674255691769,140,Prioridad 2 - Auditoría de seguridad vial,709,1102,371,Hotspot preventivo prioritario
4.554,-74.092,48,132,2.75,SAN CRISTOBAL,ATENAS,AVENIDA CIUDAD DE VILLAVICENCIO,ATROPELLO,CON HERIDOS,48.0,36.0,24.0,24.0,4,Hotspot persistente con severidad media-alta,Prioridad 2 - Auditoría de seguridad vial,8,38,2,248,503.0,343.0,160.0,0.9338879159369528,0.9702276707530648,0.8360478692352598,1.0,0.9427904261529481,93.65907764156451,37,Prioridad 1 - Intervención prioritaria,505,1099,310,Hotspot preventivo prioritario
4.722,-74.097,48,104,2.1666666666666665,SUBA,RINCON DE SUBA,AVENIDA CIUDAD DE CALI,CHOQUE,CON HERIDOS,14.0,28.0,36.0,26.0,4,Hotspot persistente con severidad media-alta,Prioridad 2 - Auditoría de seguridad vial,22,24,2,192,754.0,595.0,159.0,0.9338879159369528,0.9551079976649154,0.7261237594862814,1.0,0.9427904261529481,91.15820198482196,166,Prioridad 2 - Auditoría de seguridad vial,757,1103,384,Hotspot preventivo prioritario
4.638,-74.172,50,102,2.04,KENNEDY,DINDALITO,SIN_NMG,CHOQUE,SOLO DANOS,38.0,12.0,16.0,36.0,4,Hotspot persistente con severidad media-alta,Prioridad 2 - Auditoría de seguridad vial,26,22,2,186,787.0,630.0,157.0,0.9377116170461179,0.9531523642732049,0.7044074722708699,1.0,0.9427904261529481,90.76123759486283,206,Prioridad 3 - Monitoreo y gestión preventiva,791,1043,408,Hotspot preventivo prioritario
4.601,-74.144,68,140,2.0588235294117645,KENNEDY,LAS DELICIAS,AVENIDA BOYACA,CHOQUE,SOLO DANOS,60.0,52.0,14.0,14.0,4,Hotspot persistente con severidad media-alta,Prioridad 2 - Auditoría de seguridad vial,36,28,4,276,444.0,287.0,157.0,0.961646234676007,0.9738178633975482,0.7061587857559837,1.0,0.9885872737886748,92.60420315236428,79,Prioridad 2 - Auditoría de seguridad vial,444,645,117,Hotspot de severidad/fatalidad
4.57,-74.148,46,110,2.391304347826087,CIUDAD BOLIVAR,EL CHIRCAL SUR,AVENIDA CIUDAD DE VILLAVICENCIO,CHOQUE,CON HERIDOS,38.0,20.0,22.0,30.0,4,Hotspot persistente con severidad media-alta,Prioridad 2 - Auditoría de seguridad vial,16,28,2,206,680.0,523.0,157.0,0.9296555750145943,0.9595738470519556,0.7944541739638062,1.0,0.9427904261529481,92.52948044366607,81,Prioridad 2 - Auditoría de seguridad vial,681,1171,330,Hotspot preventivo prioritario
4.695,-74.124,50,102,2.04,ENGATIVA,AEROPUERTO EL DORADO,AVENIDA JOSE CELESTINO MUTIS,CHOQUE,SOLO DANOS,8.0,8.0,50.0,36.0,4,Hotspot persistente con severidad media-alta,Prioridad 2 - Auditoría de seguridad vial,26,22,2,186,787.0,630.0,157.0,0.9377116170461179,0.9531523642732049,0.7044074722708699,1.0,0.9427904261529481,90.76123759486283,205,Prioridad 3 - Monitoreo y gestión preventiva,790,1042,407,Hotspot preventivo prioritario
4.624,-74.164,46,122,2.652173913043478,KENNEDY,CHUCUA DE LA VACA II,SIN_NMG,CHOQUE,CON HERIDOS,14.0,42.0,34.0,32.0,4,Hotspot persistente con severidad media-alta,Prioridad 2 - Auditoría de seguridad vial,10,34,2,230,575.0,418.0,157.0,0.9296555750145943,0.9660537069468769,0.8281961471103327,1.0,0.9427904261529481,93.33391710449504,49,Prioridad 1 - Intervención prioritaria,576,1170,314,Hotspot preventivo prioritario
4.564,-74.146,50,102,2.04,CIUDAD BOLIVAR,LAS ACACIAS,SIN_NMG,CHOQUE,SOLO DANOS,12.0,28.0,26.0,36.0,4,Hotspot persistente con severidad media-alta,Prioridad 2 - Auditoría de seguridad vial,26,22,2,186,787.0,630.0,157.0,0.9377116170461179,0.9531523642732049,0.7044074722708699,1.0,0.9427904261529481,90.76123759486283,207,Prioridad 3 - Monitoreo y gestión preventiva,792,1044,409,Hotspot preventivo prioritario
4.696,-74.056,78,114,1.4615384615384615,USAQUEN,ESTORIL,AVENIDA PASEO DE LOS LIBERTADORES,CHOQUE,SOLO DANOS,32.0,16.0,48.0,18.0,4,Hotspot exploratorio,Prioridad 3 - Seguimiento,64,10,4,214,645.0,490.0,155.0,0.97025685931115,0.962025685931115,0.3826036193812026,1.0,0.9885872737886748,86.06946876824286,720,Seguimiento,651,508,268,Seguimiento
4.708,-74.06,52,92,1.7692307692307692,SUBA,PRADO VERANIEGO SUR,AVENIDA RODRIGO LARA BONILLA,CHOQUE,SOLO DANOS,12.0,36.0,12.0,32.0,4,Hotspot persistente con severidad media-alta,Prioridad 2 - Auditoría de seguridad vial,34,16,2,164,949.0,794.0,155.0,0.9408347927612376,0.9438412142440163,0.5328955049620548,1.0,0.9427904261529481,87.20723876240513,594,Seguimiento,956,1001,666,Seguimiento
4.638,-74.155,78,166,2.128205128205128,KENNEDY,CIUDAD TECHO II,AVENIDA MANUEL CEPEDA VARGAS,CHOQUE,SOLO DANOS,74.0,40.0,16.0,36.0,4,Hotspot persistente con severidad media-alta,Prioridad 2 - Auditoría de seguridad vial,40,32,6,350,313.0,161.0,152.0,0.97025685931115,0.9815820198482195,0.7186223000583771,1.0,0.9967308814944542,93.34384121424402,48,Prioridad 1 - Intervención prioritaria,313,498,38,Hotspot de severidad/fatalidad
4.586,-74.094,62,146,2.3548387096774195,ANTONIO NARIÑO,CIUDAD BERNA,AVENIDA CARACAS,CHOQUE,CON HERIDOS,12.0,62.0,42.0,30.0,4,Hotspot persistente con severidad media-alta,Prioridad 2 - Auditoría de seguridad vial,24,34,4,294,396.0,246.0,150.0,0.9554874489200234,0.9764448336252189,0.792527729130181,1.0,0.9885872737886748,94.26094570928197,15,Prioridad 1 - Intervención prioritaria,396,748,91,Hotspot de severidad/fatalidad
4.595,-74.162,86,154,1.7906976744186047,CIUDAD BOLIVAR,RAFAEL ESCAMILLA,AVENIDA CIUDAD DE VILLAVICENCIO,CHOQUE,SOLO DANOS,36.0,44.0,32.0,42.0,4,Hotspot persistente con severidad media-alta,Prioridad 2 - Auditoría de seguridad vial,58,22,6,318,355.0,205.0,150.0,0.9745475773496789,0.9790426152948044,0.5354640980735552,1.0,0.9967308814944542,89.71570344424987,299,Prioridad 3 - Monitoreo y gestión preventiva,358,431,62,Hotspot preventivo prioritario
4.64,-74.079,52,88,1.6923076923076923,TEUSAQUILLO,BELALCAZAR,AVENIDA CIUDAD DE QUITO,CHOQUE,SOLO DANOS,20.0,30.0,16.0,22.0,4,Hotspot exploratorio,Prioridad 3 - Seguimiento,36,14,2,156,1013.0,864.0,149.0,0.9408347927612376,0.9398423817863397,0.5129013426736719,1.0,0.9427904261529481,86.72737886748394,646,Seguimiento,1021,1002,707,Seguimiento
4.752,-74.093,48,112,2.3333333333333335,SUBA,PINOS DE LOMBARDIA,AVENIDA CIUDAD DE CALI,CHOQUE,CON HERIDOS,16.0,18.0,28.0,50.0,4,Hotspot persistente con severidad media-alta,Prioridad 2 - Auditoría de seguridad vial,18,28,2,208,659.0,513.0,146.0,0.9338879159369528,0.961004086398132,0.7728838295388207,1.0,0.9427904261529481,92.21132516053707,108,Prioridad 2 - Auditoría de seguridad vial,662,1100,350,Hotspot preventivo prioritario
4.575,-74.123,52,100,1.9230769230769231,RAFAEL URIBE URIBE,SANTA LUCIA,AVENIDA CARACAS,CHOQUE,SOLO DANOS,36.0,12.0,34.0,18.0,4,Hotspot persistente con severidad media-alta,Prioridad 2 - Auditoría de seguridad vial,30,20,2,180,821.0,675.0,146.0,0.9408347927612376,0.9512842965557502,0.5869819030939871,1.0,0.9427904261529481,88.43782837127844,443,Prioridad 3 - Monitoreo y gestión preventiva,828,998,561,Hotspot preventivo prioritario
4.598,-74.145,72,144,2.0,KENNEDY,LAS DELICIAS,AVENIDA BOYACA,CHOQUE,SOLO DANOS,40.0,26.0,50.0,28.0,4,Hotspot persistente con severidad media-alta,Prioridad 2 - Auditoría de seguridad vial,40,28,4,280,414.0,271.0,143.0,0.9656158785755984,0.9754816112084063,0.648598949211909,1.0,0.9885872737886748,91.56567425569177,142,Prioridad 2 - Auditoría de seguridad vial,416,575,133,Hotspot de severidad/fatalidad
4.654,-74.111,52,84,1.6153846153846154,FONTIBON,SALITRE OCCIDENTAL,AVENIDA DE LA CONSTITUCION,CHOQUE,SOLO DANOS,26.0,4.0,14.0,40.0,4,Hotspot exploratorio,Prioridad 3 - Seguimiento,38,12,2,148,1094.0,951.0,143.0,0.9408347927612376,0.9348511383537653,0.44979568009340337,1.0,0.9427904261529481,85.3654407472271,791,Seguimiento,1105,1003,821,Seguimiento
4.623,-74.15,52,128,2.4615384615384617,KENNEDY,CIUDAD KENNEDY ORIENTAL,AVENIDA POPORO QUIMBAYA,CHOQUE,CON HERIDOS,30.0,44.0,24.0,30.0,4,Hotspot persistente con severidad media-alta,Prioridad 2 - Auditoría de seguridad vial,16,34,2,236,531.0,390.0,141.0,0.9408347927612376,0.9685055458260362,0.8019848219497957,1.0,0.9427904261529481,93.08231173380035,58,Prioridad 2 - Auditoría de seguridad vial,531,992,316,Hotspot preventivo prioritario
4.575,-74.154,54,130,2.4074074074074074,CIUDAD BOLIVAR,VERONA,AVENIDA CIUDAD DE VILLAVICENCIO,CHOQUE,CON HERIDOS,20.0,24.0,42.0,44.0,4,Hotspot persistente con severidad media-alta,Prioridad 2 - Auditoría de seguridad vial,18,34,2,238,521.0,380.0,141.0,0.9440163455925278,0.9693812025685931,0.7961762988908347,1.0,0.9427904261529481,93.04728546409807,60,Prioridad 2 - Auditoría de seguridad vial,522,932,317,Hotspot preventivo prioritario
4.577,-74.13,52,96,1.8461538461538463,TUNJUELITO,TUNAL ORIENTAL,AVENIDA MARISCAL SUCRE,CHOQUE,SOLO DANOS,34.0,26.0,16.0,20.0,4,Hotspot persistente con severidad media-alta,Prioridad 2 - Auditoría de seguridad vial,32,18,2,172,878.0,739.0,139.0,0.9408347927612376,0.9477816695855225,0.5637186223000584,1.0,0.9427904261529481,87.90251021599535,512,Seguimiento,886,1000,608,Seguimiento
4.618,-74.139,90,162,1.8,KENNEDY,PROVIVIENDA,AVENIDA BOYACA,CHOQUE,SOLO DANOS,18.0,44.0,40.0,60.0,4,Hotspot persistente con severidad media-alta,Prioridad 2 - Auditoría de seguridad vial,60,24,6,330,327.0,189.0,138.0,0.977086981903094,0.9805896088733217,0.5462346760070053,1.0,0.9967308814944542,90.0128429655575,272,Prioridad 3 - Monitoreo y gestión preventiva,330,384,60,Hotspot preventivo prioritario
4.699,-74.082,86,134,1.558139534883721,SUBA,POTOSI,AVENIDA BOYACA,CHOQUE,SOLO DANOS,28.0,34.0,44.0,28.0,4,Hotspot exploratorio,Prioridad 3 - Seguimiento,66,16,4,246,491.0,353.0,138.0,0.9745475773496789,0.9710741389375365,0.4290134267367192,1.0,0.9885872737886748,87.2644483362522,586,Seguimiento,497,435,241,Seguimiento
4.693,-74.102,74,142,1.9189189189189189,ENGATIVA,TABORA,AVENIDA CHILE,CHOQUE,SOLO DANOS,40.0,32.0,36.0,34.0,4,Hotspot persistente con severidad media-alta,Prioridad 2 - Auditoría de seguridad vial,44,26,4,274,429.0,292.0,137.0,0.9675423234092236,0.9746059544658494,0.5862521891418564,1.0,0.9885872737886748,90.33975481611209,240,Prioridad 3 - Monitoreo y gestión preventiva,431,548,164,Hotspot preventivo prioritario
4.738,-74.084,54,90,1.6666666666666667,SUBA,SUBA URBANO,SIN_NMG,CHOQUE,SOLO DANOS,18.0,10.0,44.0,18.0,4,Hotspot exploratorio,Prioridad 3 - Seguimiento,38,14,2,158,979.0,843.0,136.0,0.9440163455925278,0.9419439579684764,0.48362521891418564,1.0,0.9427904261529481,86.24751897256276,697,Seguimiento,988,939,743,Seguimiento
4.602,-74.093,54,90,1.6666666666666667,LOS MARTIRES,EL PROGRESO,SIN_NMG,CHOQUE,SOLO DANOS,12.0,16.0,42.0,20.0,4,Hotspot exploratorio,Prioridad 3 - Seguimiento,38,14,2,158,979.0,843.0,136.0,0.9440163455925278,0.9419439579684764,0.48362521891418564,1.0,0.9427904261529481,86.24751897256276,698,Seguimiento,989,940,744,Seguimiento
4.63,-74.105,54,90,1.6666666666666667,PUENTE ARANDA,PUENTE ARANDA,AVENIDA BATALLON CALDAS,CHOQUE,SOLO DANOS,16.0,30.0,20.0,24.0,4,Hotspot exploratorio,Prioridad 3 - Seguimiento,38,14,2,158,979.0,843.0,136.0,0.9440163455925278,0.9419439579684764,0.48362521891418564,1.0,0.9427904261529481,86.24751897256276,699,Seguimiento,990,941,745,Seguimiento
4.512,-74.115,68,160,2.3529411764705883,USME,LA ANDREA,AVENIDA CARACAS,CHOQUE,CON HERIDOS,42.0,48.0,38.0,32.0,4,Hotspot persistente con severidad media-alta,Prioridad 2 - Auditoría de seguridad vial,26,38,4,316,341.0,206.0,135.0,0.961646234676007,0.9800642148277875,0.7924693520140105,1.0,0.9885872737886748,94.45534150612961,10,Prioridad 1 - Intervención prioritaria,341,643,89,Hotspot de severidad/fatalidad
4.742,-74.1,50,118,2.36,SUBA,PUERTA DEL SOL,SIN_NMG,CHOQUE,CON HERIDOS,8.0,42.0,44.0,24.0,4,Hotspot persistente con severidad media-alta,Prioridad 2 - Auditoría de seguridad vial,18,30,2,218,605.0,472.0,133.0,0.9377116170461179,0.9642440163455925,0.7926736719206071,1.0,0.9427904261529481,92.74839462930531,72,Prioridad 2 - Auditoría de seguridad vial,607,1041,322,Hotspot preventivo prioritario
4.616,-74.112,50,118,2.36,PUENTE ARANDA,SAN FRANCISCO,AVENIDA FERROCARRIL DEL SUR,CHOQUE,CON HERIDOS,20.0,34.0,40.0,24.0,4,Hotspot persistente con severidad media-alta,Prioridad 2 - Auditoría de seguridad vial,18,30,2,218,605.0,472.0,133.0,0.9377116170461179,0.9642440163455925,0.7926736719206071,1.0,0.9427904261529481,92.74839462930531,71,Prioridad 2 - Auditoría de seguridad vial,606,1040,321,Hotspot preventivo prioritario
4.64,-74.141,52,104,2.0,KENNEDY,BAVARIA,SIN_NMG,CHOQUE,SOLO DANOS,44.0,8.0,22.0,30.0,4,Hotspot persistente con severidad media-alta,Prioridad 2 - Auditoría de seguridad vial,28,22,2,188,754.0,622.0,132.0,0.9408347927612376,0.9551079976649154,0.648598949211909,1.0,0.9427904261529481,89.7466433158202,291,Prioridad 3 - Monitoreo y gestión preventiva,759,997,447,Hotspot preventivo prioritario
4.717,-74.118,52,80,1.5384615384615385,ENGATIVA,BOLIVIA,AVENIDA MEDELLIN,CHOQUE,SOLO DANOS,24.0,22.0,22.0,12.0,4,Hotspot exploratorio,Prioridad 3 - Seguimiento,40,10,2,140,1176.0,1047.0,129.0,0.9408347927612376,0.9298015178050204,0.4242265032107414,1.0,0.9427904261529481,84.75306479859896,872,Seguimiento,1193,1004,896,Seguimiento
4.75,-74.04,88,136,1.5454545454545454,USAQUEN,EL TOBERIN,SIN_NMG,CHOQUE,SOLO DANOS,54.0,16.0,40.0,26.0,4,Hotspot exploratorio,Prioridad 3 - Seguimiento,68,16,4,248,472.0,343.0,129.0,0.9758026853473438,0.9720081727962638,0.4262405137186223,1.0,0.9885872737886748,87.25277291301809,588,Seguimiento,479,410,242,Seguimiento
4.553,-74.137,74,146,1.972972972972973,CIUDAD BOLIVAR,MEXICO,AVENIDA BOYACA,CHOQUE,SOLO DANOS,46.0,38.0,16.0,46.0,4,Hotspot persistente con severidad media-alta,Prioridad 2 - Auditoría de seguridad vial,42,28,4,282,396.0,268.0,128.0,0.9675423234092236,0.9764448336252189,0.593286631640397,1.0,0.9885872737886748,90.51722124927028,226,Prioridad 3 - Monitoreo y gestión preventiva,399,547,160,Hotspot preventivo prioritario
4.686,-74.055,54,102,1.8888888888888888,USAQUEN,CHICO NORTE III SECTOR,AVENIDA CARLOS LLERAS RESTREPO,CHOQUE,SOLO DANOS,28.0,26.0,32.0,16.0,4,Hotspot persistente con severidad media-alta,Prioridad 2 - Auditoría de seguridad vial,32,20,2,182,787.0,659.0,128.0,0.9440163455925278,0.9531523642732049,0.5783129013426737,1.0,0.9427904261529481,88.3654407472271,455,Prioridad 3 - Monitoreo y gestión preventiva,795,938,571,Hotspot preventivo prioritario
4.62,-74.168,54,102,1.8888888888888888,KENNEDY,CASA BLANCA SUR,AVENIDA AGOBERTO MEJIA CIFUENTES,CHOQUE,SOLO DANOS,42.0,24.0,22.0,14.0,4,Hotspot persistente con severidad media-alta,Prioridad 2 - Auditoría de seguridad vial,32,20,2,182,787.0,659.0,128.0,0.9440163455925278,0.9531523642732049,0.5783129013426737,1.0,0.9427904261529481,88.3654407472271,454,Prioridad 3 - Monitoreo y gestión preventiva,794,937,570,Hotspot preventivo prioritario
4.598,-74.079,76,144,1.894736842105263,SANTA FE,SANTA INES,AVENIDA FERNANDO MAZUERA,CHOQUE,SOLO DANOS,34.0,32.0,32.0,46.0,4,Hotspot persistente con severidad media-alta,Prioridad 2 - Auditoría de seguridad vial,46,26,4,276,414.0,287.0,127.0,0.9689433741973147,0.9754816112084063,0.5811733800350263,1.0,0.9885872737886748,90.28371278458846,244,Prioridad 3 - Monitoreo y gestión preventiva,417,527,166,Hotspot preventivo prioritario
4.571,-74.099,52,116,2.230769230769231,RAFAEL URIBE URIBE,SOSIEGO SUR,AVENIDA FERNANDO MAZUERA,CHOQUE,CON HERIDOS,14.0,20.0,40.0,42.0,4,Hotspot persistente con severidad media-alta,Prioridad 2 - Auditoría de seguridad vial,22,28,2,212,624.0,498.0,126.0,0.9408347927612376,0.9630472854640981,0.7452714535901926,1.0,0.9427904261529481,91.83887915936954,130,Prioridad 2 - Auditoría de seguridad vial,625,995,365,Hotspot preventivo prioritario
4.614,-74.164,52,120,2.3076923076923075,KENNEDY,TOCAREMA,SIN_NMG,CHOQUE,CON HERIDOS,24.0,40.0,26.0,30.0,4,Hotspot persistente con severidad media-alta,Prioridad 2 - Auditoría de seguridad vial,20,30,2,220,591.0,465.0,126.0,0.9408347927612376,0.9651780502043199,0.7532399299474606,1.0,0.9427904261529481,92.0408639813193,119,Prioridad 2 - Auditoría de seguridad vial,591,994,357,Hotspot preventivo prioritario
4.638,-74.067,54,138,2.5555555555555554,CHAPINERO,MARLY,AVENIDA CARACAS,ATROPELLO,CON HERIDOS,38.0,38.0,32.0,30.0,4,Hotspot persistente con severidad media-alta,Prioridad 2 - Auditoría de seguridad vial,14,38,2,254,456.0,331.0,125.0,0.9440163455925278,0.9730005837711617,0.8185639229422067,1.0,0.9427904261529481,93.56742556917688,39,Prioridad 1 - Intervención prioritaria,457,931,311,Hotspot preventivo prioritario
4.68,-74.039,54,86,1.5925925925925926,CHAPINERO,CHICO NORTE II SECTOR,AVENIDA ALBERTO LLERAS CAMARGO,CHOQUE,SOLO DANOS,14.0,18.0,40.0,14.0,4,Hotspot exploratorio,Prioridad 3 - Seguimiento,40,12,2,150,1051.0,927.0,124.0,0.9440163455925278,0.9374781085814361,0.4427320490367776,1.0,0.9427904261529481,85.3403385872738,796,Seguimiento,1062,943,826,Seguimiento
4.629,-74.08,98,166,1.6938775510204083,TEUSAQUILLO,LAS AMERICAS,AVENIDA CIUDAD DE QUITO,CHOQUE,SOLO DANOS,38.0,44.0,50.0,34.0,4,Hotspot exploratorio,Prioridad 3 - Seguimiento,70,22,6,330,313.0,189.0,124.0,0.9802101576182136,0.9815820198482195,0.5130764740221833,1.0,0.9967308814944542,89.43199065966141,323,Prioridad 3 - Monitoreo y gestión preventiva,314,337,65,Hotspot preventivo prioritario
4.653,-74.123,54,86,1.5925925925925926,FONTIBON,FRANCO,AVENIDA BOYACA,CHOQUE,SOLO DANOS,20.0,14.0,30.0,22.0,4,Hotspot exploratorio,Prioridad 3 - Seguimiento,40,12,2,150,1051.0,927.0,124.0,0.9440163455925278,0.9374781085814361,0.4427320490367776,1.0,0.9427904261529481,85.3403385872738,798,Seguimiento,1064,945,828,Seguimiento
4.652,-74.11,54,86,1.5925925925925926,FONTIBON,SALITRE OCCIDENTAL,AVENIDA LUIS CARLOS GALAN,CHOQUE,SOLO DANOS,16.0,24.0,22.0,24.0,4,Hotspot exploratorio,Prioridad 3 - Seguimiento,40,12,2,150,1051.0,927.0,124.0,0.9440163455925278,0.9374781085814361,0.4427320490367776,1.0,0.9427904261529481,85.3403385872738,797,Seguimiento,1063,944,827,Seguimiento
4.662,-74.049,54,86,1.5925925925925926,CHAPINERO,EL NOGAL,AVENIDA ALBERTO LLERAS CAMARGO,CHOQUE,SOLO DANOS,18.0,20.0,22.0,26.0,4,Hotspot exploratorio,Prioridad 3 - Seguimiento,40,12,2,150,1051.0,927.0,124.0,0.9440163455925278,0.9374781085814361,0.4427320490367776,1.0,0.9427904261529481,85.3403385872738,795,Seguimiento,1061,942,825,Seguimiento
4.615,-74.115,56,92,1.6428571428571428,PUENTE ARANDA,CAMELIA II,SIN_NMG,CHOQUE,SOLO DANOS,40.0,16.0,4.0,32.0,4,Hotspot exploratorio,Prioridad 3 - Seguimiento,40,14,2,160,949.0,825.0,124.0,0.9471395213076474,0.9438412142440163,0.4549912434325744,1.0,0.9427904261529481,85.77524810274373,765,Seguimiento,957,898,798,Seguimiento
4.683,-74.156,54,106,1.962962962962963,FONTIBON,EL CARMEN FONTIBON,SIN_NMG,CHOQUE,SOLO DANOS,12.0,18.0,42.0,34.0,4,Hotspot persistente con severidad media-alta,Prioridad 2 - Auditoría de seguridad vial,30,22,2,190,731.0,608.0,123.0,0.9440163455925278,0.9567425569176883,0.5927612375948628,1.0,0.9427904261529481,88.72621132516055,399,Prioridad 3 - Monitoreo y gestión preventiva,732,936,528,Hotspot preventivo prioritario
4.657,-74.106,54,74,1.3703703703703705,FONTIBON,SALITRE OCCIDENTAL,AVENIDA JORGE ELIECER GAITAN,CHOQUE,SOLO DANOS,20.0,18.0,16.0,20.0,4,Hotspot exploratorio,Prioridad 3 - Seguimiento,46,6,2,126,1342.0,1221.0,121.0,0.9440163455925278,0.9202276707530648,0.34854057209573847,1.0,0.9427904261529481,83.11150029188559,963,Seguimiento,1363,950,975,Seguimiento
4.573,-74.091,54,110,2.037037037037037,SAN CRISTOBAL,PRIMERO DE MAYO,AVENIDA PRIMERO DE MAYO,CHOQUE,SOLO DANOS,14.0,22.0,32.0,42.0,4,Hotspot persistente con severidad media-alta,Prioridad 2 - Auditoría de seguridad vial,28,24,2,198,680.0,559.0,121.0,0.9440163455925278,0.9595738470519556,0.704173963806188,1.0,0.9427904261529481,91.0110916520724,181,Prioridad 2 - Auditoría de seguridad vial,682,934,391,Hotspot preventivo prioritario
4.628,-74.15,58,130,2.2413793103448274,KENNEDY,CIUDAD KENNEDY NORTE,SIN_NMG,CHOQUE,CON HERIDOS,32.0,28.0,44.0,26.0,4,Hotspot persistente con severidad media-alta,Prioridad 2 - Auditoría de seguridad vial,24,32,2,234,521.0,400.0,121.0,0.9500291885580853,0.9693812025685931,0.7459136018680678,1.0,0.9427904261529481,92.16228838295389,109,Prioridad 2 - Auditoría de seguridad vial,523,835,351,Hotspot preventivo prioritario
4.669,-74.143,92,192,2.0869565217391304,FONTIBON,VILLEMAR,SIN_NMG,CHOQUE,SOLO DANOS,38.0,42.0,74.0,38.0,4,Hotspot persistente con severidad media-alta,Prioridad 2 - Auditoría de seguridad vial,50,34,8,420,225.0,107.0,118.0,0.9781377699941622,0.9866316403969644,0.7110332749562172,1.0,0.998861646234676,93.49328663164039,42,Prioridad 1 - Intervención prioritaria,225,371,15,Hotspot de severidad/fatalidad
4.572,-74.098,74,154,2.081081081081081,RAFAEL URIBE URIBE,SOSIEGO SUR,AVENIDA FERNANDO MAZUERA,CHOQUE,SOLO DANOS,42.0,36.0,34.0,42.0,4,Hotspot persistente con severidad media-alta,Prioridad 2 - Auditoría de seguridad vial,38,32,4,298,355.0,238.0,117.0,0.9675423234092236,0.9790426152948044,0.7104786923525978,1.0,0.9885872737886748,92.91301809690601,65,Prioridad 2 - Auditoría de seguridad vial,355,544,115,Hotspot de severidad/fatalidad
4.614,-74.141,76,156,2.0526315789473686,KENNEDY,PROVIVIENDA OCCIDENTAL,AVENIDA BOYACA,CHOQUE,SOLO DANOS,52.0,32.0,36.0,36.0,4,Hotspot persistente con severidad media-alta,Prioridad 2 - Auditoría de seguridad vial,40,32,4,300,351.0,234.0,117.0,0.9689433741973147,0.9794804436660829,0.7052539404553415,1.0,0.9885872737886748,92.84530064214827,67,Prioridad 2 - Auditoría de seguridad vial,352,525,116,Hotspot de severidad/fatalidad
4.614,-74.171,76,152,2.0,KENNEDY,CASABLANCA,AVENIDA PRIMERO DE MAYO,CHOQUE,SOLO DANOS,38.0,44.0,36.0,34.0,4,Hotspot persistente con severidad media-alta,Prioridad 2 - Auditoría de seguridad vial,42,30,4,292,366.0,250.0,116.0,0.9689433741973147,0.9785172212492703,0.648598949211909,1.0,0.9885872737886748,91.69293636894338,137,Prioridad 2 - Auditoría de seguridad vial,368,526,132,Hotspot de severidad/fatalidad
4.653,-74.064,56,96,1.7142857142857142,CHAPINERO,CHAPINERO NORTE,SIN_NMG,CHOQUE,SOLO DANOS,14.0,16.0,34.0,32.0,4,Hotspot persistente con severidad media-alta,Prioridad 2 - Auditoría de seguridad vial,38,16,2,168,878.0,762.0,116.0,0.9471395213076474,0.9477816695855225,0.5166374781085814,1.0,0.9427904261529481,87.08698190309399,602,Seguimiento,887,897,673,Seguimiento
4.629,-74.068,56,104,1.8571428571428572,CHAPINERO,SUCRE,AVENIDA CARACAS,CHOQUE,SOLO DANOS,22.0,36.0,26.0,20.0,4,Hotspot persistente con severidad media-alta,Prioridad 2 - Auditoría de seguridad vial,34,20,2,184,754.0,639.0,115.0,0.9471395213076474,0.9551079976649154,0.5685931115002919,1.0,0.9427904261529481,88.27262113251606,460,Prioridad 3 - Monitoreo y gestión preventiva,761,894,574,Hotspot preventivo prioritario
4.579,-74.108,56,104,1.8571428571428572,RAFAEL URIBE URIBE,OLAYA,AVENIDA CARACAS,CHOQUE,SOLO DANOS,22.0,40.0,16.0,26.0,4,Hotspot persistente con severidad media-alta,Prioridad 2 - Auditoría de seguridad vial,34,20,2,184,754.0,639.0,115.0,0.9471395213076474,0.9551079976649154,0.5685931115002919,1.0,0.9427904261529481,88.27262113251606,459,Prioridad 3 - Monitoreo y gestión preventiva,760,893,573,Hotspot preventivo prioritario
4.714,-74.052,54,82,1.5185185185185186,USAQUEN,LA CALLEJA,AVENIDA PASEO DE LOS LIBERTADORES,CHOQUE,SOLO DANOS,18.0,12.0,36.0,16.0,4,Hotspot exploratorio,Prioridad 3 - Seguimiento,42,10,2,142,1141.0,1026.0,115.0,0.9440163455925278,0.9324576765907764,0.4206946876824285,1.0,0.9427904261529481,84.79918272037361,866,Seguimiento,1146,946,890,Seguimiento
4.614,-74.127,54,118,2.185185185185185,PUENTE ARANDA,PROVIVIENDA NORTE,AVENIDA DEL CONGRESO EUCARISTICO,CHOQUE,CON HERIDOS,20.0,40.0,36.0,22.0,4,Hotspot persistente con severidad media-alta,Prioridad 2 - Auditoría de seguridad vial,24,28,2,214,605.0,490.0,115.0,0.9440163455925278,0.9642440163455925,0.7280210157618213,1.0,0.9427904261529481,91.58143607705777,141,Prioridad 2 - Auditoría de seguridad vial,608,933,372,Hotspot preventivo prioritario
4.629,-74.124,56,104,1.8571428571428572,KENNEDY,LUSITANIA,AVENIDA DE LAS AMERICAS,CHOQUE,SOLO DANOS,16.0,38.0,14.0,36.0,4,Hotspot persistente con severidad media-alta,Prioridad 2 - Auditoría de seguridad vial,34,20,2,184,754.0,639.0,115.0,0.9471395213076474,0.9551079976649154,0.5685931115002919,1.0,0.9427904261529481,88.27262113251606,461,Prioridad 3 - Monitoreo y gestión preventiva,762,895,575,Hotspot preventivo prioritario
4.68,-74.119,54,82,1.5185185185185186,ENGATIVA,SAN IGNACIO,AVENIDA CIUDAD DE CALI,CHOQUE,SOLO DANOS,4.0,42.0,28.0,8.0,4,Hotspot exploratorio,Prioridad 3 - Seguimiento,42,10,2,142,1141.0,1026.0,115.0,0.9440163455925278,0.9324576765907764,0.4206946876824285,1.0,0.9427904261529481,84.79918272037361,867,Seguimiento,1147,947,891,Seguimiento
4.644,-74.066,72,168,2.3333333333333335,CHAPINERO,CHAPINERO CENTRAL,AVENIDA GILBERTO ALZATE AVENDAÑO,CHOQUE,CON HERIDOS,22.0,48.0,40.0,58.0,4,Hotspot persistente con severidad media-alta,Prioridad 2 - Auditoría de seguridad vial,28,40,4,328,306.0,192.0,114.0,0.9656158785755984,0.982019848219498,0.7728838295388207,1.0,0.9885872737886748,94.18213660245185,17,Prioridad 1 - Intervención prioritaria,306,572,93,Hotspot de severidad/fatalidad
4.615,-74.14,56,108,1.9285714285714286,KENNEDY,PROVIVIENDA OCCIDENTAL,AVENIDA BOYACA,CHOQUE,SOLO DANOS,28.0,12.0,18.0,50.0,4,Hotspot persistente con severidad media-alta,Prioridad 2 - Auditoría de seguridad vial,32,22,2,192,708.0,595.0,113.0,0.9471395213076474,0.9580852305896089,0.5878575598365441,1.0,0.9427904261529481,88.71745475773498,405,Prioridad 3 - Monitoreo y gestión preventiva,712,892,533,Hotspot preventivo prioritario
4.631,-74.146,60,132,2.2,KENNEDY,MANDALAY,AVENIDA DE LAS AMERICAS,CHOQUE,CON HERIDOS,46.0,24.0,38.0,24.0,4,Hotspot persistente con severidad media-alta,Prioridad 2 - Auditoría de seguridad vial,26,32,2,236,503.0,390.0,113.0,0.953035610040864,0.9702276707530648,0.7361646234676007,1.0,0.9427904261529481,92.04436660828955,116,Prioridad 2 - Auditoría de seguridad vial,506,784,356,Hotspot preventivo prioritario
4.628,-74.118,56,124,2.2142857142857144,PUENTE ARANDA,LA PRADERA,AVENIDA DE LAS AMERICAS,CHOQUE,CON HERIDOS,14.0,32.0,44.0,34.0,4,Hotspot persistente con severidad media-alta,Prioridad 2 - Auditoría de seguridad vial,24,30,2,224,565.0,452.0,113.0,0.9471395213076474,0.9668126094570928,0.7443666082895505,1.0,0.9427904261529481,92.02218330414478,120,Prioridad 2 - Auditoría de seguridad vial,565,886,358,Hotspot preventivo prioritario
4.631,-74.084,56,88,1.5714285714285714,TEUSAQUILLO,EL RECUERDO,AVENIDA JORGE ELIECER GAITAN,CHOQUE,SOLO DANOS,12.0,26.0,30.0,20.0,4,Hotspot exploratorio,Prioridad 3 - Seguimiento,42,12,2,152,1013.0,900.0,113.0,0.9471395213076474,0.9398423817863397,0.43537653239929947,1.0,0.9427904261529481,85.3029772329247,802,Seguimiento,1022,899,831,Seguimiento
4.626,-74.175,56,108,1.9285714285714286,KENNEDY,LAS MARGARITAS,SIN_NMG,CHOQUE,SOLO DANOS,44.0,10.0,30.0,24.0,4,Hotspot persistente con severidad media-alta,Prioridad 2 - Auditoría de seguridad vial,32,22,2,192,708.0,595.0,113.0,0.9471395213076474,0.9580852305896089,0.5878575598365441,1.0,0.9427904261529481,88.71745475773498,404,Prioridad 3 - Monitoreo y gestión preventiva,711,891,532,Hotspot preventivo prioritario
4.562,-74.141,58,126,2.1724137931034484,CIUDAD BOLIVAR,RONDA,AVENIDA TUNJUELITO,CHOQUE,CON HERIDOS,28.0,20.0,20.0,58.0,4,Hotspot persistente con severidad media-alta,Prioridad 2 - Auditoría de seguridad vial,26,30,2,226,551.0,438.0,113.0,0.9500291885580853,0.9675131348511383,0.7269994162288383,1.0,0.9427904261529481,91.7466433158202,133,Prioridad 2 - Auditoría de seguridad vial,551,836,368,Hotspot preventivo prioritario
4.681,-74.089,86,142,1.6511627906976745,ENGATIVA,LA ESTRADA,AVENIDA CHILE,CHOQUE,SOLO DANOS,46.0,32.0,26.0,38.0,4,Hotspot exploratorio,Prioridad 3 - Seguimiento,62,20,4,262,429.0,316.0,113.0,0.9745475773496789,0.9746059544658494,0.455575014594279,1.0,0.9885872737886748,87.86631640396966,517,Seguimiento,433,434,231,Seguimiento
4.592,-74.107,56,112,2.0,ANTONIO NARIÑO,LA FRAGUA,AVENIDA GENERAL SANTANDER,CHOQUE,SOLO DANOS,32.0,18.0,36.0,26.0,4,Hotspot persistente con severidad media-alta,Prioridad 2 - Auditoría de seguridad vial,30,24,2,200,659.0,548.0,111.0,0.9471395213076474,0.961004086398132,0.648598949211909,1.0,0.9427904261529481,89.99065966141274,274,Prioridad 3 - Monitoreo y gestión preventiva,665,890,439,Hotspot preventivo prioritario
4.624,-74.168,62,134,2.161290322580645,KENNEDY,CHUCUA DE LA VACA I,AVENIDA CIUDAD DE VILLAVICENCIO,CHOQUE,CON HERIDOS,34.0,18.0,42.0,40.0,4,Hotspot persistente con severidad media-alta,Prioridad 2 - Auditoría de seguridad vial,28,32,2,238,491.0,380.0,111.0,0.9554874489200234,0.9710741389375365,0.7253356684179801,1.0,0.9427904261529481,91.89375364856977,126,Prioridad 2 - Auditoría de seguridad vial,492,752,362,Hotspot preventivo prioritario
4.594,-74.145,56,116,2.0714285714285716,TUNJUELITO,ISLA DEL SOL,AVENIDA BOYACA,CHOQUE,SOLO DANOS,42.0,28.0,12.0,34.0,4,Hotspot persistente con severidad media-alta,Prioridad 2 - Auditoría de seguridad vial,28,26,2,208,624.0,513.0,111.0,0.9471395213076474,0.9630472854640981,0.7084063047285464,1.0,0.9427904261529481,91.2276707530648,164,Prioridad 2 - Auditoría de seguridad vial,626,887,383,Hotspot preventivo prioritario
4.694,-74.103,56,100,1.7857142857142858,ENGATIVA,TABORA,AVENIDA CHILE,CHOQUE,SOLO DANOS,24.0,26.0,34.0,16.0,4,Hotspot persistente con severidad media-alta,Prioridad 2 - Auditoría de seguridad vial,36,18,2,176,821.0,713.0,108.0,0.9471395213076474,0.9512842965557502,0.535318155283129,1.0,0.9427904261529481,87.53064798598949,562,Seguimiento,829,896,644,Seguimiento
4.585,-74.136,60,136,2.2666666666666666,TUNJUELITO,SAMORE,AVENIDA JORGE GAITAN CORTES,CHOQUE,CON HERIDOS,30.0,30.0,28.0,48.0,4,Hotspot persistente con severidad media-alta,Prioridad 2 - Auditoría de seguridad vial,24,34,2,244,472.0,364.0,108.0,0.953035610040864,0.9720081727962638,0.7504378283712785,1.0,0.9427904261529481,92.36544074722708,92,Prioridad 2 - Auditoría de seguridad vial,474,783,339,Hotspot preventivo prioritario
4.644,-74.079,58,94,1.6206896551724137,TEUSAQUILLO,CAMPIN,AVENIDA CIUDAD DE QUITO,CHOQUE,SOLO DANOS,36.0,18.0,18.0,22.0,4,Hotspot exploratorio,Prioridad 3 - Seguimiento,42,14,2,162,914.0,810.0,104.0,0.9500291885580853,0.9457092819614711,0.4514886164623468,1.0,0.9427904261529481,85.80035026269701,762,Seguimiento,921,843,795,Seguimiento
4.573,-74.124,58,114,1.9655172413793103,RAFAEL URIBE URIBE,SAN JORGE SUR,AVENIDA CARACAS,CHOQUE,SOLO DANOS,34.0,48.0,6.0,26.0,4,Hotspot persistente con severidad media-alta,Prioridad 2 - Auditoría de seguridad vial,32,24,2,202,645.0,542.0,103.0,0.9500291885580853,0.962025685931115,0.5929655575014594,1.0,0.9427904261529481,88.95621716287216,372,Prioridad 3 - Monitoreo y gestión preventiva,646,839,508,Hotspot preventivo prioritario
4.608,-74.085,62,138,2.225806451612903,LOS MARTIRES,EL LISTON,AVENIDA COLON,CHOQUE,CON HERIDOS,6.0,20.0,62.0,50.0,4,Hotspot persistente con severidad media-alta,Prioridad 2 - Auditoría de seguridad vial,26,34,2,246,456.0,353.0,103.0,0.9554874489200234,0.9730005837711617,0.7448628137769994,1.0,0.9427904261529481,92.32282545242265,96,Prioridad 2 - Auditoría de seguridad vial,458,750,342,Hotspot preventivo prioritario
4.598,-74.084,62,138,2.225806451612903,SANTA FE,LA ESTANZUELA,AVENIDA CARACAS,CHOQUE,CON HERIDOS,32.0,46.0,20.0,40.0,4,Hotspot persistente con severidad media-alta,Prioridad 2 - Auditoría de seguridad vial,26,34,2,246,456.0,353.0,103.0,0.9554874489200234,0.9730005837711617,0.7448628137769994,1.0,0.9427904261529481,92.32282545242265,97,Prioridad 2 - Auditoría de seguridad vial,459,751,343,Hotspot preventivo prioritario
4.594,-74.087,58,142,2.4482758620689653,SANTA FE,SAN BERNARDINO,AVENIDA CARACAS,CHOQUE,CON HERIDOS,42.0,22.0,54.0,24.0,4,Hotspot persistente con severidad media-alta,Prioridad 2 - Auditoría de seguridad vial,18,38,2,258,429.0,326.0,103.0,0.9500291885580853,0.9746059544658494,0.801021599532983,1.0,0.9427904261529481,93.36894337419733,46,Prioridad 1 - Intervención prioritaria,430,833,313,Hotspot preventivo prioritario
4.567,-74.126,60,128,2.1333333333333333,RAFAEL URIBE URIBE,MARCO FIDEL SUAREZ I,AVENIDA CARACAS,CHOQUE,CON HERIDOS,34.0,26.0,32.0,36.0,4,Hotspot persistente con severidad media-alta,Prioridad 2 - Auditoría de seguridad vial,28,30,2,228,531.0,429.0,102.0,0.953035610040864,0.9685055458260362,0.7190893169877408,1.0,0.9427904261529481,91.66841798015177,139,Prioridad 2 - Auditoría de seguridad vial,533,786,370,Hotspot preventivo prioritario
4.596,-74.113,60,128,2.1333333333333333,PUENTE ARANDA,AUTOPISTA MUZU ORIENTAL,AVENIDA CIUDAD DE QUITO,CHOQUE,CON HERIDOS,12.0,36.0,22.0,58.0,4,Hotspot persistente con severidad media-alta,Prioridad 2 - Auditoría de seguridad vial,28,30,2,228,531.0,429.0,102.0,0.953035610040864,0.9685055458260362,0.7190893169877408,1.0,0.9427904261529481,91.66841798015177,138,Prioridad 2 - Auditoría de seguridad vial,532,785,369,Hotspot preventivo prioritario
4.534,-74.12,60,124,2.066666666666667,USME,EL MOCHUELO ORIENTAL,AVENIDA CARACAS,CHOQUE,SOLO DANOS,22.0,50.0,42.0,10.0,4,Hotspot persistente con severidad media-alta,Prioridad 2 - Auditoría de seguridad vial,30,28,2,220,565.0,465.0,100.0,0.953035610040864,0.9668126094570928,0.7076765907764156,1.0,0.9427904261529481,91.4063047285464,154,Prioridad 2 - Auditoría de seguridad vial,566,787,381,Hotspot preventivo prioritario
4.628,-74.109,82,162,1.975609756097561,PUENTE ARANDA,SALAZAR GOMEZ,AVENIDA DE LAS AMERICAS,CHOQUE,SOLO DANOS,88.0,26.0,44.0,4.0,4,Hotspot persistente con severidad media-alta,Prioridad 2 - Auditoría de seguridad vial,46,32,4,306,327.0,227.0,100.0,0.9723000583771162,0.9805896088733217,0.5935785172212493,1.0,0.9885872737886748,90.70110916520724,210,Prioridad 3 - Monitoreo y gestión preventiva,328,470,148,Hotspot preventivo prioritario
4.617,-74.14,84,164,1.9523809523809523,KENNEDY,PROVIVIENDA,AVENIDA BOYACA,CHOQUE,SOLO DANOS,40.0,38.0,38.0,48.0,4,Hotspot persistente con severidad media-alta,Prioridad 2 - Auditoría de seguridad vial,48,32,4,308,321.0,222.0,99.0,0.9733508464681845,0.9811733800350263,0.5914769410391126,1.0,0.9885872737886748,90.69176882661998,211,Prioridad 3 - Monitoreo y gestión preventiva,321,450,149,Hotspot preventivo prioritario
4.611,-74.079,56,76,1.3571428571428572,LOS MARTIRES,LA FAVORITA,AVENIDA CIUDAD DE LIMA,CHOQUE,SOLO DANOS,26.0,14.0,16.0,20.0,4,Hotspot exploratorio,Prioridad 3 - Seguimiento,48,6,2,128,1289.0,1191.0,98.0,0.9471395213076474,0.923292469352014,0.34506713368359604,1.0,0.9427904261529481,83.16579100992409,956,Seguimiento,1301,903,968,Seguimiento
4.654,-74.078,56,76,1.3571428571428572,BARRIOS UNIDOS,BENJAMIN HERRERA,AVENIDA CIUDAD DE QUITO,CHOQUE,SOLO DANOS,20.0,14.0,34.0,8.0,4,Hotspot exploratorio,Prioridad 3 - Seguimiento,48,6,2,128,1289.0,1191.0,98.0,0.9471395213076474,0.923292469352014,0.34506713368359604,1.0,0.9427904261529481,83.16579100992409,959,Seguimiento,1304,906,971,Seguimiento
4.686,-74.037,56,76,1.3571428571428572,USAQUEN,ESCUELA DE INFANTERIA,SIN_NMG,CHOQUE,SOLO DANOS,18.0,18.0,22.0,18.0,4,Hotspot exploratorio,Prioridad 3 - Seguimiento,48,6,2,128,1289.0,1191.0,98.0,0.9471395213076474,0.923292469352014,0.34506713368359604,1.0,0.9427904261529481,83.16579100992409,958,Seguimiento,1303,905,970,Seguimiento
4.508,-74.114,102,182,1.7843137254901962,USME,GRAN YOMASA,AVENIDA CARACAS,CHOQUE,SOLO DANOS,56.0,34.0,26.0,66.0,4,Hotspot persistente con severidad media-alta,Prioridad 2 - Auditoría de seguridad vial,68,28,6,358,255.0,157.0,98.0,0.9817279626386457,0.9849678925861063,0.5352305896088734,1.0,0.9967308814944542,89.97314652656158,276,Prioridad 3 - Monitoreo y gestión preventiva,256,310,61,Hotspot preventivo prioritario
4.67,-74.108,56,76,1.3571428571428572,ENGATIVA,NORMANDIA,AVENIDA BOYACA,CHOQUE,SOLO DANOS,18.0,22.0,22.0,14.0,4,Hotspot exploratorio,Prioridad 3 - Seguimiento,48,6,2,128,1289.0,1191.0,98.0,0.9471395213076474,0.923292469352014,0.34506713368359604,1.0,0.9427904261529481,83.16579100992409,957,Seguimiento,1302,904,969,Seguimiento
4.626,-74.066,58,102,1.7586206896551724,CHAPINERO,SUCRE,AVENIDA ALBERTO LLERAS CAMARGO,CHOQUE,SOLO DANOS,32.0,16.0,26.0,28.0,4,Hotspot persistente con severidad media-alta,Prioridad 2 - Auditoría de seguridad vial,38,18,2,178,787.0,690.0,97.0,0.9500291885580853,0.9531523642732049,0.5311150029188558,1.0,0.9427904261529481,87.54173963806188,560,Seguimiento,797,841,642,Seguimiento
4.637,-74.161,58,102,1.7586206896551724,KENNEDY,MARIA PAZ,AVENIDA CIUDAD DE CALI,CHOQUE,SOLO DANOS,30.0,30.0,16.0,26.0,4,Hotspot persistente con severidad media-alta,Prioridad 2 - Auditoría de seguridad vial,38,18,2,178,787.0,690.0,97.0,0.9500291885580853,0.9531523642732049,0.5311150029188558,1.0,0.9427904261529481,87.54173963806188,561,Seguimiento,798,842,643,Seguimiento
4.603,-74.143,86,162,1.8837209302325582,KENNEDY,LAS DELICIAS,AVENIDA BOYACA,CHOQUE,SOLO DANOS,16.0,66.0,70.0,10.0,4,Hotspot persistente con severidad media-alta,Prioridad 2 - Auditoría de seguridad vial,52,30,4,302,327.0,232.0,95.0,0.9745475773496789,0.9805896088733217,0.5754232340922358,1.0,0.9885872737886748,90.38295388207823,236,Prioridad 3 - Monitoreo y gestión preventiva,329,429,163,Hotspot preventivo prioritario
4.633,-74.151,86,150,1.744186046511628,KENNEDY,PIO XII,SIN_NMG,CHOQUE,SOLO DANOS,36.0,40.0,46.0,28.0,4,Hotspot persistente con severidad media-alta,Prioridad 2 - Auditoría de seguridad vial,58,24,4,278,373.0,279.0,94.0,0.9745475773496789,0.9779334500875657,0.5228546409807355,1.0,0.9885872737886748,89.2784588441331,334,Prioridad 3 - Monitoreo y gestión preventiva,376,432,196,Hotspot preventivo prioritario
4.605,-74.075,86,206,2.395348837209302,SANTA FE,VERACRUZ,AVENIDA FERNANDO MAZUERA,CHOQUE,CON HERIDOS,32.0,60.0,50.0,64.0,4,Hotspot persistente con severidad media-alta,Prioridad 2 - Auditoría de seguridad vial,32,48,6,422,197.0,103.0,94.0,0.9745475773496789,0.9884413309982487,0.7945125510799766,1.0,0.9967308814944542,95.08464681844717,4,Prioridad 1 - Intervención prioritaria,197,427,31,Hotspot robusto integral
4.596,-74.11,60,116,1.9333333333333333,ANTONIO NARIÑO,LA FRAGUA,AVENIDA JORGE GAITAN CORTES,CHOQUE,SOLO DANOS,56.0,20.0,16.0,24.0,4,Hotspot persistente con severidad media-alta,Prioridad 2 - Auditoría de seguridad vial,34,24,2,204,624.0,531.0,93.0,0.953035610040864,0.9630472854640981,0.5886748394629305,1.0,0.9427904261529481,88.95096322241682,374,Prioridad 3 - Monitoreo y gestión preventiva,628,789,510,Hotspot preventivo prioritario
4.632,-74.064,60,116,1.9333333333333333,CHAPINERO,PARDO RUBIO,AVENIDA ALBERTO LLERAS CAMARGO,CHOQUE,SOLO DANOS,38.0,24.0,26.0,28.0,4,Hotspot persistente con severidad media-alta,Prioridad 2 - Auditoría de seguridad vial,34,24,2,204,624.0,531.0,93.0,0.953035610040864,0.9630472854640981,0.5886748394629305,1.0,0.9427904261529481,88.95096322241682,376,Prioridad 3 - Monitoreo y gestión preventiva,630,791,512,Hotspot preventivo prioritario
4.625,-74.148,60,116,1.9333333333333333,KENNEDY,CIUDAD KENNEDY CENTRAL,AVENIDA POPORO QUIMBAYA,CHOQUE,SOLO DANOS,28.0,24.0,32.0,32.0,4,Hotspot persistente con severidad media-alta,Prioridad 2 - Auditoría de seguridad vial,34,24,2,204,624.0,531.0,93.0,0.953035610040864,0.9630472854640981,0.5886748394629305,1.0,0.9427904261529481,88.95096322241682,375,Prioridad 3 - Monitoreo y gestión preventiva,629,790,511,Hotspot preventivo prioritario
4.52,-74.122,56,84,1.5,USME,LA AURORA,AUTOPISTA AL LLANO,CHOQUE,SOLO DANOS,10.0,6.0,54.0,14.0,4,Hotspot exploratorio,Prioridad 3 - Seguimiento,44,10,2,144,1094.0,1002.0,92.0,0.9471395213076474,0.9348511383537653,0.40379451255107995,1.0,0.9427904261529481,84.5715119673088,880,Seguimiento,1108,902,903,Seguimiento
4.696,-74.043,56,84,1.5,USAQUEN,MOLINOS NORTE,AVENIDA PEPE SIERRA,CHOQUE,SOLO DANOS,12.0,16.0,32.0,24.0,4,Hotspot exploratorio,Prioridad 3 - Seguimiento,44,10,2,144,1094.0,1002.0,92.0,0.9471395213076474,0.9348511383537653,0.40379451255107995,1.0,0.9427904261529481,84.5715119673088,879,Seguimiento,1107,901,902,Seguimiento
4.616,-74.073,64,132,2.0625,SANTA FE,SANTA FE,AVENIDA CARACAS,CHOQUE,SOLO DANOS,10.0,28.0,32.0,62.0,4,Hotspot persistente con severidad media-alta,Prioridad 2 - Auditoría de seguridad vial,32,30,2,232,503.0,411.0,92.0,0.9575014594279042,0.9702276707530648,0.7069176882661996,1.0,0.9427904261529481,91.54874489200233,145,Prioridad 2 - Auditoría de seguridad vial,507,713,373,Hotspot preventivo prioritario
4.675,-74.087,56,84,1.5,BARRIOS UNIDOS,JOSE JOAQUIN VARGAS,AVENIDA DEL CONGRESO EUCARISTICO,CHOQUE,SOLO DANOS,32.0,36.0,8.0,8.0,4,Hotspot exploratorio,Prioridad 3 - Seguimiento,44,10,2,144,1094.0,1002.0,92.0,0.9471395213076474,0.9348511383537653,0.40379451255107995,1.0,0.9427904261529481,84.5715119673088,878,Seguimiento,1106,900,901,Seguimiento
4.672,-74.145,64,132,2.0625,FONTIBON,CENTRO FONTIBON,SIN_NMG,CHOQUE,SOLO DANOS,46.0,18.0,54.0,14.0,4,Hotspot persistente con severidad media-alta,Prioridad 2 - Auditoría de seguridad vial,32,30,2,232,503.0,411.0,92.0,0.9575014594279042,0.9702276707530648,0.7069176882661996,1.0,0.9427904261529481,91.54874489200233,146,Prioridad 2 - Auditoría de seguridad vial,508,714,374,Hotspot preventivo prioritario
4.674,-74.088,116,180,1.5517241379310345,BARRIOS UNIDOS,JOSE JOAQUIN VARGAS,AVENIDA DEL CONGRESO EUCARISTICO,CHOQUE,SOLO DANOS,20.0,46.0,56.0,58.0,4,Hotspot exploratorio,Prioridad 3 - Seguimiento,90,20,6,340,263.0,174.0,89.0,0.9857851722124927,0.9845300642148278,0.4281377699941623,1.0,0.9967308814944542,87.90367775831875,510,Seguimiento,267,244,75,Seguimiento
4.618,-74.126,96,192,2.0,PUENTE ARANDA,PROVIVIENDA NORTE,AVENIDA DEL CONGRESO EUCARISTICO,CHOQUE,SOLO DANOS,60.0,48.0,34.0,50.0,4,Hotspot persistente con severidad media-alta,Prioridad 2 - Auditoría de seguridad vial,54,36,6,384,225.0,137.0,88.0,0.9795096322241681,0.9866316403969644,0.648598949211909,1.0,0.9967308814944542,92.22942206654992,107,Prioridad 2 - Auditoría de seguridad vial,226,349,46,Hotspot de severidad/fatalidad
4.655,-74.078,60,112,1.8666666666666667,BARRIOS UNIDOS,EL ROSARIO,AVENIDA CIUDAD DE QUITO,CHOQUE,SOLO DANOS,34.0,22.0,42.0,14.0,4,Hotspot persistente con severidad media-alta,Prioridad 2 - Auditoría de seguridad vial,36,22,2,196,659.0,572.0,87.0,0.953035610040864,0.961004086398132,0.5731757151196731,1.0,0.9427904261529481,88.60011675423235,416,Prioridad 3 - Monitoreo y gestión preventiva,668,793,541,Hotspot preventivo prioritario
4.679,-74.109,62,114,1.8387096774193548,ENGATIVA,VILLA LUZ,AVENIDA JOSE CELESTINO MUTIS,CHOQUE,SOLO DANOS,28.0,52.0,20.0,14.0,4,Hotspot persistente con severidad media-alta,Prioridad 2 - Auditoría de seguridad vial,38,22,2,198,645.0,559.0,86.0,0.9554874489200234,0.962025685931115,0.5625510799766491,1.0,0.9427904261529481,88.4570928196147,438,Prioridad 3 - Monitoreo y gestión preventiva,649,755,557,Hotspot preventivo prioritario
4.669,-74.063,62,114,1.8387096774193548,BARRIOS UNIDOS,JUAN XXIII,AVENIDA MEDELLIN,CHOQUE,SOLO DANOS,46.0,10.0,40.0,18.0,4,Hotspot persistente con severidad media-alta,Prioridad 2 - Auditoría de seguridad vial,38,22,2,198,645.0,559.0,86.0,0.9554874489200234,0.962025685931115,0.5625510799766491,1.0,0.9427904261529481,88.4570928196147,437,Prioridad 3 - Monitoreo y gestión preventiva,648,754,556,Hotspot preventivo prioritario
4.619,-74.088,104,192,1.8461538461538463,PUENTE ARANDA,ESTACION CENTRAL,AVENIDA CIUDAD DE QUITO,CHOQUE,SOLO DANOS,28.0,42.0,40.0,82.0,4,Hotspot persistente con severidad media-alta,Prioridad 2 - Auditoría de seguridad vial,66,32,6,376,225.0,141.0,84.0,0.982282545242265,0.9866316403969644,0.5637186223000584,1.0,0.9967308814944542,90.58727378867484,222,Prioridad 3 - Monitoreo y gestión preventiva,227,303,58,Hotspot preventivo prioritario
4.669,-74.097,60,96,1.6,ENGATIVA,BOSQUE POPULAR,AVENIDA JOSE CELESTINO MUTIS,CHOQUE,SOLO DANOS,14.0,40.0,14.0,28.0,4,Hotspot exploratorio,Prioridad 3 - Seguimiento,44,14,2,164,878.0,794.0,84.0,0.953035610040864,0.9477816695855225,0.44527145359019266,1.0,0.9427904261529481,85.77758318739053,764,Seguimiento,888,797,797,Seguimiento
4.616,-74.173,66,130,1.9696969696969697,KENNEDY,CASABLANCA,AVENIDA AGOBERTO MEJIA CIFUENTES,CHOQUE,SOLO DANOS,22.0,42.0,28.0,38.0,4,Hotspot persistente con severidad media-alta,Prioridad 2 - Auditoría de seguridad vial,36,28,2,226,521.0,438.0,83.0,0.9596614127262113,0.9693812025685931,0.5931115002918855,1.0,0.9427904261529481,89.29889083479277,327,Prioridad 3 - Monitoreo y gestión preventiva,526,675,470,Hotspot preventivo prioritario
4.701,-74.133,66,130,1.9696969696969697,ENGATIVA,SAN ANTONIO URBANO,SIN_NMG,CHOQUE,SOLO DANOS,54.0,40.0,28.0,8.0,4,Hotspot persistente con severidad media-alta,Prioridad 2 - Auditoría de seguridad vial,36,28,2,226,521.0,438.0,83.0,0.9596614127262113,0.9693812025685931,0.5931115002918855,1.0,0.9427904261529481,89.29889083479277,326,Prioridad 3 - Monitoreo y gestión preventiva,525,674,469,Hotspot preventivo prioritario
4.64,-74.066,66,130,1.9696969696969697,CHAPINERO,CHAPINERO CENTRAL,AVENIDA PABLO VI,CHOQUE,SOLO DANOS,32.0,14.0,58.0,26.0,4,Hotspot persistente con severidad media-alta,Prioridad 2 - Auditoría de seguridad vial,36,28,2,226,521.0,438.0,83.0,0.9596614127262113,0.9693812025685931,0.5931115002918855,1.0,0.9427904261529481,89.29889083479277,328,Prioridad 3 - Monitoreo y gestión preventiva,527,676,471,Hotspot preventivo prioritario
4.618,-74.149,62,118,1.903225806451613,KENNEDY,CIUDAD KENNEDY ORIENTAL,AVENIDA PRIMERO DE MAYO,CHOQUE,SOLO DANOS,30.0,32.0,16.0,40.0,4,Hotspot persistente con severidad media-alta,Prioridad 2 - Auditoría de seguridad vial,36,24,2,206,605.0,523.0,82.0,0.9554874489200234,0.9642440163455925,0.5821657910099242,1.0,0.9427904261529481,88.89375364856976,387,Prioridad 3 - Monitoreo y gestión preventiva,609,753,519,Hotspot preventivo prioritario
4.602,-74.081,96,244,2.5416666666666665,SANTA FE,VOTO NACIONAL,AVENIDA CARACAS,ATROPELLO,CON HERIDOS,102.0,44.0,46.0,52.0,4,Hotspot persistente con severidad media-alta,Prioridad 2 - Auditoría de seguridad vial,32,54,10,552,135.0,53.0,82.0,0.9795096322241681,0.992148277875073,0.8176882661996497,1.0,0.9995621716287215,95.77816695855225,2,Prioridad 1 - Intervención prioritaria,135,347,6,Hotspot robusto integral
4.673,-74.105,100,136,1.36,ENGATIVA,NORMANDIA,AVENIDA BOYACA,CHOQUE,SOLO DANOS,40.0,12.0,48.0,36.0,4,Hotspot exploratorio,Prioridad 3 - Seguimiento,86,10,4,236,472.0,390.0,82.0,0.9809982486865149,0.9720081727962638,0.34550496205487446,1.0,0.9885872737886748,85.74197314652656,768,Seguimiento,481,327,275,Seguimiento
4.719,-74.12,102,206,2.019607843137255,ENGATIVA,VILLAS DE GRANADA I,AVENIDA MEDELLIN,CHOQUE,SOLO DANOS,62.0,58.0,48.0,38.0,4,Hotspot persistente con severidad media-alta,Prioridad 2 - Auditoría de seguridad vial,56,40,6,406,197.0,116.0,81.0,0.9817279626386457,0.9884413309982487,0.7035901926444834,1.0,0.9967308814944542,93.40980735551663,45,Prioridad 1 - Intervención prioritaria,198,309,37,Hotspot robusto integral
4.693,-74.091,100,140,1.4,ENGATIVA,BONANZA,AVENIDA BOYACA,CHOQUE,SOLO DANOS,34.0,36.0,28.0,42.0,4,Hotspot exploratorio,Prioridad 3 - Seguimiento,84,12,4,244,444.0,364.0,80.0,0.9809982486865149,0.9738178633975482,0.3613543490951547,1.0,0.9885872737886748,86.09515469935785,718,Seguimiento,447,325,267,Seguimiento
4.681,-74.1,60,104,1.7333333333333334,ENGATIVA,EL REAL,AVENIDA BOYACA,CHOQUE,SOLO DANOS,16.0,46.0,30.0,12.0,4,Hotspot persistente con severidad media-alta,Prioridad 2 - Auditoría de seguridad vial,40,18,2,180,754.0,675.0,79.0,0.953035610040864,0.9551079976649154,0.5218330414477524,1.0,0.9427904261529481,87.45534150612959,565,Seguimiento,764,795,646,Seguimiento
4.654,-74.056,60,104,1.7333333333333334,CHAPINERO,QUINTA CAMACHO,AVENIDA ALBERTO LLERAS CAMARGO,CHOQUE,SOLO DANOS,16.0,22.0,40.0,26.0,4,Hotspot persistente con severidad media-alta,Prioridad 2 - Auditoría de seguridad vial,40,18,2,180,754.0,675.0,79.0,0.953035610040864,0.9551079976649154,0.5218330414477524,1.0,0.9427904261529481,87.45534150612959,566,Seguimiento,765,796,647,Seguimiento
4.631,-74.143,92,180,1.9565217391304348,KENNEDY,MANDALAY,AVENIDA DE LAS AMERICAS,CHOQUE,SOLO DANOS,14.0,70.0,72.0,24.0,4,Hotspot persistente con severidad media-alta,Prioridad 2 - Auditoría de seguridad vial,52,36,4,332,263.0,184.0,79.0,0.9781377699941622,0.9845300642148278,0.592031523642732,1.0,0.9885872737886748,90.86573263280793,197,Prioridad 2 - Auditoría de seguridad vial,264,372,144,Hotspot de severidad/fatalidad
4.61,-74.141,60,104,1.7333333333333334,KENNEDY,PROVIVIENDA,AVENIDA BOYACA,CHOQUE,SOLO DANOS,6.0,42.0,18.0,38.0,4,Hotspot persistente con severidad media-alta,Prioridad 2 - Auditoría de seguridad vial,40,18,2,180,754.0,675.0,79.0,0.953035610040864,0.9551079976649154,0.5218330414477524,1.0,0.9427904261529481,87.45534150612959,564,Seguimiento,763,794,645,Seguimiento
4.583,-74.104,92,176,1.9130434782608696,ANTONIO NARIÑO,RESTREPO,SIN_NMG,CHOQUE,SOLO DANOS,52.0,44.0,60.0,20.0,4,Hotspot persistente con severidad media-alta,Prioridad 2 - Auditoría de seguridad vial,54,34,4,324,277.0,198.0,79.0,0.9781377699941622,0.9837127845884414,0.5855808523058961,1.0,0.9885872737886748,90.72037361354349,209,Prioridad 3 - Monitoreo y gestión preventiva,279,373,147,Hotspot preventivo prioritario
4.674,-74.153,122,182,1.4918032786885247,FONTIBON,EL CARMEN FONTIBON,AVENIDA CENTENARIO,CHOQUE,SOLO DANOS,70.0,46.0,28.0,38.0,4,Hotspot exploratorio,Prioridad 3 - Seguimiento,98,18,6,338,255.0,177.0,78.0,0.9871862230005838,0.9849678925861063,0.3877991827203736,1.0,0.9967308814944542,87.13368359603037,598,Seguimiento,258,218,78,Seguimiento
4.614,-74.092,58,86,1.4827586206896552,PUENTE ARANDA,ESTACION CENTRAL,AVENIDA CIUDAD DE QUITO,CHOQUE,SOLO DANOS,24.0,18.0,10.0,34.0,4,Hotspot exploratorio,Prioridad 3 - Seguimiento,46,10,2,146,1051.0,973.0,78.0,0.9500291885580853,0.9374781085814361,0.3868067717454758,1.0,0.9427904261529481,84.34208990075891,893,Seguimiento,1066,845,916,Seguimiento
4.765,-74.038,58,86,1.4827586206896552,USAQUEN,VERBENAL SAN ANTONIO,SIN_NMG,CHOQUE,SOLO DANOS,24.0,40.0,16.0,6.0,4,Hotspot exploratorio,Prioridad 3 - Seguimiento,46,10,2,146,1051.0,973.0,78.0,0.9500291885580853,0.9374781085814361,0.3868067717454758,1.0,0.9427904261529481,84.34208990075891,892,Seguimiento,1065,844,915,Seguimiento
4.568,-74.145,58,86,1.4827586206896552,CIUDAD BOLIVAR,EL CHIRCAL SUR,AVENIDA CIUDAD DE VILLAVICENCIO,CHOQUE,SOLO DANOS,22.0,12.0,18.0,34.0,4,Hotspot exploratorio,Prioridad 3 - Seguimiento,46,10,2,146,1051.0,973.0,78.0,0.9500291885580853,0.9374781085814361,0.3868067717454758,1.0,0.9427904261529481,84.34208990075891,894,Seguimiento,1067,846,917,Seguimiento
4.544,-74.121,120,256,2.1333333333333333,USME,LA PICOTA,AVENIDA CARACAS,CHOQUE,SOLO DANOS,58.0,60.0,56.0,82.0,4,Hotspot persistente con severidad media-alta,Prioridad 2 - Auditoría de seguridad vial,64,44,12,584,122.0,45.0,77.0,0.9868067717454758,0.9928488032691185,0.7190893169877408,1.0,0.9998248686514886,93.97139521307648,27,Prioridad 1 - Intervención prioritaria,122,224,3,Hotspot robusto integral
4.707,-74.098,64,116,1.8125,ENGATIVA,PARIS GAITAN,AVENIDA CIUDAD DE CALI,CHOQUE,SOLO DANOS,18.0,22.0,34.0,42.0,4,Hotspot persistente con severidad media-alta,Prioridad 2 - Auditoría de seguridad vial,40,22,2,200,624.0,548.0,76.0,0.9575014594279042,0.9630472854640981,0.5571803852889667,1.0,0.9427904261529481,88.41039112667835,449,Prioridad 3 - Monitoreo y gestión preventiva,631,718,567,Hotspot preventivo prioritario
4.65,-74.078,100,160,1.6,TEUSAQUILLO,CAMPIN OCCIDENTAL,AVENIDA CIUDAD DE QUITO,CHOQUE,SOLO DANOS,50.0,48.0,36.0,26.0,4,Hotspot exploratorio,Prioridad 3 - Seguimiento,74,22,4,284,341.0,265.0,76.0,0.9809982486865149,0.9800642148277875,0.44527145359019266,1.0,0.9885872737886748,87.89842381786339,513,Seguimiento,343,324,228,Seguimiento
4.67,-74.109,102,142,1.392156862745098,ENGATIVA,NORMANDIA OCCIDENTAL,SIN_NMG,CHOQUE,SOLO DANOS,26.0,32.0,34.0,50.0,4,Hotspot exploratorio,Prioridad 3 - Seguimiento,86,12,4,246,429.0,353.0,76.0,0.9817279626386457,0.9746059544658494,0.35160537069468767,1.0,0.9885872737886748,85.93053123175716,741,Seguimiento,435,311,271,Seguimiento
4.619,-74.068,94,190,2.021276595744681,SANTA FE,SAN MARTIN,AVENIDA ALBERTO LLERAS CAMARGO,CHOQUE,SOLO DANOS,52.0,18.0,72.0,48.0,4,Hotspot persistente con severidad media-alta,Prioridad 2 - Auditoría de seguridad vial,50,40,4,350,236.0,161.0,75.0,0.9788674839462931,0.9861938120256859,0.703677758318739,1.0,0.9885872737886748,93.14652656158786,54,Prioridad 2 - Auditoría de seguridad vial,236,359,111,Hotspot de severidad/fatalidad
4.574,-74.093,68,132,1.9411764705882353,SAN CRISTOBAL,VEINTE DE JULIO,AVENIDA PRIMERO DE MAYO,CHOQUE,SOLO DANOS,12.0,42.0,38.0,40.0,4,Hotspot persistente con severidad media-alta,Prioridad 2 - Auditoría de seguridad vial,38,28,2,228,503.0,429.0,74.0,0.961646234676007,0.9702276707530648,0.5900175131348512,1.0,0.9427904261529481,89.29363689433742,329,Prioridad 3 - Monitoreo y gestión preventiva,509,647,472,Hotspot preventivo prioritario
4.582,-74.09,64,148,2.3125,SAN CRISTOBAL,NARINO SUR,AVENIDA FERNANDO MAZUERA,CHOQUE,CON HERIDOS,20.0,10.0,42.0,76.0,4,Hotspot persistente con severidad media-alta,Prioridad 2 - Auditoría de seguridad vial,24,38,2,264,386.0,312.0,74.0,0.9575014594279042,0.9772621132516054,0.7532983070636311,1.0,0.9427904261529481,92.61704611792177,78,Prioridad 2 - Auditoría de seguridad vial,386,712,328,Hotspot preventivo prioritario
4.685,-74.093,68,132,1.9411764705882353,ENGATIVA,BONANZA,AVENIDA CHILE,CHOQUE,SOLO DANOS,18.0,54.0,24.0,36.0,4,Hotspot persistente con severidad media-alta,Prioridad 2 - Auditoría de seguridad vial,38,28,2,228,503.0,429.0,74.0,0.961646234676007,0.9702276707530648,0.5900175131348512,1.0,0.9427904261529481,89.29363689433742,330,Prioridad 3 - Monitoreo y gestión preventiva,510,648,473,Hotspot preventivo prioritario
4.59,-74.161,62,98,1.5806451612903225,CIUDAD BOLIVAR,MADELENA,SIN_NMG,CHOQUE,SOLO DANOS,20.0,32.0,24.0,22.0,4,Hotspot exploratorio,Prioridad 3 - Seguimiento,46,14,2,166,851.0,778.0,73.0,0.9554874489200234,0.949620548744892,0.4409807355516637,1.0,0.9427904261529481,85.77758318739053,763,Seguimiento,858,761,796,Seguimiento
4.683,-74.157,70,134,1.9142857142857144,FONTIBON,EL CHANCO I,AVENIDA CENTENARIO,CHOQUE,SOLO DANOS,24.0,20.0,46.0,44.0,4,Hotspot persistente con severidad media-alta,Prioridad 2 - Auditoría de seguridad vial,40,28,2,230,491.0,418.0,73.0,0.963543490951547,0.9710741389375365,0.5857267950963222,1.0,0.9427904261529481,89.26269702276709,336,Prioridad 3 - Monitoreo y gestión preventiva,494,614,478,Hotspot preventivo prioritario
4.63,-74.192,70,134,1.9142857142857144,BOSA,LA CABANA,AVENIDA TINTAL,CHOQUE,SOLO DANOS,40.0,16.0,36.0,42.0,4,Hotspot persistente con severidad media-alta,Prioridad 2 - Auditoría de seguridad vial,40,28,2,230,491.0,418.0,73.0,0.963543490951547,0.9710741389375365,0.5857267950963222,1.0,0.9427904261529481,89.26269702276709,337,Prioridad 3 - Monitoreo y gestión preventiva,495,615,479,Hotspot preventivo prioritario
4.576,-74.155,108,296,2.740740740740741,CIUDAD BOLIVAR,VERONA,AVENIDA CIUDAD DE VILLAVICENCIO,CHOQUE,CON HERIDOS,100.0,60.0,102.0,34.0,4,Hotspot persistente con severidad media-alta,Prioridad 2 - Auditoría de seguridad vial,32,58,18,772,83.0,11.0,72.0,0.9832749562171629,0.9951838879159369,0.835318155283129,1.0,1.0,96.27553998832458,1,Prioridad 1 - Intervención prioritaria,83,282,1,Hotspot robusto integral
4.6,-74.088,108,220,2.037037037037037,LOS MARTIRES,LA ESTANZUELA,AVENIDA DE LOS COMUNEROS,CHOQUE,SOLO DANOS,28.0,54.0,58.0,80.0,4,Hotspot persistente con severidad media-alta,Prioridad 2 - Auditoría de seguridad vial,58,44,6,428,170.0,98.0,72.0,0.9832749562171629,0.9900175131348511,0.704173963806188,1.0,0.9967308814944542,93.48394629305312,43,Prioridad 1 - Intervención prioritaria,170,284,36,Hotspot robusto integral
4.657,-74.12,62,110,1.7741935483870968,FONTIBON,CAPELLANIA,AVENIDA BOYACA,CHOQUE,SOLO DANOS,12.0,48.0,38.0,12.0,4,Hotspot persistente con severidad media-alta,Prioridad 2 - Auditoría de seguridad vial,40,20,2,190,680.0,608.0,72.0,0.9554874489200234,0.9595738470519556,0.5338587273788675,1.0,0.9427904261529481,87.83420899007591,519,Seguimiento,683,756,610,Seguimiento
4.592,-74.116,100,228,2.28,ANTONIO NARIÑO,EDUARDO FREY,AVENIDA JORGE GAITAN CORTES,CHOQUE,CON HERIDOS,64.0,58.0,74.0,32.0,4,Hotspot persistente con severidad media-alta,Prioridad 2 - Auditoría de seguridad vial,42,52,6,452,159.0,87.0,72.0,0.9809982486865149,0.9906596614127262,0.7521307647402218,1.0,0.9967308814944542,94.41039112667833,14,Prioridad 1 - Intervención prioritaria,159,320,33,Hotspot robusto integral
4.635,-74.153,62,106,1.7096774193548387,KENNEDY,PIO XII,AVENIDA MANUEL CEPEDA VARGAS,CHOQUE,SOLO DANOS,30.0,24.0,38.0,14.0,4,Hotspot persistente con severidad media-alta,Prioridad 2 - Auditoría de seguridad vial,42,18,2,182,731.0,659.0,72.0,0.9554874489200234,0.9567425569176883,0.5155575014594279,1.0,0.9427904261529481,87.41155866900175,573,Seguimiento,733,757,652,Seguimiento
4.616,-74.16,62,106,1.7096774193548387,KENNEDY,CIUDAD KENNEDY SUR,SIN_NMG,CHOQUE,SOLO DANOS,40.0,16.0,28.0,22.0,4,Hotspot persistente con severidad media-alta,Prioridad 2 - Auditoría de seguridad vial,42,18,2,182,731.0,659.0,72.0,0.9554874489200234,0.9567425569176883,0.5155575014594279,1.0,0.9427904261529481,87.41155866900175,574,Seguimiento,734,758,653,Seguimiento
4.6,-74.078,62,150,2.4193548387096775,SANTA FE,SANTA INES,AVENIDA FERNANDO MAZUERA,CHOQUE,CON HERIDOS,46.0,22.0,52.0,30.0,4,Hotspot persistente con severidad media-alta,Prioridad 2 - Auditoría de seguridad vial,20,40,2,270,373.0,303.0,70.0,0.9554874489200234,0.9779334500875657,0.7964389959136019,1.0,0.9427904261529481,93.45300642148277,44,Prioridad 1 - Intervención prioritaria,373,749,312,Hotspot preventivo prioritario
4.673,-74.146,66,122,1.8484848484848484,FONTIBON,CENTRO FONTIBON,SIN_NMG,CHOQUE,SOLO DANOS,42.0,24.0,34.0,22.0,4,Hotspot persistente con severidad media-alta,Prioridad 2 - Auditoría de seguridad vial,40,24,2,210,575.0,505.0,70.0,0.9596614127262113,0.9660537069468769,0.5640105078809107,1.0,0.9427904261529481,88.65032107413894,411,Prioridad 3 - Monitoreo y gestión preventiva,577,677,536,Hotspot preventivo prioritario
4.656,-74.067,72,160,2.2222222222222223,BARRIOS UNIDOS,RAFAEL URIBE,SIN_NMG,CHOQUE,CON HERIDOS,46.0,50.0,36.0,28.0,4,Hotspot persistente con severidad media-alta,Prioridad 2 - Auditoría de seguridad vial,30,40,2,280,341.0,271.0,70.0,0.9656158785755984,0.9800642148277875,0.744687682428488,1.0,0.9427904261529481,92.66316403969643,76,Prioridad 2 - Auditoría de seguridad vial,342,574,326,Hotspot preventivo prioritario
4.554,-74.137,128,248,1.9375,CIUDAD BOLIVAR,MEXICO,AVENIDA BOYACA,CHOQUE,SOLO DANOS,52.0,82.0,62.0,52.0,4,Hotspot persistente con severidad media-alta,Prioridad 2 - Auditoría de seguridad vial,78,40,10,528,129.0,59.0,70.0,0.9884121424401635,0.9924401634559252,0.5894045534150613,1.0,0.9995621716287215,91.39638061879744,156,Prioridad 2 - Auditoría de seguridad vial,129,199,8,Hotspot robusto integral
4.726,-74.032,64,108,1.6875,USAQUEN,CAOBOS SALAZAR,AVENIDA LAUREANO GOMEZ,CHOQUE,SOLO DANOS,32.0,38.0,24.0,14.0,4,Hotspot exploratorio,Prioridad 3 - Seguimiento,44,18,2,184,708.0,639.0,69.0,0.9575014594279042,0.9580852305896089,0.5122008172796264,1.0,0.9427904261529481,87.41155866900175,570,Seguimiento,713,720,649,Seguimiento
4.682,-74.09,64,108,1.6875,ENGATIVA,LA ESTRADA,AVENIDA CHILE,CHOQUE,SOLO DANOS,24.0,24.0,24.0,36.0,4,Hotspot exploratorio,Prioridad 3 - Seguimiento,44,18,2,184,708.0,639.0,69.0,0.9575014594279042,0.9580852305896089,0.5122008172796264,1.0,0.9427904261529481,87.41155866900175,571,Seguimiento,714,721,650,Seguimiento
4.608,-74.142,64,108,1.6875,KENNEDY,PROVIVIENDA,AVENIDA BOYACA,CHOQUE,SOLO DANOS,10.0,8.0,58.0,32.0,4,Hotspot exploratorio,Prioridad 3 - Seguimiento,44,18,2,184,708.0,639.0,69.0,0.9575014594279042,0.9580852305896089,0.5122008172796264,1.0,0.9427904261529481,87.41155866900175,572,Seguimiento,715,722,651,Seguimiento
4.703,-74.033,116,196,1.6896551724137931,USAQUEN,SANTA BARBARA ORIENTAL,AVENIDA LAUREANO GOMEZ,CHOQUE,SOLO DANOS,52.0,34.0,80.0,30.0,4,Hotspot exploratorio,Prioridad 3 - Seguimiento,82,28,6,372,213.0,145.0,68.0,0.9857851722124927,0.9874489200233508,0.5125510799766492,1.0,0.9967308814944542,89.65032107413894,304,Prioridad 3 - Monitoreo y gestión preventiva,215,243,63,Hotspot preventivo prioritario
4.778,-74.042,54,66,1.2222222222222223,USAQUEN,CANAIMA,AVENIDA PASEO DE LOS LIBERTADORES,CHOQUE,SOLO DANOS,16.0,8.0,22.0,20.0,4,Hotspot exploratorio,Prioridad 3 - Seguimiento,50,2,2,110,1567.0,1500.0,67.0,0.9440163455925278,0.9065382370110916,0.30484530064214826,1.0,0.9427904261529481,81.96380618797431,1057,Seguimiento,1581,953,1041,Seguimiento
4.707,-74.12,68,128,1.8823529411764706,ENGATIVA,GARCES NAVAS ORIENTAL,AVENIDA CHILE,CHOQUE,SOLO DANOS,46.0,24.0,38.0,20.0,4,Hotspot persistente con severidad media-alta,Prioridad 2 - Auditoría de seguridad vial,40,26,2,220,531.0,465.0,66.0,0.961646234676007,0.9685055458260362,0.5753064798598949,1.0,0.9427904261529481,88.96497373029773,371,Prioridad 3 - Monitoreo y gestión preventiva,535,650,507,Hotspot preventivo prioritario
4.578,-74.156,90,194,2.1555555555555554,CIUDAD BOLIVAR,VERONA,AVENIDA CIUDAD DE VILLAVICENCIO,CHOQUE,CON HERIDOS,46.0,80.0,42.0,26.0,4,Hotspot persistente con severidad media-alta,Prioridad 2 - Auditoría de seguridad vial,42,44,4,362,220.0,154.0,66.0,0.977086981903094,0.9870986573263281,0.7250729713952131,1.0,0.9885872737886748,93.55691768826621,41,Prioridad 1 - Intervención prioritaria,220,383,107,Hotspot de severidad/fatalidad
4.729,-74.101,70,146,2.085714285714286,SUBA,LECH WALESA,AVENIDA CIUDAD DE CALI,CHOQUE,CON HERIDOS,26.0,44.0,56.0,20.0,4,Hotspot persistente con severidad media-alta,Prioridad 2 - Auditoría de seguridad vial,34,34,2,254,396.0,331.0,65.0,0.963543490951547,0.9764448336252189,0.7109165207238762,1.0,0.9427904261529481,91.87390542907181,128,Prioridad 2 - Auditoría de seguridad vial,397,611,364,Hotspot preventivo prioritario
4.602,-74.077,94,238,2.5319148936170213,SANTA FE,LA CAPUCHINA,AVENIDA FERNANDO MAZUERA,ATROPELLO,CON HERIDOS,64.0,64.0,62.0,48.0,4,Hotspot persistente con severidad media-alta,Prioridad 2 - Auditoría de seguridad vial,28,60,6,478,141.0,77.0,64.0,0.9788674839462931,0.991768826619965,0.8171044950379451,1.0,0.9967308814944542,95.68943374197315,3,Prioridad 1 - Intervención prioritaria,141,358,30,Hotspot robusto integral
4.569,-74.125,64,112,1.75,RAFAEL URIBE URIBE,MARCO FIDEL SUAREZ I,AVENIDA CARACAS,CHOQUE,SOLO DANOS,24.0,34.0,14.0,40.0,4,Hotspot persistente con severidad media-alta,Prioridad 2 - Auditoría de seguridad vial,42,20,2,192,659.0,595.0,64.0,0.9575014594279042,0.961004086398132,0.5268534734384122,1.0,0.9427904261529481,87.76298890834792,524,Seguimiento,669,719,615,Seguimiento
4.619,-74.14,132,276,2.090909090909091,KENNEDY,CIUDAD KENNEDY,AVENIDA PRIMERO DE MAYO,CHOQUE,SOLO DANOS,104.0,78.0,34.0,60.0,4,Hotspot persistente con severidad media-alta,Prioridad 2 - Auditoría de seguridad vial,72,48,12,612,102.0,38.0,64.0,0.9889083479276124,0.9940455341506129,0.7121132516053706,1.0,0.9998248686514886,93.89784004670169,31,Prioridad 1 - Intervención prioritaria,102,189,5,Hotspot robusto integral
4.639,-74.158,116,220,1.896551724137931,KENNEDY,MARIA PAZ,AVENIDA CIUDAD DE CALI,CHOQUE,SOLO DANOS,38.0,82.0,34.0,66.0,4,Hotspot persistente con severidad media-alta,Prioridad 2 - Auditoría de seguridad vial,70,40,6,420,170.0,107.0,63.0,0.9857851722124927,0.9900175131348511,0.5812901342673672,1.0,0.9967308814944542,91.07647402218329,174,Prioridad 2 - Auditoría de seguridad vial,172,241,52,Hotspot robusto integral
4.594,-74.113,92,200,2.1739130434782608,ANTONIO NARIÑO,SANTANDER SUR,AVENIDA JORGE GAITAN CORTES,CHOQUE,CON HERIDOS,42.0,44.0,58.0,56.0,4,Hotspot persistente con severidad media-alta,Prioridad 2 - Auditoría de seguridad vial,42,46,4,372,207.0,145.0,62.0,0.9781377699941622,0.9879159369527145,0.727086981903094,1.0,0.9885872737886748,93.6345592527729,38,Prioridad 1 - Intervención prioritaria,207,370,105,Hotspot de severidad/fatalidad
4.63,-74.133,72,136,1.8888888888888888,KENNEDY,HIPOTECHO,AVENIDA DE LAS AMERICAS,CHOQUE,SOLO DANOS,46.0,20.0,24.0,46.0,4,Hotspot persistente con severidad media-alta,Prioridad 2 - Auditoría de seguridad vial,42,28,2,232,472.0,411.0,61.0,0.9656158785755984,0.9720081727962638,0.5783129013426737,1.0,0.9427904261529481,89.1745475773497,352,Prioridad 3 - Monitoreo y gestión preventiva,476,576,493,Hotspot preventivo prioritario
4.588,-74.145,72,136,1.8888888888888888,TUNJUELITO,NUEVO MUZU,AVENIDA BOYACA,CHOQUE,SOLO DANOS,26.0,32.0,46.0,32.0,4,Hotspot persistente con severidad media-alta,Prioridad 2 - Auditoría de seguridad vial,42,28,2,232,472.0,411.0,61.0,0.9656158785755984,0.9720081727962638,0.5783129013426737,1.0,0.9427904261529481,89.1745475773497,353,Prioridad 3 - Monitoreo y gestión preventiva,477,577,494,Hotspot preventivo prioritario
4.622,-74.077,70,126,1.8,TEUSAQUILLO,FLORIDA,AVENIDA JORGE ELIECER GAITAN,CHOQUE,SOLO DANOS,12.0,30.0,40.0,44.0,4,Hotspot persistente con severidad media-alta,Prioridad 2 - Auditoría de seguridad vial,44,24,2,214,551.0,490.0,61.0,0.963543490951547,0.9675131348511383,0.5462346760070053,1.0,0.9427904261529481,88.40163455925278,450,Prioridad 3 - Monitoreo y gestión preventiva,552,617,568,Hotspot preventivo prioritario
4.629,-74.115,68,120,1.7647058823529411,PUENTE ARANDA,SALAZAR GOMEZ,SIN_NMG,CHOQUE,SOLO DANOS,56.0,22.0,18.0,24.0,4,Hotspot persistente con severidad media-alta,Prioridad 2 - Auditoría de seguridad vial,44,22,2,204,591.0,531.0,60.0,0.961646234676007,0.9651780502043199,0.5319906596614127,1.0,0.9427904261529481,88.03210741389374,495,Prioridad 3 - Monitoreo y gestión preventiva,593,651,594,Hotspot preventivo prioritario
4.606,-74.184,62,102,1.6451612903225807,BOSA,JIMENEZ DE QUESADA,SIN_NMG,CHOQUE,SOLO DANOS,20.0,30.0,38.0,14.0,4,Hotspot exploratorio,Prioridad 3 - Seguimiento,44,16,2,174,787.0,727.0,60.0,0.9554874489200234,0.9531523642732049,0.4551371862230006,1.0,0.9427904261529481,86.13134851138355,716,Seguimiento,800,760,757,Seguimiento
4.547,-74.137,62,102,1.6451612903225807,CIUDAD BOLIVAR,CENTRAL DE MEZCLAS,AUTOPISTA AL LLANO O AVENIDA BOYACA,CHOQUE,SOLO DANOS,24.0,14.0,46.0,18.0,4,Hotspot exploratorio,Prioridad 3 - Seguimiento,44,16,2,174,787.0,727.0,60.0,0.9554874489200234,0.9531523642732049,0.4551371862230006,1.0,0.9427904261529481,86.13134851138355,715,Seguimiento,799,759,756,Seguimiento
4.614,-74.084,58,78,1.3448275862068966,LOS MARTIRES,PALOQUEMAO,AVENIDA CIUDAD DE LIMA,CHOQUE,SOLO DANOS,22.0,34.0,8.0,14.0,4,Hotspot exploratorio,Prioridad 3 - Seguimiento,50,6,2,130,1232.0,1172.0,60.0,0.9500291885580853,0.9265032107413894,0.34214827787507296,1.0,0.9427904261529481,83.2294220665499,943,Seguimiento,1245,847,958,Seguimiento
4.561,-74.139,64,100,1.5625,CIUDAD BOLIVAR,LUCERO ALTO,AVENIDA BOYACA,CHOQUE,SOLO DANOS,38.0,6.0,26.0,30.0,4,Hotspot exploratorio,Prioridad 3 - Seguimiento,48,14,2,168,821.0,762.0,59.0,0.9575014594279042,0.9512842965557502,0.4299182720373614,1.0,0.9427904261529481,85.62988908347927,779,Seguimiento,830,723,809,Seguimiento
4.617,-74.171,74,174,2.3513513513513513,KENNEDY,CASABLANCA,AVENIDA AGOBERTO MEJIA CIFUENTES,CHOQUE,CON HERIDOS,44.0,40.0,40.0,50.0,4,Hotspot persistente con severidad media-alta,Prioridad 2 - Auditoría de seguridad vial,26,46,2,306,285.0,227.0,58.0,0.9675423234092236,0.9832749562171629,0.7924109748978401,1.0,0.9427904261529481,93.7203736135435,34,Prioridad 1 - Intervención prioritaria,285,543,309,Hotspot preventivo prioritario
4.627,-74.173,70,150,2.142857142857143,KENNEDY,LAS MARGARITAS,AVENIDA CIUDAD DE CALI,CHOQUE,CON HERIDOS,32.0,24.0,38.0,56.0,4,Hotspot persistente con severidad media-alta,Prioridad 2 - Auditoría de seguridad vial,32,36,2,262,373.0,316.0,57.0,0.963543490951547,0.9779334500875657,0.7220957384705196,1.0,0.9427904261529481,92.12726211325159,111,Prioridad 2 - Auditoría de seguridad vial,374,610,353,Hotspot preventivo prioritario
4.656,-74.066,74,138,1.864864864864865,BARRIOS UNIDOS,LA ESPERANZA,SIN_NMG,CHOQUE,SOLO DANOS,58.0,48.0,4.0,28.0,4,Hotspot persistente con severidad media-alta,Prioridad 2 - Auditoría de seguridad vial,44,28,2,234,456.0,400.0,56.0,0.9675423234092236,0.9730005837711617,0.5730589608873322,1.0,0.9427904261529481,89.12784588441332,355,Prioridad 3 - Monitoreo y gestión preventiva,460,549,495,Hotspot preventivo prioritario
4.629,-74.117,76,140,1.8421052631578947,PUENTE ARANDA,SALAZAR GOMEZ,AVENIDA DE LAS AMERICAS,CHOQUE,SOLO DANOS,60.0,30.0,30.0,20.0,4,Hotspot persistente con severidad media-alta,Prioridad 2 - Auditoría de seguridad vial,46,28,2,236,444.0,390.0,54.0,0.9689433741973147,0.9738178633975482,0.563164039696439,1.0,0.9427904261529481,88.97431406888501,369,Prioridad 3 - Monitoreo y gestión preventiva,445,528,505,Hotspot preventivo prioritario
4.722,-74.075,106,186,1.7547169811320755,SUBA,CIUDAD JARDIN NORTE,AVENIDA ALFREDO D BATEMAN,CHOQUE,SOLO DANOS,20.0,82.0,14.0,70.0,4,Hotspot persistente con severidad media-alta,Prioridad 2 - Auditoría de seguridad vial,70,32,4,330,243.0,189.0,54.0,0.9826911850554583,0.9857267950963222,0.5308231173380035,1.0,0.9885872737886748,89.75656742556917,290,Prioridad 3 - Monitoreo y gestión preventiva,243,295,186,Hotspot preventivo prioritario
4.684,-74.097,76,140,1.8421052631578947,ENGATIVA,PALO BLANCO,AVENIDA BOYACA,CHOQUE,SOLO DANOS,18.0,20.0,64.0,38.0,4,Hotspot persistente con severidad media-alta,Prioridad 2 - Auditoría de seguridad vial,46,28,2,236,444.0,390.0,54.0,0.9689433741973147,0.9738178633975482,0.563164039696439,1.0,0.9427904261529481,88.97431406888501,370,Prioridad 3 - Monitoreo y gestión preventiva,446,529,506,Hotspot preventivo prioritario
4.584,-74.105,78,170,2.1794871794871793,ANTONIO NARIÑO,RESTREPO,AVENIDA PRIMERO DE MAYO,CHOQUE,CON HERIDOS,76.0,52.0,12.0,30.0,4,Hotspot persistente con severidad media-alta,Prioridad 2 - Auditoría de seguridad vial,34,42,2,294,299.0,246.0,53.0,0.97025685931115,0.9824284880326912,0.7276707530647986,1.0,0.9427904261529481,92.46293053123175,86,Prioridad 2 - Auditoría de seguridad vial,299,499,334,Hotspot preventivo prioritario
4.735,-74.08,74,134,1.8108108108108107,SUBA,SUBA URBANO,AVENIDA TRANSVERSAL DE SUBA,CHOQUE,SOLO DANOS,24.0,32.0,42.0,36.0,4,Hotspot persistente con severidad media-alta,Prioridad 2 - Auditoría de seguridad vial,46,26,2,226,491.0,438.0,53.0,0.9675423234092236,0.9710741389375365,0.5570052539404553,1.0,0.9427904261529481,88.76824284880327,396,Prioridad 3 - Monitoreo y gestión preventiva,496,550,527,Hotspot preventivo prioritario
4.653,-74.078,64,96,1.5,BARRIOS UNIDOS,EL ROSARIO,AVENIDA CIUDAD DE QUITO,CHOQUE,SOLO DANOS,22.0,14.0,34.0,26.0,4,Hotspot exploratorio,Prioridad 3 - Seguimiento,50,12,2,160,878.0,825.0,53.0,0.9575014594279042,0.9477816695855225,0.40379451255107995,1.0,0.9427904261529481,85.03736135434909,840,Seguimiento,889,725,867,Seguimiento
4.654,-74.122,110,170,1.5454545454545454,FONTIBON,FRANCO,AVENIDA BOYACA,CHOQUE,SOLO DANOS,50.0,60.0,18.0,42.0,4,Hotspot exploratorio,Prioridad 3 - Seguimiento,84,22,4,294,299.0,246.0,53.0,0.9840046701692936,0.9824284880326912,0.4262405137186223,1.0,0.9885872737886748,87.62521891418564,557,Seguimiento,301,270,236,Seguimiento
4.632,-74.166,70,154,2.2,KENNEDY,CHUCUA DE LA VACA III,AVENIDA CIUDAD DE CALI,CHOQUE,CON HERIDOS,48.0,38.0,28.0,40.0,4,Hotspot persistente con severidad media-alta,Prioridad 2 - Auditoría de seguridad vial,30,38,2,270,355.0,303.0,52.0,0.963543490951547,0.9790426152948044,0.7361646234676007,1.0,0.9427904261529481,92.43082311733801,88,Prioridad 2 - Auditoría de seguridad vial,356,609,336,Hotspot preventivo prioritario
4.719,-74.035,72,124,1.7222222222222223,USAQUEN,CEDRITOS,SIN_NMG,CHOQUE,SOLO DANOS,40.0,22.0,26.0,36.0,4,Hotspot persistente con severidad media-alta,Prioridad 2 - Auditoría de seguridad vial,48,22,2,208,565.0,513.0,52.0,0.9656158785755984,0.9668126094570928,0.5176590776415645,1.0,0.9427904261529481,87.85755983654407,518,Seguimiento,568,582,609,Seguimiento
4.689,-74.162,62,90,1.4516129032258065,FONTIBON,SAN PABLO JERICO,AVENIDA CENTENARIO,CHOQUE,SOLO DANOS,18.0,30.0,22.0,20.0,4,Hotspot exploratorio,Prioridad 3 - Seguimiento,50,10,2,150,979.0,927.0,52.0,0.9554874489200234,0.9419439579684764,0.3806479859894921,1.0,0.9427904261529481,84.4173963806188,891,Seguimiento,991,762,914,Seguimiento
4.65,-74.122,70,122,1.7428571428571429,FONTIBON,FRANCO,AVENIDA INDUSTRIAL,CHOQUE,SOLO DANOS,36.0,22.0,28.0,36.0,4,Hotspot persistente con severidad media-alta,Prioridad 2 - Auditoría de seguridad vial,46,22,2,206,575.0,523.0,52.0,0.963543490951547,0.9660537069468769,0.5227378867483946,1.0,0.9427904261529481,87.90251021599535,511,Seguimiento,578,618,607,Seguimiento
4.74,-74.066,72,132,1.8333333333333333,SUBA,EL PLAN,AVENIDA BOYACA,CHOQUE,SOLO DANOS,18.0,38.0,42.0,34.0,4,Hotspot persistente con severidad media-alta,Prioridad 2 - Auditoría de seguridad vial,44,26,2,224,503.0,452.0,51.0,0.9656158785755984,0.9702276707530648,0.5607997664915353,1.0,0.9427904261529481,88.78867483946294,395,Prioridad 3 - Monitoreo y gestión preventiva,512,580,526,Hotspot preventivo prioritario
4.574,-74.154,80,180,2.25,CIUDAD BOLIVAR,ARBORIZADORA BAJA,AVENIDA CIUDAD DE VILLAVICENCIO,CHOQUE,CON HERIDOS,48.0,34.0,34.0,64.0,4,Hotspot persistente con severidad media-alta,Prioridad 2 - Auditoría de seguridad vial,32,46,2,312,263.0,212.0,51.0,0.9714535901926444,0.9845300642148278,0.7480735551663747,1.0,0.9427904261529481,92.9369527145359,63,Prioridad 2 - Auditoría de seguridad vial,263,483,318,Hotspot preventivo prioritario
4.715,-74.077,112,180,1.6071428571428572,SUBA,NIZA NORTE,AVENIDA BOYACA,CHOQUE,SOLO DANOS,42.0,38.0,50.0,50.0,4,Hotspot exploratorio,Prioridad 3 - Seguimiento,82,26,4,312,263.0,212.0,51.0,0.9847343841214244,0.9845300642148278,0.44775248102743725,1.0,0.9885872737886748,88.11208406304729,490,Prioridad 3 - Monitoreo y gestión preventiva,266,258,222,Hotspot preventivo prioritario
4.616,-74.093,72,132,1.8333333333333333,PUENTE ARANDA,ESTACION CENTRAL,AVENIDA COLON,CHOQUE,SOLO DANOS,54.0,20.0,14.0,44.0,4,Hotspot persistente con severidad media-alta,Prioridad 2 - Auditoría de seguridad vial,44,26,2,224,503.0,452.0,51.0,0.9656158785755984,0.9702276707530648,0.5607997664915353,1.0,0.9427904261529481,88.78867483946294,394,Prioridad 3 - Monitoreo y gestión preventiva,511,579,525,Hotspot preventivo prioritario
4.633,-74.08,66,110,1.6666666666666667,TEUSAQUILLO,CIUDAD UNIVERSITARIA,AVENIDA CIUDAD DE QUITO,CHOQUE,SOLO DANOS,28.0,30.0,28.0,24.0,4,Hotspot exploratorio,Prioridad 3 - Seguimiento,46,18,2,186,680.0,630.0,50.0,0.9596614127262113,0.9595738470519556,0.48362521891418564,1.0,0.9427904261529481,86.91301809690601,610,Seguimiento,685,679,677,Seguimiento
4.657,-74.139,142,262,1.8450704225352113,KENNEDY,EL VERGEL,AVENIDA CIUDAD DE CALI,CHOQUE,SOLO DANOS,68.0,60.0,72.0,62.0,4,Hotspot persistente con severidad media-alta,Prioridad 2 - Auditoría de seguridad vial,90,44,8,510,116.0,66.0,50.0,0.9908347927612376,0.9932574430823118,0.5635143023934618,1.0,0.998861646234676,90.92936368943376,188,Prioridad 2 - Auditoría de seguridad vial,116,156,19,Hotspot robusto integral
4.719,-74.056,78,142,1.8205128205128205,SUBA,PRADO VERANIEGO,SIN_NMG,CHOQUE,SOLO DANOS,34.0,34.0,30.0,44.0,4,Hotspot persistente con severidad media-alta,Prioridad 2 - Auditoría de seguridad vial,48,28,2,238,429.0,380.0,49.0,0.97025685931115,0.9746059544658494,0.5580268534734384,1.0,0.9427904261529481,88.91360186806772,386,Prioridad 3 - Monitoreo y gestión preventiva,432,504,518,Hotspot preventivo prioritario
4.628,-74.119,72,128,1.7777777777777777,PUENTE ARANDA,LA PRADERA,AVENIDA DE LAS AMERICAS,CHOQUE,SOLO DANOS,16.0,56.0,18.0,38.0,4,Hotspot persistente con severidad media-alta,Prioridad 2 - Auditoría de seguridad vial,46,24,2,216,531.0,482.0,49.0,0.9656158785755984,0.9685055458260362,0.5343549328663164,1.0,0.9427904261529481,88.22533566841798,465,Prioridad 3 - Monitoreo y gestión preventiva,536,581,578,Hotspot preventivo prioritario
4.691,-74.1,78,162,2.076923076923077,ENGATIVA,TABORA,AVENIDA CHILE,CHOQUE,CON HERIDOS,22.0,30.0,42.0,68.0,4,Hotspot persistente con severidad media-alta,Prioridad 2 - Auditoría de seguridad vial,38,38,2,278,327.0,279.0,48.0,0.97025685931115,0.9805896088733217,0.7094570928196147,1.0,0.9427904261529481,92.0618797431407,115,Prioridad 2 - Auditoría de seguridad vial,327,500,355,Hotspot preventivo prioritario
4.615,-74.163,142,270,1.9014084507042253,KENNEDY,CIUDAD KENNEDY SUR,AVENIDA CIUDAD DE VILLAVICENCIO,CHOQUE,SOLO DANOS,104.0,48.0,78.0,40.0,4,Hotspot persistente con severidad media-alta,Prioridad 2 - Auditoría de seguridad vial,86,48,8,526,109.0,62.0,47.0,0.9908347927612376,0.9936368943374198,0.5820782253356684,1.0,0.998861646234676,91.30823117338004,159,Prioridad 2 - Auditoría de seguridad vial,109,155,17,Hotspot robusto integral
4.583,-74.159,74,154,2.081081081081081,CIUDAD BOLIVAR,EL ENSUENO,AVENIDA CIUDAD DE VILLAVICENCIO,CHOQUE,CON HERIDOS,44.0,28.0,20.0,62.0,4,Hotspot persistente con severidad media-alta,Prioridad 2 - Auditoría de seguridad vial,36,36,2,266,355.0,309.0,46.0,0.9675423234092236,0.9790426152948044,0.7104786923525978,1.0,0.9427904261529481,91.99708114419147,125,Prioridad 2 - Auditoría de seguridad vial,357,545,361,Hotspot preventivo prioritario
4.72,-74.095,108,228,2.111111111111111,SUBA,RINCON ALTAMAR,SIN_NMG,CHOQUE,CON HERIDOS,38.0,64.0,70.0,56.0,4,Hotspot persistente con severidad media-alta,Prioridad 2 - Auditoría de seguridad vial,52,52,4,412,159.0,113.0,46.0,0.9832749562171629,0.9906596614127262,0.7155283129013427,1.0,0.9885872737886748,93.56100408639814,40,Prioridad 1 - Intervención prioritaria,160,283,106,Hotspot robusto integral
4.598,-74.181,70,118,1.6857142857142857,BOSA,GUALOCHE,SIN_NMG,CHOQUE,SOLO DANOS,16.0,30.0,28.0,44.0,4,Hotspot exploratorio,Prioridad 3 - Seguimiento,48,20,2,198,605.0,559.0,46.0,0.963543490951547,0.9642440163455925,0.5119381202568594,1.0,0.9427904261529481,87.65032107413894,548,Seguimiento,611,619,632,Seguimiento
4.6,-74.089,110,222,2.018181818181818,LOS MARTIRES,LA ESTANZUELA,AVENIDA DE LOS COMUNEROS,CHOQUE,SOLO DANOS,40.0,76.0,54.0,52.0,4,Hotspot persistente con severidad media-alta,Prioridad 2 - Auditoría de seguridad vial,58,48,4,398,166.0,122.0,44.0,0.9840046701692936,0.9902802101576182,0.7034442498540572,1.0,0.9885872737886748,93.32632807939288,50,Prioridad 1 - Intervención prioritaria,166,269,109,Hotspot robusto integral
4.664,-74.14,140,232,1.6571428571428573,FONTIBON,EL TINTAL CENTRAL,SIN_NMG,CHOQUE,SOLO DANOS,78.0,42.0,46.0,66.0,4,Hotspot exploratorio,Prioridad 3 - Seguimiento,100,34,6,420,151.0,107.0,44.0,0.9904553415061296,0.9910974897840047,0.45575014594279045,1.0,0.9967308814944542,88.68067717454757,408,Prioridad 3 - Monitoreo y gestión preventiva,152,164,69,Hotspot de carga acumulada
4.742,-74.09,82,178,2.1707317073170733,SUBA,LAS FLORES,AVENIDA TRANSVERSAL DE SUBA,CHOQUE,CON HERIDOS,40.0,70.0,48.0,20.0,4,Hotspot persistente con severidad media-alta,Prioridad 2 - Auditoría de seguridad vial,36,44,2,306,270.0,227.0,43.0,0.9723000583771162,0.9841214244016345,0.7268534734384121,1.0,0.9427904261529481,92.52130764740222,82,Prioridad 2 - Auditoría de seguridad vial,270,469,331,Hotspot preventivo prioritario
4.683,-74.123,78,146,1.8717948717948718,FONTIBON,SANTA CECILIA,AVENIDA JORGE ELIECER GAITAN,CHOQUE,SOLO DANOS,32.0,38.0,36.0,40.0,4,Hotspot persistente con severidad media-alta,Prioridad 2 - Auditoría de seguridad vial,46,30,2,246,396.0,353.0,43.0,0.97025685931115,0.9764448336252189,0.5737302977232924,1.0,0.9427904261529481,89.26444833625219,335,Prioridad 3 - Monitoreo y gestión preventiva,400,503,477,Hotspot preventivo prioritario
4.704,-74.103,72,120,1.6666666666666667,ENGATIVA,PARIS,AVENIDA MEDELLIN,CHOQUE,SOLO DANOS,22.0,10.0,52.0,36.0,4,Hotspot exploratorio,Prioridad 3 - Seguimiento,50,20,2,200,591.0,548.0,43.0,0.9656158785755984,0.9651780502043199,0.48362521891418564,1.0,0.9427904261529481,87.14419147694103,597,Seguimiento,594,583,669,Seguimiento
4.628,-74.112,80,148,1.85,PUENTE ARANDA,SALAZAR GOMEZ,AVENIDA DE LAS AMERICAS,CHOQUE,SOLO DANOS,16.0,38.0,50.0,44.0,4,Hotspot persistente con severidad media-alta,Prioridad 2 - Auditoría de seguridad vial,48,30,2,248,386.0,343.0,43.0,0.9714535901926444,0.9772621132516054,0.5641856392294221,1.0,0.9427904261529481,89.1138353765324,359,Prioridad 3 - Monitoreo y gestión preventiva,387,484,499,Hotspot preventivo prioritario
4.645,-74.069,84,176,2.0952380952380953,TEUSAQUILLO,BANCO CENTRAL,SIN_NMG,CHOQUE,CON HERIDOS,52.0,58.0,22.0,44.0,4,Hotspot persistente con severidad media-alta,Prioridad 2 - Auditoría de seguridad vial,40,42,2,300,277.0,234.0,43.0,0.9733508464681845,0.9837127845884414,0.7131932282545242,1.0,0.9427904261529481,92.26094570928197,104,Prioridad 2 - Auditoría de seguridad vial,277,448,348,Hotspot preventivo prioritario
4.7,-74.097,84,176,2.0952380952380953,ENGATIVA,LA GRANJA,AVENIDA MEDELLIN,CHOQUE,CON HERIDOS,40.0,34.0,36.0,66.0,4,Hotspot persistente con severidad media-alta,Prioridad 2 - Auditoría de seguridad vial,40,42,2,300,277.0,234.0,43.0,0.9733508464681845,0.9837127845884414,0.7131932282545242,1.0,0.9427904261529481,92.26094570928197,105,Prioridad 2 - Auditoría de seguridad vial,278,449,349,Hotspot preventivo prioritario
4.664,-74.061,112,216,1.9285714285714286,CHAPINERO,PORCIUNCULA,AVENIDA CARACAS,CHOQUE,SOLO DANOS,58.0,66.0,48.0,44.0,4,Hotspot persistente con severidad media-alta,Prioridad 2 - Auditoría de seguridad vial,64,44,4,384,179.0,137.0,42.0,0.9847343841214244,0.9895213076474022,0.5878575598365441,1.0,0.9885872737886748,91.01401050788091,179,Prioridad 2 - Auditoría de seguridad vial,179,257,142,Hotspot robusto integral
4.619,-74.123,78,150,1.9230769230769231,PUENTE ARANDA,GALAN,SIN_NMG,CHOQUE,SOLO DANOS,18.0,34.0,50.0,48.0,4,Hotspot persistente con severidad media-alta,Prioridad 2 - Auditoría de seguridad vial,44,32,2,254,373.0,331.0,42.0,0.97025685931115,0.9779334500875657,0.5869819030939871,1.0,0.9427904261529481,89.55925277291301,311,Prioridad 3 - Monitoreo y gestión preventiva,375,502,461,Hotspot preventivo prioritario
4.623,-74.066,66,106,1.606060606060606,SANTA FE,PARQUE NACIONAL,AVENIDA ALBERTO LLERAS CAMARGO,CHOQUE,SOLO DANOS,30.0,8.0,30.0,38.0,4,Hotspot exploratorio,Prioridad 3 - Seguimiento,48,16,2,178,731.0,690.0,41.0,0.9596614127262113,0.9567425569176883,0.4475773496789259,1.0,0.9427904261529481,86.13543490951547,714,Seguimiento,735,680,755,Seguimiento
4.607,-74.098,172,260,1.5116279069767442,PUENTE ARANDA,PENSILVANIA,AVENIDA CIUDAD DE QUITO,CHOQUE,SOLO DANOS,46.0,54.0,52.0,108.0,4,Hotspot exploratorio,Prioridad 3 - Seguimiento,136,28,8,476,118.0,78.0,40.0,0.9939579684763573,0.9931406888499709,0.4201401050788091,1.0,0.998861646234676,88.12200817279626,489,Prioridad 3 - Monitoreo y gestión preventiva,118,102,22,Hotspot de carga acumulada
4.555,-74.138,138,258,1.8695652173913044,CIUDAD BOLIVAR,MEXICO,AVENIDA BOYACA,CHOQUE,SOLO DANOS,78.0,42.0,46.0,92.0,4,Hotspot persistente con severidad media-alta,Prioridad 2 - Auditoría de seguridad vial,84,48,6,474,120.0,80.0,40.0,0.9900175131348511,0.9930239346176299,0.5734384121424402,1.0,0.9967308814944542,91.0642148277875,176,Prioridad 2 - Auditoría de seguridad vial,120,168,54,Hotspot robusto integral
4.725,-74.05,116,208,1.793103448275862,USAQUEN,LOS CEDROS,AVENIDA PASEO DE LOS LIBERTADORES,CHOQUE,SOLO DANOS,36.0,28.0,50.0,94.0,4,Hotspot persistente con severidad media-alta,Prioridad 2 - Auditoría de seguridad vial,74,38,4,364,191.0,152.0,39.0,0.9857851722124927,0.9887624051371863,0.5355516637478108,1.0,0.9885872737886748,89.97373029772329,275,Prioridad 3 - Monitoreo y gestión preventiva,191,242,179,Hotspot de carga acumulada
4.615,-74.162,78,154,1.9743589743589745,KENNEDY,CIUDAD KENNEDY SUR,SIN_NMG,CHOQUE,SOLO DANOS,14.0,40.0,52.0,48.0,4,Hotspot persistente con severidad media-alta,Prioridad 2 - Auditoría de seguridad vial,42,34,2,262,355.0,316.0,39.0,0.97025685931115,0.9790426152948044,0.5934325744308231,1.0,0.9427904261529481,89.71044950379451,300,Prioridad 3 - Monitoreo y gestión preventiva,359,501,455,Hotspot preventivo prioritario
4.572,-74.151,86,182,2.116279069767442,CIUDAD BOLIVAR,ARBORIZADORA BAJA,AVENIDA CIUDAD DE VILLAVICENCIO,CHOQUE,CON HERIDOS,52.0,56.0,32.0,42.0,4,Hotspot persistente con severidad media-alta,Prioridad 2 - Auditoría de seguridad vial,40,44,2,310,255.0,217.0,38.0,0.9745475773496789,0.9849678925861063,0.7175715119673088,1.0,0.9427904261529481,92.39754816112085,90,Prioridad 2 - Auditoría de seguridad vial,255,428,337,Hotspot preventivo prioritario
4.652,-74.078,146,222,1.5205479452054795,BARRIOS UNIDOS,BENJAMIN HERRERA,AVENIDA CIUDAD DE QUITO,CHOQUE,SOLO DANOS,32.0,50.0,62.0,78.0,4,Hotspot exploratorio,Prioridad 3 - Seguimiento,114,26,6,394,166.0,128.0,38.0,0.9913018096906013,0.9902802101576182,0.42084063047285464,1.0,0.9967308814944542,87.98307063631057,508,Seguimiento,167,149,74,Hotspot de carga acumulada
4.506,-74.114,78,138,1.7692307692307692,USME,EL VIRREY,AVENIDA CARACAS,CHOQUE,SOLO DANOS,34.0,18.0,70.0,16.0,4,Hotspot persistente con severidad media-alta,Prioridad 2 - Auditoría de seguridad vial,50,26,2,230,456.0,418.0,38.0,0.97025685931115,0.9730005837711617,0.5328955049620548,1.0,0.9427904261529481,88.3788674839463,451,Prioridad 3 - Monitoreo y gestión preventiva,461,505,569,Hotspot preventivo prioritario
4.687,-74.095,152,316,2.0789473684210527,ENGATIVA,BONANZA,AVENIDA BOYACA,CHOQUE,SOLO DANOS,90.0,84.0,66.0,76.0,4,Hotspot severo,Prioridad 1 - Revisión urgente por severidad,82,58,12,672,63.0,25.0,38.0,0.9919147694103911,0.9963514302393461,0.7103911266783421,1.0,0.9998248686514886,93.96964389959136,29,Prioridad 1 - Intervención prioritaria,63,138,4,Hotspot robusto integral
4.655,-74.141,120,184,1.5333333333333334,KENNEDY,EL TINTAL IV,AVENIDA CIUDAD DE CALI,CHOQUE,SOLO DANOS,64.0,32.0,68.0,20.0,4,Hotspot exploratorio,Prioridad 3 - Seguimiento,92,24,4,312,249.0,212.0,37.0,0.9868067717454758,0.9853765323992995,0.4231757151196731,1.0,0.9885872737886748,87.67892586106247,542,Seguimiento,250,226,235,Seguimiento
4.721,-74.075,154,254,1.6493506493506493,SUBA,NIZA SUBA,AVENIDA BOYACA,CHOQUE,SOLO DANOS,94.0,56.0,78.0,26.0,4,Hotspot exploratorio,Prioridad 3 - Seguimiento,110,38,6,450,126.0,89.0,37.0,0.9921190893169878,0.9926444833625219,0.45537069468768243,1.0,0.9967308814944542,88.73730297723291,398,Prioridad 3 - Monitoreo y gestión preventiva,127,136,68,Hotspot de carga acumulada
4.747,-74.065,70,114,1.6285714285714286,SUBA,GILMAR,AVENIDA BOYACA,CHOQUE,SOLO DANOS,54.0,20.0,26.0,14.0,4,Hotspot exploratorio,Prioridad 3 - Seguimiento,50,18,2,190,645.0,608.0,37.0,0.963543490951547,0.962025685931115,0.4531231757151197,1.0,0.9427904261529481,86.42965557501458,676,Seguimiento,650,620,730,Seguimiento
4.631,-74.167,132,276,2.090909090909091,KENNEDY,DINTALITO,AVENIDA CIUDAD DE CALI,CHOQUE,SOLO DANOS,64.0,62.0,82.0,68.0,4,Hotspot persistente con severidad media-alta,Prioridad 2 - Auditoría de seguridad vial,66,60,6,516,102.0,65.0,37.0,0.9889083479276124,0.9940455341506129,0.7121132516053706,1.0,0.9967308814944542,93.83596030356101,32,Prioridad 1 - Intervención prioritaria,103,190,35,Hotspot robusto integral
4.614,-74.14,88,168,1.9090909090909092,KENNEDY,PROVIVIENDA,AVENIDA BOYACA,CHOQUE,SOLO DANOS,50.0,38.0,50.0,30.0,4,Hotspot persistente con severidad media-alta,Prioridad 2 - Auditoría de seguridad vial,50,36,2,280,306.0,271.0,35.0,0.9758026853473438,0.982019848219498,0.5838879159369527,1.0,0.9427904261529481,89.69001751313485,301,Prioridad 3 - Monitoreo y gestión preventiva,307,406,456,Hotspot preventivo prioritario
4.614,-74.175,124,228,1.8387096774193548,KENNEDY,CLASS,AVENIDA AGOBERTO MEJIA CIFUENTES,CHOQUE,SOLO DANOS,46.0,82.0,52.0,48.0,4,Hotspot persistente con severidad media-alta,Prioridad 2 - Auditoría de seguridad vial,76,44,4,396,159.0,124.0,35.0,0.9876532399299475,0.9906596614127262,0.5625510799766491,1.0,0.9885872737886748,90.58902510215997,221,Prioridad 3 - Monitoreo y gestión preventiva,161,209,159,Hotspot de carga acumulada
4.676,-74.064,60,76,1.2666666666666666,BARRIOS UNIDOS,LA PATRIA,AVENIDA CIUDAD DE QUITO,CHOQUE,SOLO DANOS,20.0,12.0,20.0,24.0,4,Hotspot exploratorio,Prioridad 3 - Seguimiento,54,4,2,124,1289.0,1254.0,35.0,0.953035610040864,0.923292469352014,0.3148861646234676,1.0,0.9427904261529481,82.68009340338587,989,Seguimiento,1305,798,997,Seguimiento
4.671,-74.126,120,168,1.4,FONTIBON,MODELIA OCCIDENTAL,AVENIDA CIUDAD DE CALI,CHOQUE,SOLO DANOS,32.0,38.0,74.0,24.0,4,Hotspot exploratorio,Prioridad 3 - Seguimiento,100,16,4,280,306.0,271.0,35.0,0.9868067717454758,0.982019848219498,0.3613543490951547,1.0,0.9885872737886748,86.37536485697608,683,Seguimiento,309,227,256,Seguimiento
4.648,-74.105,66,94,1.4242424242424243,TEUSAQUILLO,CIUDAD SALITRE SUR-ORIENTAL,AVENIDA LUIS CARLOS GALAN,CHOQUE,SOLO DANOS,8.0,26.0,44.0,16.0,4,Hotspot exploratorio,Prioridad 3 - Seguimiento,54,10,2,154,914.0,879.0,35.0,0.9596614127262113,0.9457092819614711,0.3730005837711617,1.0,0.9427904261529481,84.42323409223584,890,Seguimiento,922,681,913,Seguimiento
4.696,-74.126,124,232,1.8709677419354838,ENGATIVA,AEROPUERTO EL DORADO,AVENIDA JOSE CELESTINO MUTIS,CHOQUE,SOLO DANOS,68.0,38.0,56.0,70.0,4,Hotspot persistente con severidad media-alta,Prioridad 2 - Auditoría de seguridad vial,74,46,4,404,151.0,117.0,34.0,0.9876532399299475,0.9910974897840047,0.573671920607122,1.0,0.9885872737886748,90.820198482195,199,Prioridad 2 - Auditoría de seguridad vial,151,208,146,Hotspot robusto integral
4.598,-74.107,76,124,1.631578947368421,ANTONIO NARIÑO,LA FRAGUA,AVENIDA CIUDAD DE QUITO,CHOQUE,SOLO DANOS,30.0,18.0,34.0,42.0,4,Hotspot exploratorio,Prioridad 3 - Seguimiento,54,20,2,204,565.0,531.0,34.0,0.9689433741973147,0.9668126094570928,0.4535026269702277,1.0,0.9427904261529481,86.64098073555166,664,Seguimiento,569,530,723,Seguimiento
4.628,-74.11,88,196,2.227272727272727,PUENTE ARANDA,SALAZAR GOMEZ,AVENIDA DE LAS AMERICAS,CHOQUE,CON HERIDOS,0.0,78.0,46.0,72.0,3,Hotspot persistente con severidad media-alta,Prioridad 2 - Auditoría de seguridad vial,36,50,2,336,213.0,180.0,33.0,0.9758026853473438,0.9874489200233508,0.7449503794512551,0.75,0.9427904261529481,88.01984821949794,498,Prioridad 3 - Monitoreo y gestión preventiva,216,408,596,Hotspot preventivo prioritario
4.567,-74.143,88,172,1.9545454545454546,CIUDAD BOLIVAR,EL CHIRCAL SUR,AVENIDA CIUDAD DE VILLAVICENCIO,CHOQUE,SOLO DANOS,108.0,24.0,32.0,8.0,4,Hotspot persistente con severidad media-alta,Prioridad 2 - Auditoría de seguridad vial,48,38,2,288,291.0,258.0,33.0,0.9758026853473438,0.9828663164039696,0.591768826619965,1.0,0.9427904261529481,89.86456509048452,280,Prioridad 3 - Monitoreo y gestión preventiva,291,405,442,Hotspot preventivo prioritario
4.577,-74.141,134,290,2.1641791044776117,TUNJUELITO,MUZU,AVENIDA BOYACA,CHOQUE,CON HERIDOS,62.0,88.0,68.0,72.0,4,Hotspot persistente con severidad media-alta,Prioridad 2 - Auditoría de seguridad vial,62,66,6,542,87.0,55.0,32.0,0.9891418563922942,0.9949503794512551,0.7253940455341507,1.0,0.9967308814944542,94.12434325744307,19,Prioridad 1 - Intervención prioritaria,87,186,34,Hotspot robusto integral
4.615,-74.136,98,206,2.1020408163265305,KENNEDY,PROVIVIENDA,AVENIDA PRIMERO DE MAYO,CHOQUE,CON HERIDOS,36.0,40.0,82.0,48.0,4,Hotspot persistente con severidad media-alta,Prioridad 2 - Auditoría de seguridad vial,46,50,2,346,197.0,165.0,32.0,0.9802101576182136,0.9884413309982487,0.713543490951547,1.0,0.9427904261529481,92.49970811441915,84,Prioridad 2 - Auditoría de seguridad vial,199,334,332,Hotspot robusto integral
4.576,-74.12,92,236,2.5652173913043477,RAFAEL URIBE URIBE,QUIROGA SUR,AVENIDA CARACAS,ATROPELLO,CON HERIDOS,58.0,38.0,46.0,94.0,4,Hotspot persistente con severidad media-alta,Prioridad 2 - Auditoría de seguridad vial,22,68,2,412,144.0,113.0,31.0,0.9781377699941622,0.9915061295971979,0.8193812025685931,1.0,0.9427904261529481,94.63631056625802,8,Prioridad 1 - Intervención prioritaria,144,369,308,Hotspot robusto integral
4.616,-74.09,78,126,1.6153846153846154,PUENTE ARANDA,ESTACION CENTRAL,AVENIDA CIUDAD DE QUITO,CHOQUE,SOLO DANOS,18.0,26.0,36.0,46.0,4,Hotspot exploratorio,Prioridad 3 - Seguimiento,56,20,2,206,551.0,523.0,28.0,0.97025685931115,0.9675131348511383,0.44979568009340337,1.0,0.9427904261529481,86.6071220081728,666,Seguimiento,553,506,724,Seguimiento
4.667,-74.075,84,152,1.8095238095238095,BARRIOS UNIDOS,DOCE DE OCTUBRE,AVENIDA CIUDAD DE QUITO,CHOQUE,SOLO DANOS,42.0,46.0,48.0,16.0,4,Hotspot persistente con severidad media-alta,Prioridad 2 - Auditoría de seguridad vial,52,30,2,252,366.0,338.0,28.0,0.9733508464681845,0.9785172212492703,0.5569176882661997,1.0,0.9427904261529481,89.03152364273205,365,Prioridad 3 - Monitoreo y gestión preventiva,369,451,501,Hotspot preventivo prioritario
4.646,-74.151,130,218,1.676923076923077,KENNEDY,TINTALA,AVENIDA CIUDAD DE CALI,CHOQUE,SOLO DANOS,68.0,36.0,50.0,64.0,4,Hotspot exploratorio,Prioridad 3 - Seguimiento,90,36,4,370,175.0,148.0,27.0,0.98861646234676,0.989754816112084,0.5114419147694104,1.0,0.9885872737886748,89.56800934033859,310,Prioridad 3 - Monitoreo y gestión preventiva,175,195,190,Hotspot de carga acumulada
4.614,-74.136,98,202,2.061224489795918,KENNEDY,PROVIVIENDA,AVENIDA PRIMERO DE MAYO,CHOQUE,CON HERIDOS,36.0,54.0,52.0,60.0,4,Hotspot persistente con severidad media-alta,Prioridad 2 - Auditoría de seguridad vial,48,48,2,338,204.0,177.0,27.0,0.9802101576182136,0.988091068301226,0.706830122591944,1.0,0.9427904261529481,92.35843549328663,93,Prioridad 2 - Auditoría de seguridad vial,204,335,340,Hotspot preventivo prioritario
4.708,-74.11,156,296,1.8974358974358974,ENGATIVA,BOCHICA II,AVENIDA MEDELLIN,CHOQUE,SOLO DANOS,60.0,62.0,80.0,94.0,4,Hotspot persistente con severidad media-alta,Prioridad 2 - Auditoría de seguridad vial,92,58,6,532,83.0,57.0,26.0,0.9924401634559252,0.9951838879159369,0.5813776999416229,1.0,0.9967308814944542,91.3146526561588,158,Prioridad 2 - Auditoría de seguridad vial,84,127,50,Hotspot robusto integral
4.663,-74.139,164,220,1.3414634146341464,FONTIBON,EL TINTAL CENTRAL,AVENIDA CENTENARIO,CHOQUE,SOLO DANOS,40.0,44.0,56.0,80.0,4,Hotspot exploratorio,Prioridad 3 - Seguimiento,142,16,6,372,170.0,145.0,25.0,0.9933158201984822,0.9900175131348511,0.3418855808523059,1.0,0.9967308814944542,86.43899591360187,675,Seguimiento,173,115,83,Hotspot de carga acumulada
4.573,-74.139,158,334,2.1139240506329116,TUNJUELITO,PARQUE EL TUNAL,AVENIDA MARISCAL SUCRE,CHOQUE,SOLO DANOS,58.0,86.0,90.0,100.0,4,Hotspot severo,Prioridad 1 - Revisión urgente por severidad,78,72,8,638,58.0,33.0,25.0,0.9927320490367776,0.9966725043782837,0.7174547577349679,1.0,0.998861646234676,94.11441914769411,21,Prioridad 1 - Intervención prioritaria,58,125,13,Hotspot robusto integral
4.629,-74.122,198,326,1.6464646464646464,PUENTE ARANDA,LUSITANIA,AVENIDA DE LAS AMERICAS,CHOQUE,SOLO DANOS,64.0,76.0,82.0,104.0,4,Hotspot exploratorio,Prioridad 3 - Seguimiento,144,44,10,614,61.0,37.0,24.0,0.9955049620548745,0.9964973730297724,0.45522475189725625,1.0,0.9995621716287215,88.9357851722125,381,Prioridad 3 - Monitoreo y gestión preventiva,61,77,10,Hotspot de carga acumulada
4.597,-74.175,84,144,1.7142857142857142,BOSA,CEMENTERIO JARDINES APOGEO,AVENIDA DEL SUR,CHOQUE,SOLO DANOS,32.0,28.0,56.0,28.0,4,Hotspot persistente con severidad media-alta,Prioridad 2 - Auditoría de seguridad vial,56,26,2,236,414.0,390.0,24.0,0.9733508464681845,0.9754816112084063,0.5166374781085814,1.0,0.9427904261529481,88.1652072387624,471,Prioridad 3 - Monitoreo y gestión preventiva,418,453,579,Hotspot preventivo prioritario
4.604,-74.08,106,214,2.018867924528302,SANTA FE,VOTO NACIONAL,AVENIDA CARACAS,CHOQUE,SOLO DANOS,58.0,58.0,48.0,50.0,4,Hotspot persistente con severidad media-alta,Prioridad 2 - Auditoría de seguridad vial,54,50,2,354,183.0,159.0,24.0,0.9826911850554583,0.9893169877408056,0.7035026269702277,1.0,0.9427904261529481,92.36602451838878,91,Prioridad 2 - Auditoría de seguridad vial,183,294,338,Hotspot robusto integral
4.532,-74.121,94,194,2.0638297872340425,USME,EL MOCHUELO ORIENTAL,AVENIDA CARACAS,CHOQUE,CON HERIDOS,22.0,56.0,26.0,90.0,4,Hotspot persistente con severidad media-alta,Prioridad 2 - Auditoría de seguridad vial,46,46,2,326,220.0,196.0,24.0,0.9788674839462931,0.9870986573263281,0.7070052539404553,1.0,0.9427904261529481,92.3152364273205,100,Prioridad 2 - Auditoría de seguridad vial,221,360,346,Hotspot preventivo prioritario
4.576,-74.132,88,152,1.7272727272727273,TUNJUELITO,PARQUE EL TUNAL,AVENIDA MARISCAL SUCRE,CHOQUE,SOLO DANOS,30.0,22.0,36.0,64.0,4,Hotspot persistente con severidad media-alta,Prioridad 2 - Auditoría de seguridad vial,58,28,2,248,366.0,343.0,23.0,0.9758026853473438,0.9785172212492703,0.5196438995913601,1.0,0.9427904261529481,88.33508464681844,457,Prioridad 3 - Monitoreo y gestión preventiva,370,407,572,Hotspot preventivo prioritario
4.597,-74.085,136,272,2.0,LOS MARTIRES,LA ESTANZUELA,AVENIDA DE LOS COMUNEROS,CHOQUE,SOLO DANOS,88.0,80.0,60.0,44.0,4,Hotspot persistente con severidad media-alta,Prioridad 2 - Auditoría de seguridad vial,72,60,4,472,106.0,83.0,23.0,0.989492119089317,0.9938120256859311,0.648598949211909,1.0,0.9885872737886748,92.40980735551665,89,Prioridad 2 - Auditoría de seguridad vial,106,178,119,Hotspot robusto integral
4.706,-74.108,206,374,1.8155339805825244,ENGATIVA,QUIRIGUA II,AVENIDA MEDELLIN,CHOQUE,SOLO DANOS,116.0,88.0,88.0,82.0,4,Hotspot persistente con severidad media-alta,Prioridad 2 - Auditoría de seguridad vial,132,64,10,702,42.0,19.0,23.0,0.995942790426153,0.9975773496789259,0.5575598365440747,1.0,0.9995621716287215,91.01284296555751,180,Prioridad 2 - Auditoría de seguridad vial,42,69,9,Hotspot robusto integral
4.632,-74.138,84,148,1.7619047619047619,KENNEDY,LAS DOS AVENIDAS,AVENIDA BOYACA,CHOQUE,SOLO DANOS,64.0,12.0,50.0,22.0,4,Hotspot persistente con severidad media-alta,Prioridad 2 - Auditoría de seguridad vial,54,28,2,244,386.0,364.0,22.0,0.9733508464681845,0.9772621132516054,0.5316112084063047,1.0,0.9427904261529481,88.50029188558086,436,Prioridad 3 - Monitoreo y gestión preventiva,388,452,555,Hotspot preventivo prioritario
4.579,-74.107,104,204,1.9615384615384615,RAFAEL URIBE URIBE,OLAYA,SIN_NMG,CHOQUE,SOLO DANOS,62.0,28.0,38.0,76.0,4,Hotspot persistente con severidad media-alta,Prioridad 2 - Auditoría de seguridad vial,56,46,2,336,202.0,180.0,22.0,0.982282545242265,0.9882370110916521,0.5925861062463514,1.0,0.9427904261529481,90.11792177466432,251,Prioridad 3 - Monitoreo y gestión preventiva,202,304,427,Hotspot preventivo prioritario
4.642,-74.134,70,110,1.5714285714285714,KENNEDY,VILLA ALSACIA II,AVENIDA BOYACA,CHOQUE,SOLO DANOS,12.0,14.0,52.0,32.0,4,Hotspot exploratorio,Prioridad 3 - Seguimiento,52,16,2,182,680.0,659.0,21.0,0.963543490951547,0.9595738470519556,0.43537653239929947,1.0,0.9427904261529481,86.02568593111499,724,Seguimiento,687,622,762,Seguimiento
4.637,-74.16,104,220,2.1153846153846154,KENNEDY,MARIA PAZ,AVENIDA CIUDAD DE CALI,CHOQUE,CON HERIDOS,64.0,32.0,60.0,64.0,4,Hotspot persistente con severidad media-alta,Prioridad 2 - Auditoría de seguridad vial,48,54,2,368,170.0,149.0,21.0,0.982282545242265,0.9900175131348511,0.7175131348511383,1.0,0.9427904261529481,92.65207238762405,77,Prioridad 2 - Auditoría de seguridad vial,171,302,327,Hotspot robusto integral
4.742,-74.098,96,196,2.0416666666666665,SUBA,COSTA AZUL,AVENIDA CIUDAD DE CALI,CHOQUE,SOLO DANOS,50.0,48.0,24.0,74.0,4,Hotspot persistente con severidad media-alta,Prioridad 2 - Auditoría de seguridad vial,48,46,2,328,213.0,192.0,21.0,0.9795096322241681,0.9874489200233508,0.704553415061296,1.0,0.9427904261529481,92.28604786923526,102,Prioridad 2 - Auditoría de seguridad vial,213,348,347,Hotspot preventivo prioritario
4.699,-74.052,70,110,1.5714285714285714,USAQUEN,SANTA BARBARA OCCIDENTAL,AVENIDA PEPE SIERRA,CHOQUE,SOLO DANOS,14.0,44.0,24.0,28.0,4,Hotspot exploratorio,Prioridad 3 - Seguimiento,52,16,2,182,680.0,659.0,21.0,0.963543490951547,0.9595738470519556,0.43537653239929947,1.0,0.9427904261529481,86.02568593111499,723,Seguimiento,686,621,761,Seguimiento
4.624,-74.179,120,256,2.1333333333333333,BOSA,CHICALA,SIN_NMG,CHOQUE,CON HERIDOS,46.0,46.0,84.0,80.0,4,Hotspot persistente con severidad media-alta,Prioridad 2 - Auditoría de seguridad vial,54,64,2,424,122.0,102.0,20.0,0.9868067717454758,0.9928488032691185,0.7190893169877408,1.0,0.9427904261529481,92.83070636310565,68,Prioridad 2 - Auditoría de seguridad vial,123,225,319,Hotspot robusto integral
4.668,-74.073,200,300,1.5,BARRIOS UNIDOS,ONCE DE NOVIEMBRE,AVENIDA CIUDAD DE QUITO,CHOQUE,SOLO DANOS,56.0,124.0,50.0,70.0,4,Hotspot exploratorio,Prioridad 3 - Seguimiento,158,34,8,528,79.0,59.0,20.0,0.9956509048453006,0.9954173963806188,0.40379451255107995,1.0,0.998861646234676,87.87448920023351,514,Seguimiento,79,75,23,Hotspot de carga acumulada
4.687,-74.16,140,236,1.6857142857142857,FONTIBON,SAN PABLO JERICO,AVENIDA CENTENARIO,CHOQUE,SOLO DANOS,72.0,28.0,50.0,86.0,4,Hotspot exploratorio,Prioridad 3 - Seguimiento,96,40,4,396,144.0,124.0,20.0,0.9904553415061296,0.9915061295971979,0.5119381202568594,1.0,0.9885872737886748,89.64973730297723,305,Prioridad 3 - Monitoreo y gestión preventiva,146,163,187,Hotspot de carga acumulada
4.614,-74.135,100,192,1.92,KENNEDY,PROVIVIENDA,AVENIDA PRIMERO DE MAYO,CHOQUE,SOLO DANOS,48.0,54.0,48.0,42.0,4,Hotspot persistente con severidad media-alta,Prioridad 2 - Auditoría de seguridad vial,56,42,2,316,225.0,206.0,19.0,0.9809982486865149,0.9866316403969644,0.5863397548161121,1.0,0.9427904261529481,89.9352014010508,277,Prioridad 3 - Monitoreo y gestión preventiva,228,322,440,Hotspot preventivo prioritario
4.759,-74.077,76,120,1.5789473684210527,SUBA,LAS MERCEDES SUBA RURAL,AVENIDA SAN JOSE,CHOQUE,SOLO DANOS,24.0,48.0,28.0,20.0,4,Hotspot exploratorio,Prioridad 3 - Seguimiento,56,18,2,196,591.0,572.0,19.0,0.9689433741973147,0.9651780502043199,0.4408639813193228,1.0,0.9427904261529481,86.35551663747812,684,Seguimiento,595,531,736,Seguimiento
4.698,-74.094,92,168,1.826086956521739,ENGATIVA,LA GRANJA,AVENIDA MEDELLIN,CHOQUE,SOLO DANOS,32.0,24.0,76.0,36.0,4,Hotspot persistente con severidad media-alta,Prioridad 2 - Auditoría de seguridad vial,56,34,2,276,306.0,287.0,19.0,0.9781377699941622,0.982019848219498,0.5589025102159954,1.0,0.9427904261529481,89.23701109165208,339,Prioridad 3 - Monitoreo y gestión preventiva,308,374,481,Hotspot preventivo prioritario
4.711,-74.113,82,138,1.6829268292682926,ENGATIVA,BOCHICA II,AVENIDA MEDELLIN,CHOQUE,SOLO DANOS,30.0,30.0,34.0,44.0,4,Hotspot exploratorio,Prioridad 3 - Seguimiento,56,24,2,226,456.0,438.0,18.0,0.9723000583771162,0.9730005837711617,0.5116754232340922,1.0,0.9427904261529481,87.99532983070637,507,Seguimiento,462,471,605,Seguimiento
4.619,-74.139,168,308,1.8333333333333333,KENNEDY,HIPOTECHO OCCIDENTAL,AVENIDA PRIMERO DE MAYO,CHOQUE,SOLO DANOS,122.0,62.0,106.0,18.0,4,Hotspot persistente con severidad media-alta,Prioridad 2 - Auditoría de seguridad vial,104,58,6,544,72.0,54.0,18.0,0.9935201401050788,0.9957968476357268,0.5607997664915353,1.0,0.9967308814944542,90.9369527145359,186,Prioridad 2 - Auditoría de seguridad vial,72,111,56,Hotspot robusto integral
4.581,-74.102,136,284,2.088235294117647,ANTONIO NARIÑO,CIUDAD JARDIN SUR,AVENIDA PRIMERO DE MAYO,CHOQUE,CON HERIDOS,104.0,68.0,64.0,48.0,4,Hotspot persistente con severidad media-alta,Prioridad 2 - Auditoría de seguridad vial,66,66,4,496,92.0,74.0,18.0,0.989492119089317,0.9946584938704028,0.7110916520723877,1.0,0.9885872737886748,93.67659077641565,36,Prioridad 1 - Intervención prioritaria,92,177,104,Hotspot robusto integral
4.595,-74.145,98,182,1.8571428571428572,KENNEDY,LAS DELICIAS,AVENIDA CIUDAD DE QUITO,CHOQUE,SOLO DANOS,46.0,18.0,60.0,58.0,4,Hotspot persistente con severidad media-alta,Prioridad 2 - Auditoría de seguridad vial,58,38,2,298,255.0,238.0,17.0,0.9802101576182136,0.9849678925861063,0.5685931115002919,1.0,0.9427904261529481,89.5312317571512,313,Prioridad 3 - Monitoreo y gestión preventiva,257,336,462,Hotspot preventivo prioritario
4.768,-74.043,130,182,1.4,USAQUEN,EL CEREZO,AVENIDA PASEO DE LOS LIBERTADORES,CHOQUE,SOLO DANOS,36.0,44.0,40.0,62.0,4,Hotspot exploratorio,Prioridad 3 - Seguimiento,108,18,4,298,255.0,238.0,17.0,0.98861646234676,0.9849678925861063,0.3613543490951547,1.0,0.9885872737886748,86.47051955633393,673,Seguimiento,260,196,254,Seguimiento
4.596,-74.161,86,146,1.697674418604651,BOSA,VILLA DEL RIO,AVENIDA DEL SUR,CHOQUE,SOLO DANOS,16.0,44.0,36.0,50.0,4,Hotspot exploratorio,Prioridad 3 - Seguimiento,58,26,2,238,396.0,380.0,16.0,0.9745475773496789,0.9764448336252189,0.5134851138353765,1.0,0.9427904261529481,88.14535901926443,474,Prioridad 3 - Monitoreo y gestión preventiva,401,433,580,Hotspot preventivo prioritario
4.702,-74.1,78,122,1.564102564102564,ENGATIVA,LA GRANJA,AVENIDA MEDELLIN,CHOQUE,SOLO DANOS,50.0,16.0,36.0,20.0,4,Hotspot exploratorio,Prioridad 3 - Seguimiento,58,18,2,198,575.0,559.0,16.0,0.97025685931115,0.9660537069468769,0.4300350262697023,1.0,0.9427904261529481,86.18272037361353,705,Seguimiento,579,507,750,Seguimiento
4.607,-74.074,184,368,2.0,SANTA FE,VERACRUZ,AVENIDA CIUDAD DE LIMA,CHOQUE,SOLO DANOS,110.0,106.0,60.0,92.0,4,Hotspot severo,Prioridad 1 - Revisión urgente por severidad,98,80,6,648,45.0,29.0,16.0,0.9949211908931699,0.9973730297723292,0.648598949211909,1.0,0.9967308814944542,92.75248102743724,70,Prioridad 2 - Auditoría de seguridad vial,45,87,44,Hotspot robusto integral
4.604,-74.1,83,131,1.5783132530120483,LOS MARTIRES,VERAGUAS,AVENIDA CIUDAD DE QUITO,CHOQUE,SOLO DANOS,29.0,37.0,39.0,26.0,4,Hotspot exploratorio,Prioridad 3 - Seguimiento,61,20,2,211,520.0,504.0,16.0,0.9727378867483947,0.9697022767075306,0.44080560420315235,1.0,0.9427904261529481,86.52072387624052,672,Seguimiento,520,468,728,Seguimiento
4.73,-74.101,100,196,1.96,SUBA,LAGO DE SUBA,AVENIDA CIUDAD DE CALI,CHOQUE,SOLO DANOS,50.0,42.0,50.0,54.0,4,Hotspot persistente con severidad media-alta,Prioridad 2 - Auditoría de seguridad vial,54,44,2,324,213.0,198.0,15.0,0.9809982486865149,0.9874489200233508,0.59241097489784,1.0,0.9427904261529481,90.07297139521307,264,Prioridad 3 - Monitoreo y gestión preventiva,214,321,436,Hotspot preventivo prioritario
4.698,-74.109,68,104,1.5294117647058822,ENGATIVA,FLORENCIA,AVENIDA CHILE,CHOQUE,SOLO DANOS,2.0,22.0,36.0,44.0,4,Hotspot exploratorio,Prioridad 3 - Seguimiento,52,14,2,172,754.0,739.0,15.0,0.961646234676007,0.9551079976649154,0.42218330414477523,1.0,0.9427904261529481,85.63455925277293,775,Seguimiento,766,652,805,Seguimiento
4.738,-74.085,154,282,1.8311688311688312,SUBA,SUBA URBANO,AVENIDA TRANSVERSAL DE SUBA,CHOQUE,SOLO DANOS,90.0,68.0,46.0,78.0,4,Hotspot persistente con severidad media-alta,Prioridad 2 - Auditoría de seguridad vial,94,56,4,474,94.0,80.0,14.0,0.9921190893169878,0.9945417396380619,0.5592527729130181,1.0,0.9885872737886748,90.69001751313486,212,Prioridad 3 - Monitoreo y gestión preventiva,94,135,150,Hotspot de carga acumulada
4.703,-74.102,100,180,1.8,ENGATIVA,PARIS,AVENIDA MEDELLIN,CHOQUE,SOLO DANOS,22.0,68.0,60.0,30.0,4,Hotspot persistente con severidad media-alta,Prioridad 2 - Auditoría de seguridad vial,62,36,2,292,263.0,250.0,13.0,0.9809982486865149,0.9845300642148278,0.5462346760070053,1.0,0.9427904261529481,89.09106830122593,361,Prioridad 3 - Monitoreo y gestión preventiva,265,323,500,Hotspot preventivo prioritario
4.576,-74.095,148,332,2.2432432432432434,SAN CRISTOBAL,VEINTE DE JULIO,AVENIDA FERNANDO MAZUERA,CHOQUE,CON HERIDOS,58.0,50.0,86.0,138.0,4,Hotspot persistente con severidad media-alta,Prioridad 2 - Auditoría de seguridad vial,60,84,4,580,59.0,47.0,12.0,0.9914769410391127,0.9966141272621133,0.7460011675423234,1.0,0.9885872737886748,94.45359019264447,11,Prioridad 1 - Intervención prioritaria,59,146,90,Hotspot robusto integral
4.689,-74.065,204,380,1.8627450980392157,BARRIOS UNIDOS,ANDES NORTE,AVENIDA ESPANA,CHOQUE,SOLO DANOS,134.0,86.0,72.0,88.0,4,Hotspot persistente con severidad media-alta,Prioridad 2 - Auditoría de seguridad vial,122,76,6,652,40.0,28.0,12.0,0.9957968476357268,0.9976941039112668,0.5729713952130765,1.0,0.9967308814944542,91.26386456509049,163,Prioridad 2 - Auditoría de seguridad vial,40,73,51,Hotspot robusto integral
4.567,-74.127,116,236,2.0344827586206895,TUNJUELITO,SANTA LUCIA,AVENIDA CARACAS,CHOQUE,SOLO DANOS,66.0,36.0,42.0,92.0,4,Hotspot persistente con severidad media-alta,Prioridad 2 - Auditoría de seguridad vial,58,56,2,388,144.0,132.0,12.0,0.9857851722124927,0.9915061295971979,0.7039112667834209,1.0,0.9427904261529481,92.47985989492118,85,Prioridad 2 - Auditoría de seguridad vial,145,240,333,Hotspot robusto integral
4.698,-74.141,64,88,1.375,FONTIBON,AEROPUERTO EL DORADO,SIN_NMG,CHOQUE,SOLO DANOS,0.0,8.0,24.0,56.0,3,Hotspot exploratorio,Prioridad 3 - Seguimiento,54,8,2,144,1013.0,1002.0,11.0,0.9575014594279042,0.9398423817863397,0.34947460595446583,0.75,0.9427904261529481,78.79217746643316,1435,Seguimiento,1032,730,1145,Seguimiento
4.692,-74.108,62,78,1.2580645161290323,ENGATIVA,SANTA HELENITA,AVENIDA CIUDAD DE CALI,CHOQUE,SOLO DANOS,12.0,20.0,26.0,20.0,4,Hotspot exploratorio,Prioridad 3 - Seguimiento,56,4,2,126,1232.0,1221.0,11.0,0.9554874489200234,0.9265032107413894,0.31368943374197317,1.0,0.9427904261529481,82.76941039112667,976,Seguimiento,1246,763,986,Seguimiento
4.717,-74.093,208,380,1.8269230769230769,SUBA,SANTA TERESA DE SUBA,AVENIDA CIUDAD DE CALI,CHOQUE,SOLO DANOS,108.0,84.0,88.0,100.0,4,Hotspot persistente con severidad media-alta,Prioridad 2 - Auditoría de seguridad vial,128,74,6,648,40.0,29.0,11.0,0.99620548744892,0.9976941039112668,0.5589608873321658,1.0,0.9967308814944542,90.99182720373614,182,Prioridad 2 - Auditoría de seguridad vial,41,64,55,Hotspot robusto integral
4.617,-74.153,186,338,1.8172043010752688,KENNEDY,TIMIZA,AVENIDA PRIMERO DE MAYO,CHOQUE,SOLO DANOS,58.0,96.0,86.0,98.0,4,Hotspot persistente con severidad media-alta,Prioridad 2 - Auditoría de seguridad vial,116,64,6,586,55.0,44.0,11.0,0.9950379451255108,0.9968476357267951,0.5576182136602452,1.0,0.9967308814944542,90.9246935201401,189,Prioridad 2 - Auditoría de seguridad vial,55,86,57,Hotspot robusto integral
4.684,-74.092,138,266,1.9275362318840579,ENGATIVA,BONANZA,AVENIDA CHILE,CHOQUE,SOLO DANOS,52.0,70.0,68.0,76.0,4,Hotspot persistente con severidad media-alta,Prioridad 2 - Auditoría de seguridad vial,76,60,2,426,112.0,101.0,11.0,0.9900175131348511,0.9934909515469936,0.587711617046118,1.0,0.9427904261529481,90.28021015761821,245,Prioridad 3 - Monitoreo y gestión preventiva,112,169,424,Hotspot de carga acumulada
4.581,-74.142,158,246,1.5569620253164558,TUNJUELITO,MUZU,AVENIDA JORGE GAITAN CORTES,CHOQUE,SOLO DANOS,26.0,80.0,64.0,76.0,4,Hotspot exploratorio,Prioridad 3 - Seguimiento,118,36,4,398,133.0,122.0,11.0,0.9927320490367776,0.9922650321074139,0.42895504962054876,1.0,0.9885872737886748,88.05078809106831,494,Prioridad 3 - Monitoreo y gestión preventiva,133,126,226,Hotspot de carga acumulada
4.611,-74.075,182,422,2.318681318681319,SANTA FE,SANTA FE,AVENIDA CARACAS,CHOQUE,CON HERIDOS,84.0,100.0,124.0,114.0,4,Hotspot severo,Prioridad 1 - Revisión urgente por severidad,66,112,4,726,28.0,17.0,11.0,0.9947168709865732,0.9983946293053123,0.7533566841798015,1.0,0.9885872737886748,94.70110916520724,7,Prioridad 1 - Intervención prioritaria,28,90,87,Hotspot robusto integral
4.65,-74.065,142,274,1.9295774647887325,CHAPINERO,CHAPINERO NORTE,AVENIDA JOSE CELESTINO MUTIS,CHOQUE,SOLO DANOS,56.0,84.0,60.0,74.0,4,Hotspot persistente con severidad media-alta,Prioridad 2 - Auditoría de seguridad vial,78,62,2,438,105.0,95.0,10.0,0.9908347927612376,0.993928779918272,0.587974314068885,1.0,0.9427904261529481,90.31056625802685,242,Prioridad 3 - Monitoreo y gestión preventiva,105,157,423,Hotspot de carga acumulada
4.638,-74.098,152,232,1.5263157894736843,TEUSAQUILLO,ORTEZAL,AVENIDA LUIS CARLOS GALAN,CHOQUE,SOLO DANOS,30.0,48.0,74.0,80.0,4,Hotspot exploratorio,Prioridad 3 - Seguimiento,116,32,4,376,151.0,141.0,10.0,0.9919147694103911,0.9910974897840047,0.421774664331582,1.0,0.9885872737886748,87.86748394629305,515,Seguimiento,153,140,229,Hotspot de carga acumulada
4.602,-74.102,216,428,1.9814814814814814,PUENTE ARANDA,LA ASUNCION,AVENIDA CIUDAD DE QUITO,CHOQUE,SOLO DANOS,92.0,84.0,134.0,118.0,4,Hotspot persistente con severidad media-alta,Prioridad 2 - Auditoría de seguridad vial,116,94,6,736,25.0,15.0,10.0,0.9966725043782837,0.998598949211909,0.5937536485697607,1.0,0.9967308814944542,91.71511967308815,136,Prioridad 2 - Auditoría de seguridad vial,25,57,47,Hotspot robusto integral
4.654,-74.142,194,298,1.5360824742268042,KENNEDY,EL TINTAL IV,AVENIDA CIUDAD DE CALI,CHOQUE,SOLO DANOS,94.0,54.0,86.0,64.0,4,Hotspot exploratorio,Prioridad 3 - Seguimiento,148,40,6,498,81.0,72.0,9.0,0.9953006421482778,0.9953006421482778,0.42399299474605956,1.0,0.9967308814944542,88.22650321074138,464,Prioridad 3 - Monitoreo y gestión preventiva,81,81,72,Hotspot de carga acumulada
4.647,-74.065,222,482,2.171171171171171,CHAPINERO,CHAPINERO OCCIDENTAL,AVENIDA CARACAS,CHOQUE,CON HERIDOS,182.0,100.0,104.0,96.0,4,Hotspot severo,Prioridad 1 - Revisión urgente por severidad,100,114,8,870,15.0,6.0,9.0,0.9969352014010507,0.9991535318155284,0.7269118505545826,1.0,0.998861646234676,94.43724460011677,13,Prioridad 1 - Intervención prioritaria,15,53,12,Hotspot robusto integral
4.606,-74.142,140,280,2.0,KENNEDY,PROVIVIENDA,AVENIDA BOYACA,CHOQUE,SOLO DANOS,120.0,52.0,66.0,42.0,4,Hotspot persistente con severidad media-alta,Prioridad 2 - Auditoría de seguridad vial,72,66,2,452,96.0,87.0,9.0,0.9904553415061296,0.9943957968476357,0.648598949211909,1.0,0.9427904261529481,91.52481027437244,147,Prioridad 2 - Auditoría de seguridad vial,96,162,375,Hotspot robusto integral
4.591,-74.145,126,230,1.8253968253968254,TUNJUELITO,VENECIA OCCIDENTAL,SIN_NMG,CHOQUE,SOLO DANOS,22.0,46.0,110.0,52.0,4,Hotspot persistente con severidad media-alta,Prioridad 2 - Auditoría de seguridad vial,76,48,2,366,157.0,150.0,7.0,0.9881494454173964,0.9908639813193229,0.5588441330998248,1.0,0.9427904261529481,89.61295971978984,309,Prioridad 3 - Monitoreo y gestión preventiva,157,201,460,Hotspot de carga acumulada
4.663,-74.076,136,184,1.3529411764705883,BARRIOS UNIDOS,SAN MIGUEL,AVENIDA CIUDAD DE QUITO,CHOQUE,SOLO DANOS,30.0,68.0,44.0,42.0,4,Hotspot exploratorio,Prioridad 3 - Seguimiento,116,16,4,296,249.0,242.0,7.0,0.989492119089317,0.9853765323992995,0.34401634559252775,1.0,0.9885872737886748,86.14944541739638,711,Seguimiento,251,181,264,Seguimiento
4.567,-74.144,98,170,1.7346938775510203,CIUDAD BOLIVAR,EL CHIRCAL SUR,AVENIDA CIUDAD DE VILLAVICENCIO,CHOQUE,SOLO DANOS,34.0,36.0,38.0,62.0,4,Hotspot persistente con severidad media-alta,Prioridad 2 - Auditoría de seguridad vial,64,32,2,274,299.0,292.0,7.0,0.9802101576182136,0.9824284880326912,0.5220665499124343,1.0,0.9427904261529481,88.54991243432575,422,Prioridad 3 - Monitoreo y gestión preventiva,300,338,542,Hotspot preventivo prioritario
4.656,-74.105,84,136,1.619047619047619,FONTIBON,SALITRE OCCIDENTAL,AVENIDA JORGE ELIECER GAITAN,CHOQUE,SOLO DANOS,32.0,28.0,18.0,58.0,4,Hotspot exploratorio,Prioridad 3 - Seguimiento,60,22,2,220,472.0,465.0,7.0,0.9733508464681845,0.9720081727962638,0.45140105078809106,1.0,0.9427904261529481,86.79100992410976,626,Seguimiento,480,454,688,Seguimiento
4.66,-74.136,238,354,1.4873949579831933,FONTIBON,CIUDAD HAYUELOS,AVENIDA CENTENARIO,CHOQUE,SOLO DANOS,60.0,64.0,92.0,138.0,4,Hotspot exploratorio,Prioridad 3 - Seguimiento,188,42,8,598,49.0,42.0,7.0,0.9974605954465849,0.9971978984238179,0.38744892002335085,1.0,0.998861646234676,87.61938120256859,558,Seguimiento,49,44,26,Hotspot de carga acumulada
4.592,-74.089,103,175,1.6990291262135921,SANTA FE,SAN BERNARDINO,AVENIDA DE LA HORTUA,CHOQUE,SOLO DANOS,35.0,38.0,48.0,54.0,4,Hotspot exploratorio,Prioridad 3 - Seguimiento,69,32,2,279,284.0,278.0,6.0,0.9820782253356685,0.9834792761237595,0.5136018680677175,1.0,0.9427904261529481,88.43899591360189,442,Prioridad 3 - Monitoreo y gestión preventiva,284,308,560,Hotspot preventivo prioritario
4.716,-74.117,150,270,1.8,ENGATIVA,BOLIVIA,AVENIDA MEDELLIN,CHOQUE,SOLO DANOS,48.0,92.0,52.0,78.0,4,Hotspot persistente con severidad media-alta,Prioridad 2 - Auditoría de seguridad vial,92,56,2,422,109.0,103.0,6.0,0.9916812609457093,0.9936368943374198,0.5462346760070053,1.0,0.9427904261529481,89.48686514886164,317,Prioridad 3 - Monitoreo y gestión preventiva,110,143,465,Hotspot de carga acumulada
4.679,-74.119,198,310,1.5656565656565657,ENGATIVA,SAN IGNACIO,AVENIDA CIUDAD DE CALI,CHOQUE,SOLO DANOS,78.0,44.0,112.0,76.0,4,Hotspot exploratorio,Prioridad 3 - Seguimiento,148,44,6,518,70.0,64.0,6.0,0.9955049620548745,0.995942790426153,0.43012259194395797,1.0,0.9967308814944542,88.36602451838878,453,Prioridad 3 - Monitoreo y gestión preventiva,71,78,71,Hotspot de carga acumulada
4.631,-74.145,138,254,1.8405797101449275,KENNEDY,MANDALAY,AVENIDA DE LAS AMERICAS,CHOQUE,SOLO DANOS,68.0,68.0,70.0,48.0,4,Hotspot persistente con severidad media-alta,Prioridad 2 - Auditoría de seguridad vial,82,54,2,402,126.0,120.0,6.0,0.9900175131348511,0.9926444833625219,0.5627553998832457,1.0,0.9427904261529481,89.76415645067132,289,Prioridad 3 - Monitoreo y gestión preventiva,126,170,446,Hotspot de carga acumulada
4.682,-74.058,156,216,1.3846153846153846,CHAPINERO,CHICO NORTE III SECTOR,AVENIDA PASEO DE LOS LIBERTADORES,CHOQUE,SOLO DANOS,46.0,58.0,42.0,70.0,4,Hotspot exploratorio,Prioridad 3 - Seguimiento,130,22,4,340,179.0,174.0,5.0,0.9924401634559252,0.9895213076474022,0.3507880910683012,1.0,0.9885872737886748,86.42673671920609,680,Seguimiento,181,129,255,Hotspot de carga acumulada
4.638,-74.094,90,150,1.6666666666666667,TEUSAQUILLO,QUINTA PAREDES,AVENIDA JORGE ELIECER GAITAN,CHOQUE,SOLO DANOS,26.0,46.0,42.0,36.0,4,Hotspot exploratorio,Prioridad 3 - Seguimiento,62,26,2,242,373.0,369.0,4.0,0.977086981903094,0.9779334500875657,0.48362521891418564,1.0,0.9427904261529481,87.62872154115587,555,Seguimiento,377,385,639,Seguimiento
4.747,-74.096,224,412,1.8392857142857142,SUBA,TIBABUYES,AVENIDA TRANSVERSAL DE SUBA,CHOQUE,SOLO DANOS,72.0,100.0,130.0,110.0,4,Hotspot persistente con severidad media-alta,Prioridad 2 - Auditoría de seguridad vial,134,86,4,664,30.0,26.0,4.0,0.9970227670753065,0.9983070636310566,0.5626970227670753,1.0,0.9885872737886748,90.93228254524227,187,Prioridad 2 - Auditoría de seguridad vial,30,52,143,Hotspot robusto integral
4.63,-74.168,156,276,1.7692307692307692,KENNEDY,DINTALITO,AVENIDA CIUDAD DE CALI,CHOQUE,SOLO DANOS,48.0,98.0,64.0,66.0,4,Hotspot persistente con severidad media-alta,Prioridad 2 - Auditoría de seguridad vial,98,56,2,428,102.0,98.0,4.0,0.9924401634559252,0.9940455341506129,0.5328955049620548,1.0,0.9427904261529481,89.24343257443083,338,Prioridad 3 - Monitoreo y gestión preventiva,104,128,480,Hotspot de carga acumulada
4.699,-74.11,90,150,1.6666666666666667,ENGATIVA,FLORENCIA,AVENIDA CHILE,CHOQUE,SOLO DANOS,14.0,52.0,32.0,52.0,4,Hotspot exploratorio,Prioridad 3 - Seguimiento,62,26,2,242,373.0,369.0,4.0,0.977086981903094,0.9779334500875657,0.48362521891418564,1.0,0.9427904261529481,87.62872154115587,556,Seguimiento,378,386,640,Seguimiento
4.631,-74.155,126,218,1.7301587301587302,KENNEDY,CIUDAD KENNEDY NORTE,AVENIDA AGOBERTO MEJIA CIFUENTES,CHOQUE,SOLO DANOS,96.0,50.0,36.0,36.0,4,Hotspot persistente con severidad media-alta,Prioridad 2 - Auditoría de seguridad vial,82,42,2,342,175.0,172.0,3.0,0.9881494454173964,0.989754816112084,0.5215995329830706,1.0,0.9427904261529481,88.84588441330997,392,Prioridad 3 - Monitoreo y gestión preventiva,176,202,524,Hotspot de carga acumulada
4.616,-74.137,150,282,1.88,KENNEDY,PROVIVIENDA,AVENIDA PRIMERO DE MAYO,CHOQUE,SOLO DANOS,88.0,68.0,58.0,68.0,4,Hotspot persistente con severidad media-alta,Prioridad 2 - Auditoría de seguridad vial,86,62,2,446,94.0,91.0,3.0,0.9916812609457093,0.9945417396380619,0.5749854057209574,1.0,0.9427904261529481,90.07997664915352,263,Prioridad 3 - Monitoreo y gestión preventiva,95,142,435,Hotspot de carga acumulada
4.646,-74.13,140,192,1.3714285714285714,KENNEDY,VILLA ALSACIA,AVENIDA BOYACA,CHOQUE,SOLO DANOS,56.0,62.0,42.0,32.0,4,Hotspot exploratorio,Prioridad 3 - Seguimiento,118,18,4,308,225.0,222.0,3.0,0.9904553415061296,0.9866316403969644,0.3486281377699942,1.0,0.9885872737886748,86.28604786923526,694,Seguimiento,229,166,261,Seguimiento
4.596,-74.164,312,496,1.5897435897435896,BOSA,OLARTE,AVENIDA DEL SUR,CHOQUE,SOLO DANOS,102.0,138.0,134.0,122.0,4,Hotspot estructural persistente,Prioridad 3 - Seguimiento,230,72,10,840,11.0,9.0,2.0,0.9989492119089317,0.9994162288382954,0.4423234092235844,1.0,0.9995621716287215,88.80502043199066,393,Prioridad 3 - Monitoreo y gestión preventiva,11,18,11,Hotspot de carga acumulada
4.635,-74.079,276,472,1.710144927536232,TEUSAQUILLO,BELALCAZAR,AVENIDA CIUDAD DE QUITO,CHOQUE,SOLO DANOS,96.0,98.0,132.0,146.0,4,Hotspot persistente con severidad media-alta,Prioridad 2 - Auditoría de seguridad vial,182,90,4,732,18.0,16.0,2.0,0.998598949211909,0.9990075890251021,0.515703444249854,1.0,0.9885872737886748,90.0379451255108,268,Prioridad 3 - Monitoreo y gestión preventiva,18,25,177,Hotspot de carga acumulada
4.649,-74.147,208,368,1.7692307692307692,KENNEDY,VEREDA EL TINTAL URBANO,AVENIDA CIUDAD DE CALI,CHOQUE,SOLO DANOS,66.0,90.0,130.0,82.0,4,Hotspot persistente con severidad media-alta,Prioridad 2 - Auditoría de seguridad vial,132,72,4,592,45.0,43.0,2.0,0.99620548744892,0.9973730297723292,0.5328955049620548,1.0,0.9885872737886748,90.30122591943957,243,Prioridad 3 - Monitoreo y gestión preventiva,46,65,165,Hotspot de carga acumulada
4.628,-74.171,260,528,2.0307692307692307,KENNEDY,LAS MARGARITAS,AVENIDA CIUDAD DE CALI,CHOQUE,SOLO DANOS,130.0,128.0,126.0,144.0,4,Hotspot severo,Prioridad 1 - Revisión urgente por severidad,130,126,4,860,9.0,7.0,2.0,0.9980443666082895,0.9995329830706363,0.7037945125510799,1.0,0.9885872737886748,93.79918272037362,33,Prioridad 1 - Intervención prioritaria,9,34,102,Hotspot robusto integral
4.562,-74.139,468,692,1.4786324786324787,CIUDAD BOLIVAR,RONDA,AVENIDA BOYACA,CHOQUE,SOLO DANOS,214.0,186.0,154.0,138.0,4,Hotspot estructural persistente,Prioridad 1 - Intervención prioritaria,370,84,14,1140,3.0,1.0,2.0,0.9999416228838295,0.9998832457676591,0.3859311150029189,1.0,0.9999416228838295,87.71395213076474,534,Seguimiento,3,2,2,Hotspot de carga acumulada
4.597,-74.179,466,686,1.4721030042918455,BOSA,CORREDOR FERREO DEL SUR,AVENIDA DEL SUR,CHOQUE,SOLO DANOS,124.0,232.0,180.0,150.0,4,Hotspot estructural persistente,Prioridad 1 - Intervención prioritaria,364,94,8,1034,4.0,2.0,2.0,0.9998832457676591,0.9998248686514886,0.38499708114419146,1.0,0.998861646234676,87.67133683596032,544,Seguimiento,4,3,25,Hotspot de carga acumulada
4.573,-74.14,61,117,1.9180327868852458,TUNJUELITO,PARQUE EL TUNAL,AVENIDA BOYACA,CHOQUE,SOLO DANOS,17.0,40.0,16.0,44.0,4,Hotspot persistente con severidad media-alta,Prioridad 2 - Auditoría de seguridad vial,34,26,1,189,623.0,621.0,2.0,0.9545242265032108,0.9636894337419731,0.5861646234676007,1.0,0.9032399299474606,88.15236427320491,473,Prioridad 3 - Monitoreo y gestión preventiva,623,780,1655,Hotspot preventivo prioritario
4.641,-74.156,282,434,1.5390070921985815,KENNEDY,TINTALA,SIN_NMG,CHOQUE,SOLO DANOS,102.0,86.0,132.0,114.0,4,Hotspot exploratorio,Prioridad 3 - Seguimiento,212,64,6,682,24.0,22.0,2.0,0.9986573263280794,0.9986573263280794,0.42446001167542324,1.0,0.9967308814944542,88.37011091652073,452,Prioridad 3 - Monitoreo y gestión preventiva,24,24,70,Hotspot de carga acumulada
4.613,-74.119,130,238,1.8307692307692307,PUENTE ARANDA,CAMELIA II,AVENIDA FERROCARRIL DEL SUR,CHOQUE,SOLO DANOS,44.0,42.0,82.0,70.0,4,Hotspot persistente con severidad media-alta,Prioridad 2 - Auditoría de seguridad vial,78,50,2,378,141.0,140.0,1.0,0.98861646234676,0.991768826619965,0.5591943957968476,1.0,0.9427904261529481,89.64740221833041,306,Prioridad 3 - Monitoreo y gestión preventiva,142,194,459,Hotspot de carga acumulada
4.595,-74.081,174,290,1.6666666666666667,SANTA FE,SANTA INES,AVENIDA FERNANDO MAZUERA,CHOQUE,SOLO DANOS,46.0,58.0,72.0,114.0,4,Hotspot exploratorio,Prioridad 3 - Seguimiento,120,50,4,470,87.0,86.0,1.0,0.9942206654991244,0.9949503794512551,0.48362521891418564,1.0,0.9885872737886748,89.22767075306479,340,Prioridad 3 - Monitoreo y gestión preventiva,88,99,197,Hotspot de carga acumulada
4.696,-74.09,362,486,1.3425414364640884,ENGATIVA,EL MINUTO DE DIOS,AVENIDA MEDELLIN,CHOQUE,SOLO DANOS,112.0,104.0,142.0,128.0,4,Hotspot estructural persistente,Prioridad 3 - Seguimiento,308,46,8,738,13.0,13.0,0.0,0.9995329830706363,0.9992702860478693,0.3419731465265616,1.0,0.998861646234676,86.79276123759486,625,Seguimiento,14,9,28,Hotspot de carga acumulada
4.662,-74.133,180,312,1.7333333333333334,FONTIBON,CIUDAD HAYUELOS,AVENIDA CIUDAD DE CALI,CHOQUE,SOLO DANOS,52.0,70.0,108.0,82.0,4,Hotspot persistente con severidad media-alta,Prioridad 2 - Auditoría de seguridad vial,118,58,4,508,67.0,67.0,0.0,0.9945709281961471,0.9960887332165791,0.5218330414477524,1.0,0.9885872737886748,90.02159953298306,270,Prioridad 3 - Monitoreo y gestión preventiva,68,94,178,Hotspot de carga acumulada
4.64,-74.116,306,542,1.7712418300653594,PUENTE ARANDA,GRANJAS DE TECHO,AVENIDA DEL CONGRESO EUCARISTICO,CHOQUE,SOLO DANOS,126.0,166.0,114.0,136.0,4,Hotspot estructural persistente,Prioridad 1 - Intervención prioritaria,192,110,4,842,8.0,8.0,0.0,0.9988324576765908,0.9995913601868067,0.5337419731465266,1.0,0.9885872737886748,90.41506129597198,231,Prioridad 3 - Monitoreo y gestión preventiva,8,21,162,Hotspot de carga acumulada
4.599,-74.145,220,396,1.8,KENNEDY,LAS DELICIAS,AVENIDA BOYACA,CHOQUE,SOLO DANOS,112.0,80.0,114.0,90.0,4,Hotspot persistente con severidad media-alta,Prioridad 2 - Auditoría de seguridad vial,136,80,4,636,34.0,34.0,0.0,0.9968476357267951,0.9980443666082895,0.5462346760070053,1.0,0.9885872737886748,90.59427904261528,220,Prioridad 3 - Monitoreo y gestión preventiva,34,55,158,Hotspot de carga acumulada
4.802,-74.038,108,184,1.7037037037037037,USAQUEN,TORCA I,AVENIDA PASEO DE LOS LIBERTADORES,CHOQUE,SOLO DANOS,62.0,30.0,66.0,26.0,4,Hotspot persistente con severidad media-alta,Prioridad 2 - Auditoría de seguridad vial,72,34,2,292,249.0,250.0,-1.0,0.9832749562171629,0.9853765323992995,0.514302393461763,1.0,0.9427904261529481,88.51488616462348,435,Prioridad 3 - Monitoreo y gestión preventiva,249,285,554,Hotspot preventivo prioritario
4.609,-74.076,152,312,2.0526315789473686,SANTA FE,LA ALAMEDA,AVENIDA CARACAS,CHOQUE,CON HERIDOS,48.0,96.0,106.0,62.0,4,Hotspot severo,Prioridad 1 - Revisión urgente por severidad,74,76,2,504,67.0,68.0,-1.0,0.9919147694103911,0.9960887332165791,0.7052539404553415,1.0,0.9427904261529481,92.72095738470519,73,Prioridad 2 - Auditoría de seguridad vial,67,139,323,Hotspot robusto integral
4.642,-74.123,138,182,1.318840579710145,FONTIBON,MONTEVIDEO,AVENIDA CENTENARIO,CHOQUE,SOLO DANOS,44.0,52.0,56.0,30.0,4,Hotspot exploratorio,Prioridad 3 - Seguimiento,120,14,4,290,255.0,256.0,-1.0,0.9900175131348511,0.9849678925861063,0.3283712784588441,1.0,0.9885872737886748,85.83887915936954,757,Seguimiento,261,172,274,Seguimiento
4.649,-74.127,376,476,1.2659574468085106,FONTIBON,INTERINDUSTRIAL,AVENIDA CENTENARIO,CHOQUE,SOLO DANOS,134.0,148.0,138.0,56.0,4,Hotspot estructural persistente,Prioridad 3 - Seguimiento,334,34,8,704,17.0,18.0,-1.0,0.9996497373029772,0.9990659661412726,0.31418563922942205,1.0,0.998861646234676,86.23525977816696,701,Seguimiento,17,7,29,Hotspot de carga acumulada
4.763,-74.044,260,364,1.4,USAQUEN,EL CEREZO,AVENIDA PASEO DE LOS LIBERTADORES,CHOQUE,SOLO DANOS,70.0,118.0,74.0,102.0,4,Hotspot exploratorio,Prioridad 3 - Seguimiento,214,40,6,564,48.0,49.0,-1.0,0.9980443666082895,0.9972562755399883,0.3613543490951547,1.0,0.9967308814944542,87.06771745475773,603,Seguimiento,48,35,79,Hotspot de carga acumulada
4.626,-74.138,164,280,1.7073170731707317,KENNEDY,HIPOTECHO,AVENIDA BOYACA,CHOQUE,SOLO DANOS,104.0,44.0,70.0,62.0,4,Hotspot persistente con severidad media-alta,Prioridad 2 - Auditoría de seguridad vial,108,54,2,428,96.0,98.0,-2.0,0.9933158201984822,0.9943957968476357,0.5154115586690018,1.0,0.9427904261529481,88.91827203736135,385,Prioridad 3 - Monitoreo y gestión preventiva,97,114,517,Hotspot de carga acumulada
4.662,-74.138,68,92,1.3529411764705883,FONTIBON,EL TINTAL CENTRAL,AVENIDA CENTENARIO,CHOQUE,SOLO DANOS,22.0,28.0,26.0,16.0,4,Hotspot exploratorio,Prioridad 3 - Seguimiento,58,8,2,148,949.0,951.0,-2.0,0.961646234676007,0.9438412142440163,0.34401634559252775,1.0,0.9427904261529481,83.84588441330997,920,Seguimiento,959,653,940,Seguimiento
4.706,-74.071,68,92,1.3529411764705883,SUBA,BATAN,AVENIDA ALFREDO D BATEMAN,CHOQUE,SOLO DANOS,30.0,12.0,12.0,38.0,4,Hotspot exploratorio,Prioridad 3 - Seguimiento,58,8,2,148,949.0,951.0,-2.0,0.961646234676007,0.9438412142440163,0.34401634559252775,1.0,0.9427904261529481,83.84588441330997,921,Seguimiento,960,654,941,Seguimiento
4.672,-74.125,212,352,1.6603773584905661,FONTIBON,FERROCAJA FONTIBON,AVENIDA CIUDAD DE CALI,CHOQUE,SOLO DANOS,66.0,74.0,94.0,118.0,4,Hotspot exploratorio,Prioridad 3 - Seguimiento,146,62,4,556,50.0,52.0,-2.0,0.9964389959136019,0.9971103327495622,0.4558669001751314,1.0,0.9885872737886748,88.7600700525394,397,Prioridad 3 - Monitoreo y gestión preventiva,50,61,204,Hotspot de carga acumulada
4.695,-74.089,330,458,1.387878787878788,ENGATIVA,SANTA ROSA,AVENIDA BOYACA,CHOQUE,SOLO DANOS,112.0,94.0,148.0,104.0,4,Hotspot estructural persistente,Prioridad 3 - Seguimiento,272,52,6,682,20.0,22.0,-2.0,0.9993286631640397,0.9988908347927612,0.351138353765324,1.0,0.9967308814944542,86.92177466433158,609,Seguimiento,20,13,80,Hotspot de carga acumulada
4.624,-74.124,312,516,1.6538461538461537,PUENTE ARANDA,HIPOTECHO SUR,AVENIDA DEL CONGRESO EUCARISTICO,CHOQUE,SOLO DANOS,116.0,158.0,124.0,118.0,4,Hotspot estructural persistente,Prioridad 1 - Intervención prioritaria,212,98,2,752,10.0,12.0,-2.0,0.9989492119089317,0.9994746059544658,0.45566258026853473,1.0,0.9427904261529481,87.93753648569759,509,Seguimiento,10,19,606,Hotspot de carga acumulada
4.631,-74.138,453,693,1.5298013245033113,KENNEDY,LAS DOS AVENIDAS,AVENIDA BOYACA,CHOQUE,SOLO DANOS,92.0,125.0,242.0,234.0,4,Hotspot estructural persistente,Prioridad 1 - Intervención prioritaria,338,110,5,1013,2.0,4.0,-2.0,0.9998248686514886,0.9999416228838295,0.42230005837711615,1.0,0.9950963222416812,88.34325744308231,456,Prioridad 3 - Monitoreo y gestión preventiva,2,4,85,Hotspot de carga acumulada
4.632,-74.154,484,736,1.5206611570247934,KENNEDY,CIUDAD KENNEDY NORTE,SIN_NMG,CHOQUE,SOLO DANOS,180.0,198.0,198.0,160.0,4,Hotspot estructural persistente,Prioridad 1 - Intervención prioritaria,360,122,2,1020,1.0,3.0,-2.0,1.0,1.0,0.4208990075890251,1.0,0.9427904261529481,87.27378867483947,581,Seguimiento,1,1,656,Hotspot de carga acumulada
4.686,-74.048,168,240,1.4285714285714286,USAQUEN,RINCON DEL CHICO,AVENIDA CARLOS LLERAS RESTREPO,CHOQUE,SOLO DANOS,34.0,64.0,86.0,56.0,4,Hotspot exploratorio,Prioridad 3 - Seguimiento,136,28,4,376,138.0,141.0,-3.0,0.9935201401050788,0.9919439579684763,0.3739346176298891,1.0,0.9885872737886748,86.95971978984238,608,Seguimiento,138,112,245,Hotspot de carga acumulada
4.621,-74.166,230,422,1.8347826086956522,KENNEDY,VILLA NELLY III SECTOR,AVENIDA AGOBERTO MEJIA CIFUENTES,CHOQUE,SOLO DANOS,134.0,64.0,102.0,122.0,4,Hotspot persistente con severidad media-alta,Prioridad 2 - Auditoría de seguridad vial,136,92,2,646,28.0,31.0,-3.0,0.9971978984238179,0.9983946293053123,0.5623467600700526,1.0,0.9427904261529481,90.01459427904261,271,Prioridad 3 - Monitoreo y gestión preventiva,29,49,437,Hotspot de carga acumulada
4.745,-74.047,78,118,1.5128205128205128,USAQUEN,LAS ORQUIDEAS,AVENIDA PASEO DE LOS LIBERTADORES,CHOQUE,SOLO DANOS,14.0,42.0,44.0,18.0,4,Hotspot exploratorio,Prioridad 3 - Seguimiento,60,16,2,190,605.0,608.0,-3.0,0.97025685931115,0.9642440163455925,0.4202276707530648,1.0,0.9427904261529481,85.95037945125512,740,Seguimiento,613,510,777,Seguimiento
4.597,-74.18,366,554,1.5136612021857923,BOSA,CORREDOR FERREO DEL SUR,AVENIDA DEL SUR,CHOQUE,SOLO DANOS,130.0,132.0,164.0,128.0,4,Hotspot estructural persistente,Prioridad 1 - Intervención prioritaria,276,86,4,806,7.0,10.0,-3.0,0.9995913601868067,0.9996497373029772,0.4203152364273205,1.0,0.9885872737886748,88.16287215411558,472,Prioridad 3 - Monitoreo y gestión preventiva,7,8,220,Hotspot de carga acumulada
4.749,-74.033,78,118,1.5128205128205128,USAQUEN,SAN JOSE DE USAQUEN,AVENIDA SAN JUAN BOSCO,CHOQUE,SOLO DANOS,50.0,16.0,24.0,28.0,4,Hotspot exploratorio,Prioridad 3 - Seguimiento,60,16,2,190,605.0,608.0,-3.0,0.97025685931115,0.9642440163455925,0.4202276707530648,1.0,0.9427904261529481,85.95037945125512,739,Seguimiento,612,509,776,Seguimiento
4.629,-74.123,244,396,1.6229508196721312,KENNEDY,HIPOTECHO SUR,AVENIDA DE LAS AMERICAS,CHOQUE,SOLO DANOS,160.0,94.0,64.0,78.0,4,Hotspot exploratorio,Prioridad 3 - Seguimiento,172,68,4,612,34.0,38.0,-4.0,0.997723292469352,0.9980443666082895,0.4516345592527729,1.0,0.9885872737886748,88.71978984238179,400,Prioridad 3 - Monitoreo y gestión preventiva,35,39,205,Hotspot de carga acumulada
4.597,-74.176,80,120,1.5,BOSA,CEMENTERIO JARDINES APOGEO,AVENIDA DEL SUR,CHOQUE,SOLO DANOS,14.0,50.0,20.0,36.0,4,Hotspot exploratorio,Prioridad 3 - Seguimiento,62,16,2,192,591.0,595.0,-4.0,0.9714535901926444,0.9651780502043199,0.40379451255107995,1.0,0.9427904261529481,85.66433158201986,773,Seguimiento,596,485,804,Seguimiento
4.634,-74.115,214,394,1.841121495327103,PUENTE ARANDA,SALAZAR GOMEZ,AVENIDA CENTENARIO,CHOQUE,SOLO DANOS,44.0,122.0,96.0,132.0,4,Hotspot persistente con severidad media-alta,Prioridad 2 - Auditoría de seguridad vial,126,86,2,606,36.0,40.0,-4.0,0.9965557501459428,0.9979276123759486,0.5628137769994163,1.0,0.9427904261529481,90.00175131348512,273,Prioridad 3 - Monitoreo y gestión preventiva,36,60,438,Hotspot de carga acumulada
4.596,-74.165,90,146,1.6222222222222222,BOSA,OLARTE,AVENIDA DEL SUR,CHOQUE,SOLO DANOS,0.0,30.0,34.0,82.0,3,Hotspot exploratorio,Prioridad 3 - Seguimiento,64,24,2,234,396.0,400.0,-4.0,0.977086981903094,0.9764448336252189,0.45154699357851724,0.75,0.9427904261529481,81.95738470519555,1058,Seguimiento,408,389,1042,Seguimiento
4.689,-74.118,268,424,1.5820895522388059,ENGATIVA,LOS ALAMOS,AVENIDA JOSE CELESTINO MUTIS,CHOQUE,SOLO DANOS,108.0,94.0,92.0,130.0,4,Hotspot exploratorio,Prioridad 3 - Seguimiento,194,70,4,644,27.0,32.0,-5.0,0.998482194979568,0.998482194979568,0.44109748978400465,1.0,0.9885872737886748,88.53298307063632,430,Prioridad 3 - Monitoreo y gestión preventiva,27,27,213,Hotspot de carga acumulada
4.684,-74.079,216,340,1.5740740740740742,BARRIOS UNIDOS,METROPOLIS,AVENIDA MEDELLIN,CHOQUE,SOLO DANOS,98.0,68.0,94.0,80.0,4,Hotspot exploratorio,Prioridad 3 - Seguimiento,158,54,4,528,53.0,59.0,-6.0,0.9966725043782837,0.9969352014010507,0.44063047285464096,1.0,0.9885872737886748,88.456509048453,439,Prioridad 3 - Monitoreo y gestión preventiva,53,58,214,Hotspot de carga acumulada
4.56,-74.139,106,174,1.6415094339622642,CIUDAD BOLIVAR,LUCERO ALTO,AVENIDA BOYACA,CHOQUE,SOLO DANOS,42.0,34.0,48.0,50.0,4,Hotspot exploratorio,Prioridad 3 - Seguimiento,74,30,2,274,285.0,292.0,-7.0,0.9826911850554583,0.9832749562171629,0.4548744892002335,1.0,0.9427904261529481,87.27262113251605,582,Seguimiento,286,297,657,Seguimiento
4.644,-74.062,94,150,1.5957446808510638,CHAPINERO,BOSQUE CALDERON,AVENIDA ALBERTO LLERAS CAMARGO,CHOQUE,SOLO DANOS,54.0,20.0,30.0,46.0,4,Hotspot exploratorio,Prioridad 3 - Seguimiento,68,24,2,238,373.0,380.0,-7.0,0.9788674839462931,0.9779334500875657,0.4431406888499708,1.0,0.9427904261529481,86.85464098073557,617,Seguimiento,379,362,683,Seguimiento
4.679,-74.12,442,574,1.2986425339366516,FONTIBON,SANTA CECILIA,AVENIDA CIUDAD DE CALI,CHOQUE,SOLO DANOS,132.0,136.0,148.0,158.0,4,Hotspot estructural persistente,Prioridad 1 - Intervención prioritaria,378,62,2,738,6.0,13.0,-7.0,0.9997664915353182,0.9997081144191476,0.32551079976649155,1.0,0.9427904261529481,85.3555166374781,792,Seguimiento,6,5,822,Hotspot de carga acumulada
4.662,-74.116,228,316,1.3859649122807018,FONTIBON,MODELIA,AVENIDA BOYACA,CHOQUE,SOLO DANOS,58.0,62.0,82.0,114.0,4,Hotspot exploratorio,Prioridad 3 - Seguimiento,190,32,6,500,63.0,70.0,-7.0,0.9971395213076474,0.9963514302393461,0.35099241097489786,1.0,0.9967308814944542,86.82428488032691,622,Seguimiento,64,50,82,Hotspot de carga acumulada
4.694,-74.056,226,314,1.3893805309734513,USAQUEN,SAN PATRICIO,AVENIDA PASEO DE LOS LIBERTADORES,CHOQUE,SOLO DANOS,38.0,64.0,100.0,112.0,4,Hotspot exploratorio,Prioridad 3 - Seguimiento,188,32,6,498,65.0,72.0,-7.0,0.997081144191477,0.9962346760070052,0.35131348511383537,1.0,0.9967308814944542,86.82720373613544,621,Seguimiento,65,51,81,Hotspot de carga acumulada
4.724,-74.124,84,124,1.4761904761904763,ENGATIVA,EL DORADO INDUSTRIAL,AVENIDA MEDELLIN,CHOQUE,SOLO DANOS,28.0,38.0,28.0,30.0,4,Hotspot exploratorio,Prioridad 3 - Seguimiento,66,16,2,196,565.0,572.0,-7.0,0.9733508464681845,0.9668126094570928,0.3856100408639813,1.0,0.9427904261529481,85.37127845884413,790,Seguimiento,570,455,820,Seguimiento
4.659,-74.136,346,482,1.393063583815029,FONTIBON,CIUDAD HAYUELOS,AVENIDA CENTENARIO,CHOQUE,SOLO DANOS,120.0,160.0,146.0,56.0,4,Hotspot estructural persistente,Prioridad 3 - Seguimiento,282,60,4,682,15.0,22.0,-7.0,0.9994162288382954,0.9991535318155284,0.35178050204319905,1.0,0.9885872737886748,86.77875072971396,636,Seguimiento,16,11,248,Hotspot de carga acumulada
4.722,-74.121,312,488,1.564102564102564,ENGATIVA,EL CORTIJO,AVENIDA MEDELLIN,CHOQUE,SOLO DANOS,108.0,110.0,160.0,110.0,4,Hotspot estructural persistente,Prioridad 3 - Seguimiento,226,84,2,696,12.0,20.0,-8.0,0.9989492119089317,0.9993578517221249,0.4300350262697023,1.0,0.9427904261529481,87.42265032107413,568,Seguimiento,12,20,648,Hotspot de carga acumulada
4.752,-74.047,330,462,1.4,USAQUEN,LA URIBE,AVENIDA PASEO DE LOS LIBERTADORES,CHOQUE,SOLO DANOS,108.0,84.0,172.0,98.0,4,Hotspot estructural persistente,Prioridad 3 - Seguimiento,268,58,4,658,19.0,27.0,-8.0,0.9993286631640397,0.9989492119089317,0.3613543490951547,1.0,0.9885872737886748,86.96438995913601,607,Seguimiento,19,12,244,Hotspot de carga acumulada
4.713,-74.115,154,254,1.6493506493506493,ENGATIVA,BOCHICA II,AVENIDA MEDELLIN,CHOQUE,SOLO DANOS,74.0,44.0,46.0,90.0,4,Hotspot exploratorio,Prioridad 3 - Seguimiento,106,46,2,386,126.0,134.0,-8.0,0.9921190893169878,0.9926444833625219,0.45537069468768243,1.0,0.9427904261529481,87.6584938704028,547,Seguimiento,128,137,631,Hotspot de carga acumulada
4.711,-74.072,318,486,1.528301886792453,SUBA,NIZA NORTE,AVENIDA RODRIGO LARA BONILLA,CHOQUE,SOLO DANOS,186.0,104.0,100.0,96.0,4,Hotspot estructural persistente,Prioridad 3 - Seguimiento,236,80,2,686,13.0,21.0,-8.0,0.999124343257443,0.9992702860478693,0.42197898423817864,1.0,0.9427904261529481,87.26328079392879,587,Seguimiento,13,16,661,Hotspot de carga acumulada
4.696,-74.106,266,402,1.5112781954887218,ENGATIVA,FLORENCIA,AVENIDA CHILE,CHOQUE,SOLO DANOS,110.0,96.0,92.0,104.0,4,Hotspot exploratorio,Prioridad 3 - Seguimiento,202,60,4,602,32.0,41.0,-9.0,0.9983946293053123,0.9981903093987157,0.42008172796263865,1.0,0.9885872737886748,88.10507880910683,491,Prioridad 3 - Monitoreo y gestión preventiva,32,28,223,Hotspot de carga acumulada
4.7,-74.055,254,374,1.4724409448818898,USAQUEN,SANTA BARBARA OCCIDENTAL,AVENIDA PASEO DE LOS LIBERTADORES,CHOQUE,SOLO DANOS,60.0,114.0,124.0,76.0,4,Hotspot exploratorio,Prioridad 3 - Seguimiento,198,52,4,558,42.0,51.0,-9.0,0.9978984238178634,0.9975773496789259,0.3850554582603619,1.0,0.9885872737886748,87.38237011091653,576,Seguimiento,43,37,238,Hotspot de carga acumulada
4.688,-74.061,110,178,1.6181818181818182,BARRIOS UNIDOS,LA CASTELLANA,AVENIDA ESPANA,CHOQUE,SOLO DANOS,30.0,54.0,42.0,52.0,4,Hotspot exploratorio,Prioridad 3 - Seguimiento,78,30,2,278,270.0,279.0,-9.0,0.9840046701692936,0.9841214244016345,0.4513134851138354,1.0,0.9427904261529481,87.24460011675423,591,Seguimiento,271,271,664,Seguimiento
4.611,-74.088,178,310,1.7415730337078652,LOS MARTIRES,RICAURTE,AVENIDA COLON,CHOQUE,SOLO DANOS,78.0,70.0,66.0,96.0,4,Hotspot persistente con severidad media-alta,Prioridad 2 - Auditoría de seguridad vial,114,62,2,474,70.0,80.0,-10.0,0.9945125510799766,0.995942790426153,0.5226503210741389,1.0,0.9427904261529481,89.11792177466434,358,Prioridad 3 - Monitoreo y gestión preventiva,70,95,498,Hotspot de carga acumulada
4.697,-74.034,88,132,1.5,USAQUEN,SANTA BARBARA CENTRAL,AVENIDA LAUREANO GOMEZ,CHOQUE,SOLO DANOS,38.0,32.0,32.0,30.0,4,Hotspot exploratorio,Prioridad 3 - Seguimiento,68,18,2,208,503.0,513.0,-10.0,0.9758026853473438,0.9702276707530648,0.40379451255107995,1.0,0.9427904261529481,85.85230589608874,754,Seguimiento,513,411,788,Seguimiento
4.63,-74.083,176,308,1.75,TEUSAQUILLO,GRAN AMERICA,AVENIDA JORGE ELIECER GAITAN,CHOQUE,SOLO DANOS,108.0,56.0,70.0,74.0,4,Hotspot persistente con severidad media-alta,Prioridad 2 - Auditoría de seguridad vial,112,62,2,472,72.0,83.0,-11.0,0.9943957968476357,0.9957968476357268,0.5268534734384122,1.0,0.9427904261529481,89.19673088149445,341,Prioridad 3 - Monitoreo y gestión preventiva,73,96,482,Hotspot de carga acumulada
4.671,-74.107,284,436,1.5352112676056338,ENGATIVA,NORMANDIA,AVENIDA BOYACA,CHOQUE,SOLO DANOS,106.0,94.0,116.0,120.0,4,Hotspot exploratorio,Prioridad 3 - Seguimiento,210,72,2,620,23.0,35.0,-12.0,0.9987157034442499,0.9987157034442499,0.4239346176298891,1.0,0.9427904261529481,87.28312901342674,580,Seguimiento,23,23,655,Hotspot de carga acumulada
4.649,-74.126,288,392,1.3611111111111112,FONTIBON,FRANCO,AVENIDA BOYACA,CHOQUE,SOLO DANOS,52.0,76.0,126.0,138.0,4,Hotspot exploratorio,Prioridad 3 - Seguimiento,240,44,4,560,38.0,50.0,-12.0,0.9987740805604203,0.9978400467016929,0.34576765907764156,1.0,0.9885872737886748,86.6193812025686,665,Seguimiento,38,22,251,Hotspot de carga acumulada
4.627,-74.106,170,278,1.6352941176470588,PUENTE ARANDA,BATALLON CALDAS,AVENIDA CENTENARIO,CHOQUE,SOLO DANOS,48.0,60.0,90.0,80.0,4,Hotspot exploratorio,Prioridad 3 - Seguimiento,118,50,2,418,99.0,111.0,-12.0,0.9936952714535902,0.9942206654991244,0.45385288966725046,1.0,0.9427904261529481,87.69118505545826,539,Seguimiento,99,108,627,Hotspot de carga acumulada
4.603,-74.068,164,212,1.2926829268292683,SANTA FE,LAS NIEVES,AVENIDA CIUDAD DE LIMA,CHOQUE,SOLO DANOS,56.0,52.0,46.0,58.0,4,Hotspot exploratorio,Prioridad 3 - Seguimiento,144,16,4,324,186.0,198.0,-12.0,0.9933158201984822,0.989112667834209,0.32481027437244603,1.0,0.9885872737886748,85.91652072387625,752,Seguimiento,187,116,273,Hotspot de carga acumulada
4.709,-74.111,136,216,1.588235294117647,ENGATIVA,BOCHICA II,AVENIDA MEDELLIN,CHOQUE,SOLO DANOS,18.0,68.0,66.0,64.0,4,Hotspot exploratorio,Prioridad 3 - Seguimiento,98,36,2,328,179.0,192.0,-13.0,0.989492119089317,0.9895213076474022,0.44179801517805023,1.0,0.9427904261529481,87.27203736135435,583,Seguimiento,180,179,658,Hotspot de carga acumulada
4.71,-74.08,242,370,1.5289256198347108,SUBA,NIZA NORTE,AVENIDA BOYACA,CHOQUE,SOLO DANOS,80.0,94.0,108.0,88.0,4,Hotspot exploratorio,Prioridad 3 - Seguimiento,180,60,2,530,44.0,58.0,-14.0,0.9976065382370111,0.9974897840046701,0.4220665499124343,1.0,0.9427904261529481,87.19906596614126,595,Seguimiento,44,42,667,Hotspot de carga acumulada
4.627,-74.081,322,438,1.360248447204969,TEUSAQUILLO,GRAN AMERICA,AVENIDA CIUDAD DE QUITO,CHOQUE,SOLO DANOS,96.0,98.0,118.0,126.0,4,Hotspot estructural persistente,Prioridad 3 - Seguimiento,268,50,4,618,22.0,36.0,-14.0,0.999241097489784,0.9987740805604203,0.34565090484530064,1.0,0.9885872737886748,86.6450671336836,663,Seguimiento,22,14,250,Hotspot de carga acumulada
4.641,-74.114,264,400,1.5151515151515151,PUENTE ARANDA,CENTRO INDUSTRIAL,AVENIDA DEL CONGRESO EUCARISTICO,CHOQUE,SOLO DANOS,92.0,96.0,106.0,106.0,4,Hotspot exploratorio,Prioridad 3 - Seguimiento,198,64,2,568,33.0,48.0,-15.0,0.9982486865148862,0.9981319322825453,0.4204319906596614,1.0,0.9427904261529481,87.19206071220083,596,Seguimiento,33,30,668,Hotspot de carga acumulada
4.659,-74.052,64,80,1.25,CHAPINERO,EL NOGAL,AVENIDA ALBERTO LLERAS CAMARGO,CHOQUE,SOLO DANOS,18.0,24.0,32.0,6.0,4,Hotspot exploratorio,Prioridad 3 - Seguimiento,58,4,2,128,1176.0,1191.0,-15.0,0.9575014594279042,0.9298015178050204,0.3110332749562172,1.0,0.9427904261529481,82.8225335668418,974,Seguimiento,1194,726,985,Seguimiento
4.624,-74.079,124,200,1.6129032258064515,TEUSAQUILLO,ESTRELLA,AVENIDA JORGE ELIECER GAITAN,CHOQUE,SOLO DANOS,36.0,56.0,62.0,46.0,4,Hotspot exploratorio,Prioridad 3 - Seguimiento,88,34,2,308,207.0,222.0,-15.0,0.9876532399299475,0.9879159369527145,0.44821949795680094,1.0,0.9427904261529481,87.33158201984821,579,Seguimiento,208,210,654,Seguimiento
4.694,-74.034,80,116,1.45,USAQUEN,SANTA BARBARA ORIENTAL,AVENIDA LAUREANO GOMEZ,CHOQUE,SOLO DANOS,34.0,28.0,24.0,30.0,4,Hotspot exploratorio,Prioridad 3 - Seguimiento,64,14,2,184,624.0,639.0,-15.0,0.9714535901926444,0.9630472854640981,0.38050204319906594,1.0,0.9427904261529481,85.15586690017514,822,Seguimiento,632,486,850,Seguimiento
4.657,-74.078,110,170,1.5454545454545454,BARRIOS UNIDOS,LA PAZ,AVENIDA CIUDAD DE QUITO,CHOQUE,SOLO DANOS,32.0,68.0,42.0,28.0,4,Hotspot exploratorio,Prioridad 3 - Seguimiento,82,26,2,262,299.0,316.0,-17.0,0.9840046701692936,0.9824284880326912,0.4262405137186223,1.0,0.9427904261529481,86.70928196147109,657,Seguimiento,302,272,718,Seguimiento
4.672,-74.089,244,340,1.3934426229508197,BARRIOS UNIDOS,JOSE JOAQUIN VARGAS,AVENIDA DEL CONGRESO EUCARISTICO,CHOQUE,SOLO DANOS,70.0,102.0,86.0,82.0,4,Hotspot exploratorio,Prioridad 3 - Seguimiento,200,40,4,500,53.0,70.0,-17.0,0.997723292469352,0.9969352014010507,0.3518388791593695,1.0,0.9885872737886748,86.70169293636893,658,Seguimiento,54,40,249,Hotspot de carga acumulada
4.654,-74.103,212,272,1.2830188679245282,TEUSAQUILLO,EL SALITRE,AVENIDA JORGE ELIECER GAITAN,CHOQUE,SOLO DANOS,58.0,68.0,58.0,88.0,4,Hotspot exploratorio,Prioridad 3 - Seguimiento,186,22,4,396,106.0,124.0,-18.0,0.9964389959136019,0.9938120256859311,0.31710449503794513,1.0,0.9885872737886748,85.91885580852306,743,Seguimiento,108,63,272,Hotspot de carga acumulada
4.621,-74.086,118,186,1.576271186440678,LOS MARTIRES,COLSEGUROS,AVENIDA CIUDAD DE QUITO,CHOQUE,SOLO DANOS,40.0,54.0,52.0,40.0,4,Hotspot exploratorio,Prioridad 3 - Seguimiento,86,30,2,286,243.0,262.0,-19.0,0.9863397548161121,0.9857267950963222,0.4406888499708114,1.0,0.9427904261529481,87.11091652072386,599,Seguimiento,244,231,670,Seguimiento
4.706,-74.054,238,306,1.2857142857142858,USAQUEN,SANTA BARBARA OCCIDENTAL,AVENIDA CALLEJAS,CHOQUE,SOLO DANOS,90.0,102.0,60.0,54.0,4,Hotspot exploratorio,Prioridad 3 - Seguimiento,208,26,4,438,75.0,95.0,-20.0,0.9974605954465849,0.9956217162872154,0.32086981903093986,1.0,0.9885872737886748,86.0507880910683,722,Seguimiento,75,45,269,Hotspot de carga acumulada
4.625,-74.104,140,212,1.5142857142857142,PUENTE ARANDA,EL EJIDO,AVENIDA COLON,CHOQUE,SOLO DANOS,42.0,44.0,64.0,62.0,4,Hotspot exploratorio,Prioridad 3 - Seguimiento,106,32,2,316,186.0,206.0,-20.0,0.9904553415061296,0.989112667834209,0.42037361354349095,1.0,0.9427904261529481,86.85464098073557,616,Seguimiento,186,165,682,Hotspot de carga acumulada
4.652,-74.079,136,208,1.5294117647058822,TEUSAQUILLO,CAMPIN OCCIDENTAL,AVENIDA CIUDAD DE QUITO,CHOQUE,SOLO DANOS,38.0,40.0,70.0,60.0,4,Hotspot exploratorio,Prioridad 3 - Seguimiento,102,32,2,312,191.0,212.0,-21.0,0.989492119089317,0.9887624051371863,0.42218330414477523,1.0,0.9427904261529481,86.86456509048452,615,Seguimiento,192,180,681,Hotspot de carga acumulada
4.659,-74.118,114,178,1.5614035087719298,FONTIBON,CAPELLANIA,AVENIDA BOYACA,CHOQUE,SOLO DANOS,12.0,46.0,88.0,32.0,4,Hotspot exploratorio,Prioridad 3 - Seguimiento,84,28,2,274,270.0,292.0,-22.0,0.9852889667250437,0.9841214244016345,0.42983070636310566,1.0,0.9427904261529481,86.84063047285463,619,Seguimiento,272,250,685,Seguimiento
4.653,-74.143,206,298,1.4466019417475728,KENNEDY,VEREDA EL TINTAL URBANO,AVENIDA CIUDAD DE CALI,CHOQUE,SOLO DANOS,64.0,50.0,92.0,92.0,4,Hotspot exploratorio,Prioridad 3 - Seguimiento,162,42,2,422,81.0,103.0,-22.0,0.995942790426153,0.9953006421482778,0.38032691185055456,1.0,0.9427904261529481,86.28721541155868,693,Seguimiento,82,70,741,Hotspot de carga acumulada
4.615,-74.175,94,146,1.553191489361702,KENNEDY,CLASS,AVENIDA AGOBERTO MEJIA CIFUENTES,CHOQUE,SOLO DANOS,32.0,54.0,28.0,32.0,4,Hotspot exploratorio,Prioridad 3 - Seguimiento,70,22,2,230,396.0,418.0,-22.0,0.9788674839462931,0.9764448336252189,0.4283129013426737,1.0,0.9427904261529481,86.52831290134267,671,Seguimiento,402,363,727,Seguimiento
4.652,-74.124,264,368,1.393939393939394,FONTIBON,FRANCO,AVENIDA BOYACA,CHOQUE,SOLO DANOS,100.0,68.0,108.0,92.0,4,Hotspot exploratorio,Prioridad 3 - Seguimiento,214,48,2,504,45.0,68.0,-23.0,0.9982486865148862,0.9973730297723292,0.35192644483362523,1.0,0.9427904261529481,85.80677174547577,758,Seguimiento,47,31,791,Hotspot de carga acumulada
4.688,-74.074,174,262,1.5057471264367817,BARRIOS UNIDOS,LOS ANDES,SIN_NMG,CHOQUE,SOLO DANOS,76.0,62.0,90.0,34.0,4,Hotspot exploratorio,Prioridad 3 - Seguimiento,132,40,2,382,116.0,139.0,-23.0,0.9942206654991244,0.9932574430823118,0.41978984238178635,1.0,0.9427904261529481,87.0011675423234,606,Seguimiento,117,100,676,Hotspot de carga acumulada
4.685,-74.048,360,456,1.2666666666666666,USAQUEN,SANTA BIBIANA,AVENIDA CARLOS LLERAS RESTREPO,CHOQUE,SOLO DANOS,52.0,158.0,156.0,90.0,4,Hotspot estructural persistente,Prioridad 3 - Seguimiento,314,44,2,584,21.0,45.0,-24.0,0.9994746059544658,0.9988324576765908,0.3148861646234676,1.0,0.9427904261529481,85.11967308814945,826,Seguimiento,21,10,854,Hotspot de carga acumulada
4.747,-74.047,118,182,1.5423728813559323,USAQUEN,EL TOBERIN,AVENIDA PASEO DE LOS LIBERTADORES,CHOQUE,SOLO DANOS,38.0,50.0,48.0,46.0,4,Hotspot exploratorio,Prioridad 3 - Seguimiento,88,28,2,278,255.0,279.0,-24.0,0.9863397548161121,0.9849678925861063,0.42457676590776416,1.0,0.9427904261529481,86.77349678925862,637,Seguimiento,259,232,698,Seguimiento
4.609,-74.181,212,312,1.471698113207547,BOSA,BOSA,SIN_NMG,CHOQUE,SOLO DANOS,56.0,44.0,100.0,112.0,4,Hotspot exploratorio,Prioridad 3 - Seguimiento,164,46,2,444,67.0,92.0,-25.0,0.9964389959136019,0.9960887332165791,0.384938704028021,1.0,0.9427904261529481,86.405137186223,682,Seguimiento,69,62,735,Hotspot de carga acumulada
4.643,-74.153,156,228,1.4615384615384615,KENNEDY,TINTALA,AVENIDA CIUDAD DE CALI,CHOQUE,SOLO DANOS,50.0,60.0,66.0,52.0,4,Hotspot exploratorio,Prioridad 3 - Seguimiento,122,32,2,332,159.0,184.0,-25.0,0.9924401634559252,0.9906596614127262,0.3826036193812026,1.0,0.9427904261529481,86.16987740805604,708,Seguimiento,162,130,753,Hotspot de carga acumulada
4.626,-74.082,124,188,1.5161290322580645,TEUSAQUILLO,FLORIDA,AVENIDA CIUDAD DE QUITO,CHOQUE,SOLO DANOS,40.0,50.0,42.0,56.0,4,Hotspot exploratorio,Prioridad 3 - Seguimiento,94,28,2,284,240.0,265.0,-25.0,0.9876532399299475,0.9859894921190894,0.42054874489200234,1.0,0.9427904261529481,86.73963806187975,645,Seguimiento,240,211,706,Seguimiento
4.726,-74.071,192,280,1.4583333333333333,SUBA,IBERIA,AVENIDA BOYACA,CHOQUE,SOLO DANOS,60.0,52.0,104.0,64.0,4,Hotspot exploratorio,Prioridad 3 - Seguimiento,150,40,2,400,96.0,121.0,-25.0,0.9952130764740221,0.9943957968476357,0.3814944541739638,1.0,0.9427904261529481,86.27787507297138,695,Seguimiento,98,83,742,Hotspot de carga acumulada
4.669,-74.128,188,272,1.446808510638298,FONTIBON,MODELIA OCCIDENTAL,AVENIDA CIUDAD DE CALI,CHOQUE,SOLO DANOS,84.0,82.0,78.0,28.0,4,Hotspot exploratorio,Prioridad 3 - Seguimiento,148,38,2,388,106.0,132.0,-26.0,0.9951255107997665,0.9938120256859311,0.380385288966725,1.0,0.9427904261529481,86.24226503210743,700,Seguimiento,107,84,746,Hotspot de carga acumulada
4.751,-74.065,126,194,1.5396825396825398,SUBA,PORTALES DEL NORTE,AVENIDA BOYACA,CHOQUE,SOLO DANOS,38.0,66.0,48.0,42.0,4,Hotspot exploratorio,Prioridad 3 - Seguimiento,94,30,2,294,220.0,246.0,-26.0,0.9881494454173964,0.9870986573263281,0.4245183887915937,1.0,0.9427904261529481,86.85113835376532,618,Seguimiento,222,203,684,Seguimiento
4.663,-74.11,110,162,1.4727272727272727,FONTIBON,LA ESPERANZA NORTE,AVENIDA JORGE ELIECER GAITAN,CHOQUE,SOLO DANOS,32.0,42.0,30.0,58.0,4,Hotspot exploratorio,Prioridad 3 - Seguimiento,86,22,2,246,327.0,353.0,-26.0,0.9840046701692936,0.9805896088733217,0.38517221249270284,1.0,0.9427904261529481,85.85113835376532,755,Seguimiento,332,273,789,Seguimiento
4.608,-74.118,110,162,1.4727272727272727,PUENTE ARANDA,REMANSO,AVENIDA BATALLON CALDAS,CHOQUE,SOLO DANOS,32.0,50.0,34.0,46.0,4,Hotspot exploratorio,Prioridad 3 - Seguimiento,86,22,2,246,327.0,353.0,-26.0,0.9840046701692936,0.9805896088733217,0.38517221249270284,1.0,0.9427904261529481,85.85113835376532,756,Seguimiento,333,274,790,Seguimiento
4.641,-74.123,244,344,1.4098360655737705,FONTIBON,MONTEVIDEO,AVENIDA CENTENARIO,CHOQUE,SOLO DANOS,118.0,106.0,58.0,62.0,4,Hotspot exploratorio,Prioridad 3 - Seguimiento,196,46,2,476,52.0,78.0,-26.0,0.997723292469352,0.9970227670753065,0.3711033274956217,1.0,0.9427904261529481,86.17279626386456,706,Seguimiento,52,41,751,Hotspot de carga acumulada
4.633,-74.137,142,210,1.4788732394366197,KENNEDY,COOPERATIVA DE SUB-OFICIALES,AVENIDA BOYACA,CHOQUE,SOLO DANOS,56.0,40.0,68.0,46.0,4,Hotspot exploratorio,Prioridad 3 - Seguimiento,110,30,2,310,190.0,217.0,-27.0,0.9908347927612376,0.9889667250437828,0.38598949211908934,1.0,0.9427904261529481,86.17162872154115,707,Seguimiento,190,158,752,Hotspot de carga acumulada
4.63,-74.122,98,150,1.530612244897959,PUENTE ARANDA,LUSITANIA,AVENIDA DEL CONGRESO EUCARISTICO,CHOQUE,SOLO DANOS,38.0,32.0,40.0,40.0,4,Hotspot exploratorio,Prioridad 3 - Seguimiento,74,22,2,234,373.0,400.0,-27.0,0.9802101576182136,0.9779334500875657,0.42238762405137187,1.0,0.9427904261529481,86.466433158202,674,Seguimiento,380,339,729,Seguimiento
4.603,-74.121,222,306,1.3783783783783783,PUENTE ARANDA,REMANSO SUR,SIN_NMG,CHOQUE,SOLO DANOS,56.0,110.0,64.0,76.0,4,Hotspot exploratorio,Prioridad 3 - Seguimiento,182,38,2,422,75.0,103.0,-28.0,0.9969352014010507,0.9956217162872154,0.3502626970227671,1.0,0.9427904261529481,85.71220081727961,771,Seguimiento,76,54,803,Hotspot de carga acumulada
4.729,-74.05,172,244,1.4186046511627908,USAQUEN,PRADO PINZON,AVENIDA PASEO DE LOS LIBERTADORES,CHOQUE,SOLO DANOS,52.0,76.0,80.0,36.0,4,Hotspot exploratorio,Prioridad 3 - Seguimiento,138,32,2,348,135.0,164.0,-29.0,0.9939579684763573,0.992148277875073,0.3718330414477525,1.0,0.9427904261529481,86.01459427904261,726,Seguimiento,136,103,763,Hotspot de carga acumulada
4.662,-74.05,88,124,1.4090909090909092,CHAPINERO,EL NOGAL,AVENIDA ALBERTO LLERAS CAMARGO,CHOQUE,SOLO DANOS,28.0,26.0,26.0,44.0,4,Hotspot exploratorio,Prioridad 3 - Seguimiento,72,14,2,192,565.0,595.0,-30.0,0.9758026853473438,0.9668126094570928,0.37101576182136603,1.0,0.9427904261529481,85.128429655575,825,Seguimiento,571,412,853,Seguimiento
4.686,-74.057,76,108,1.4210526315789473,CHAPINERO,CHICO NORTE III SECTOR,AVENIDA PASEO DE LOS LIBERTADORES,CHOQUE,SOLO DANOS,14.0,34.0,36.0,24.0,4,Hotspot exploratorio,Prioridad 3 - Seguimiento,62,12,2,172,708.0,739.0,-31.0,0.9689433741973147,0.9580852305896089,0.3723292469352014,1.0,0.9427904261529481,84.84296555750144,861,Seguimiento,716,532,885,Seguimiento
4.747,-74.023,116,172,1.4827586206896552,USAQUEN,SANTA TERESA,AVENIDA SAN JUAN BOSCO,CHOQUE,SOLO DANOS,40.0,20.0,70.0,42.0,4,Hotspot exploratorio,Prioridad 3 - Seguimiento,90,24,2,260,291.0,322.0,-31.0,0.9857851722124927,0.9828663164039696,0.3868067717454758,1.0,0.9427904261529481,85.96497373029773,737,Seguimiento,292,245,774,Seguimiento
4.742,-74.048,116,172,1.4827586206896552,USAQUEN,ESTRELLA DEL NORTE,AVENIDA PASEO DE LOS LIBERTADORES,CHOQUE,SOLO DANOS,40.0,48.0,44.0,40.0,4,Hotspot exploratorio,Prioridad 3 - Seguimiento,90,24,2,260,291.0,322.0,-31.0,0.9857851722124927,0.9828663164039696,0.3868067717454758,1.0,0.9427904261529481,85.96497373029773,738,Seguimiento,293,246,775,Seguimiento
4.69,-74.164,232,320,1.3793103448275863,FONTIBON,EL CHANCO I,AVENIDA CENTENARIO,CHOQUE,SOLO DANOS,80.0,74.0,90.0,76.0,4,Hotspot exploratorio,Prioridad 3 - Seguimiento,190,40,2,440,62.0,94.0,-32.0,0.9972562755399883,0.9964389959136019,0.350379451255108,1.0,0.9427904261529481,85.73730297723291,770,Seguimiento,62,48,802,Hotspot de carga acumulada
4.659,-74.077,118,170,1.4406779661016949,BARRIOS UNIDOS,SAN MIGUEL,AVENIDA CIUDAD DE QUITO,CHOQUE,SOLO DANOS,30.0,48.0,42.0,50.0,4,Hotspot exploratorio,Prioridad 3 - Seguimiento,94,22,2,254,299.0,331.0,-32.0,0.9863397548161121,0.9824284880326912,0.3754232340922358,1.0,0.9427904261529481,85.73963806187975,769,Seguimiento,303,233,801,Seguimiento
4.726,-74.125,250,330,1.32,ENGATIVA,EL DORADO INDUSTRIAL,AVENIDA MEDELLIN,CHOQUE,SOLO DANOS,62.0,72.0,106.0,90.0,4,Hotspot exploratorio,Prioridad 3 - Seguimiento,212,36,2,442,60.0,93.0,-33.0,0.9978400467016929,0.9965557501459428,0.32845884413309984,1.0,0.9427904261529481,85.31290134267367,799,Seguimiento,60,38,829,Hotspot de carga acumulada
4.597,-74.177,264,352,1.3333333333333333,BOSA,ANDALUCIA II,AVENIDA DEL SUR,CHOQUE,SOLO DANOS,76.0,118.0,68.0,90.0,4,Hotspot exploratorio,Prioridad 3 - Seguimiento,222,40,2,472,50.0,83.0,-33.0,0.9982486865148862,0.9971103327495622,0.3352305896088733,1.0,0.9427904261529481,85.4676007005254,785,Seguimiento,51,32,815,Hotspot de carga acumulada
4.596,-74.162,256,336,1.3125,BOSA,VILLA DEL RIO,AVENIDA DEL SUR,CHOQUE,SOLO DANOS,104.0,88.0,84.0,60.0,4,Hotspot exploratorio,Prioridad 3 - Seguimiento,218,36,2,448,56.0,90.0,-34.0,0.9979568009340338,0.9967600700525394,0.32781669585522477,1.0,0.9427904261529481,85.30647985989492,800,Seguimiento,56,36,830,Hotspot de carga acumulada
4.645,-74.103,136,200,1.4705882352941178,TEUSAQUILLO,CIUDAD SALITRE SUR-ORIENTAL,AVENIDA LUIS CARLOS GALAN,CHOQUE,SOLO DANOS,36.0,42.0,64.0,58.0,4,Hotspot exploratorio,Prioridad 3 - Seguimiento,106,28,2,296,207.0,242.0,-35.0,0.989492119089317,0.9879159369527145,0.3844424985405721,1.0,0.9427904261529481,86.09281961471102,719,Seguimiento,209,182,759,Seguimiento
4.642,-74.155,156,220,1.4102564102564104,KENNEDY,TINTALA,AVENIDA CIUDAD DE CALI,CHOQUE,SOLO DANOS,34.0,76.0,56.0,54.0,4,Hotspot exploratorio,Prioridad 3 - Seguimiento,126,28,2,316,170.0,206.0,-36.0,0.9924401634559252,0.9900175131348511,0.3711908931698774,1.0,0.9427904261529481,85.92877991827204,742,Seguimiento,174,131,778,Hotspot de carga acumulada
4.671,-74.152,124,184,1.4838709677419355,FONTIBON,SABANA GRANDE,AVENIDA CENTENARIO,CHOQUE,SOLO DANOS,30.0,38.0,38.0,78.0,4,Hotspot exploratorio,Prioridad 3 - Seguimiento,96,26,2,276,249.0,287.0,-38.0,0.9876532399299475,0.9853765323992995,0.38715703444249855,1.0,0.9427904261529481,86.05954465849386,721,Seguimiento,252,212,760,Seguimiento
4.694,-74.107,96,140,1.4583333333333333,ENGATIVA,SANTA HELENITA,AVENIDA CIUDAD DE CALI,CHOQUE,SOLO DANOS,30.0,24.0,56.0,30.0,4,Hotspot exploratorio,Prioridad 3 - Seguimiento,76,18,2,216,444.0,482.0,-38.0,0.9795096322241681,0.9738178633975482,0.3814944541739638,1.0,0.9427904261529481,85.55224751897256,782,Seguimiento,448,350,812,Seguimiento
4.633,-74.154,120,172,1.4333333333333333,KENNEDY,CIUDAD KENNEDY NORTE,SIN_NMG,CHOQUE,SOLO DANOS,50.0,30.0,46.0,46.0,4,Hotspot exploratorio,Prioridad 3 - Seguimiento,96,22,2,256,291.0,329.0,-38.0,0.9868067717454758,0.9828663164039696,0.37478108581436076,1.0,0.9427904261529481,85.74489200233508,766,Seguimiento,294,228,799,Seguimiento
4.739,-74.048,182,246,1.3516483516483517,USAQUEN,ESTRELLA DEL NORTE,AVENIDA PASEO DE LOS LIBERTADORES,CHOQUE,SOLO DANOS,38.0,72.0,76.0,60.0,4,Hotspot exploratorio,Prioridad 3 - Seguimiento,152,28,2,342,133.0,172.0,-39.0,0.9947168709865732,0.9922650321074139,0.34337419731465263,1.0,0.9427904261529481,85.46293053123175,786,Seguimiento,134,91,816,Hotspot de carga acumulada
4.669,-74.151,118,166,1.4067796610169492,FONTIBON,SABANA GRANDE,AVENIDA CENTENARIO,CHOQUE,SOLO DANOS,40.0,42.0,46.0,38.0,4,Hotspot exploratorio,Prioridad 3 - Seguimiento,96,20,2,246,313.0,353.0,-40.0,0.9863397548161121,0.9815820198482195,0.3708114419147694,1.0,0.9427904261529481,85.63047285464098,778,Seguimiento,315,234,808,Seguimiento
4.631,-74.08,200,260,1.3,TEUSAQUILLO,LAS AMERICAS,AVENIDA CIUDAD DE QUITO,CHOQUE,SOLO DANOS,62.0,32.0,84.0,82.0,4,Hotspot exploratorio,Prioridad 3 - Seguimiento,172,26,2,352,118.0,160.0,-42.0,0.9956509048453006,0.9931406888499709,0.3258902510215995,1.0,0.9427904261529481,85.14944541739638,823,Seguimiento,119,76,851,Hotspot de carga acumulada
4.656,-74.139,76,100,1.3157894736842106,KENNEDY,EL VERGEL,AVENIDA CIUDAD DE CALI,CHOQUE,SOLO DANOS,46.0,24.0,24.0,6.0,4,Hotspot exploratorio,Prioridad 3 - Seguimiento,66,8,2,156,821.0,864.0,-43.0,0.9689433741973147,0.9512842965557502,0.3280502043199066,1.0,0.9427904261529481,83.82136602451838,929,Seguimiento,831,534,949,Seguimiento
4.643,-74.112,100,148,1.48,PUENTE ARANDA,CENTRO INDUSTRIAL,AVENIDA DEL CONGRESO EUCARISTICO,CHOQUE,SOLO DANOS,44.0,52.0,24.0,28.0,4,Hotspot exploratorio,Prioridad 3 - Seguimiento,78,20,2,228,386.0,429.0,-43.0,0.9809982486865149,0.9772621132516054,0.3861938120256859,1.0,0.9427904261529481,85.74489200233508,767,Seguimiento,389,326,800,Seguimiento
4.76,-74.066,202,258,1.2772277227722773,SUBA,SAN JOSE V SECTOR,AVENIDA SAN JOSE,CHOQUE,SOLO DANOS,70.0,72.0,68.0,48.0,4,Hotspot exploratorio,Prioridad 3 - Seguimiento,176,24,2,346,120.0,165.0,-45.0,0.9957384705195563,0.9930239346176299,0.3164039696438996,1.0,0.9427904261529481,84.95913601868068,844,Seguimiento,121,74,870,Hotspot de carga acumulada
4.728,-74.126,138,198,1.434782608695652,ENGATIVA,EL DORADO,AVENIDA MEDELLIN,CHOQUE,SOLO DANOS,52.0,22.0,58.0,66.0,4,Hotspot exploratorio,Prioridad 3 - Seguimiento,110,26,2,290,210.0,256.0,-46.0,0.9900175131348511,0.9877408056042032,0.3749854057209574,1.0,0.9427904261529481,85.9106830122592,753,Seguimiento,210,171,787,Seguimiento
4.7,-74.07,172,232,1.3488372093023255,SUBA,POTOSI,AVENIDA PEPE SIERRA,CHOQUE,SOLO DANOS,72.0,56.0,54.0,50.0,4,Hotspot exploratorio,Prioridad 3 - Seguimiento,144,26,2,324,151.0,198.0,-47.0,0.9939579684763573,0.9910974897840047,0.3431406888499708,1.0,0.9427904261529481,85.41973146526563,788,Seguimiento,154,104,818,Hotspot de carga acumulada
4.669,-74.06,100,144,1.44,CHAPINERO,ANTIGUO COUNTRY,AVENIDA PASEO DE LOS LIBERTADORES,CHOQUE,SOLO DANOS,50.0,32.0,22.0,40.0,4,Hotspot exploratorio,Prioridad 3 - Seguimiento,80,18,2,220,414.0,465.0,-51.0,0.9809982486865149,0.9754816112084063,0.37536485697606536,1.0,0.9427904261529481,85.49270286047867,784,Seguimiento,419,328,814,Seguimiento
4.681,-74.053,66,78,1.1818181818181819,CHAPINERO,CHICO NORTE III SECTOR,SIN_NMG,CHOQUE,SOLO DANOS,2.0,18.0,20.0,38.0,4,Hotspot exploratorio,Prioridad 3 - Seguimiento,62,2,2,122,1232.0,1285.0,-53.0,0.9596614127262113,0.9265032107413894,0.2974897840046702,1.0,0.9427904261529481,82.52889667250439,1005,Seguimiento,1247,683,1009,Seguimiento
4.661,-74.064,86,118,1.372093023255814,BARRIOS UNIDOS,COLOMBIA,SIN_NMG,CHOQUE,SOLO DANOS,30.0,34.0,32.0,22.0,4,Hotspot exploratorio,Prioridad 3 - Seguimiento,72,12,2,182,605.0,659.0,-54.0,0.9745475773496789,0.9642440163455925,0.3487740805604203,1.0,0.9427904261529481,84.6071220081728,874,Seguimiento,614,436,897,Seguimiento
4.772,-74.043,196,248,1.2653061224489797,USAQUEN,CANAIMA,AVENIDA PASEO DE LOS LIBERTADORES,CHOQUE,SOLO DANOS,64.0,58.0,72.0,54.0,4,Hotspot exploratorio,Prioridad 3 - Seguimiento,172,22,2,332,129.0,184.0,-55.0,0.9953882078225336,0.9924401634559252,0.3141272621132516,1.0,0.9427904261529481,84.89492119089317,850,Seguimiento,130,80,875,Hotspot de carga acumulada
4.742,-74.065,122,166,1.360655737704918,SUBA,GILMAR,AVENIDA BOYACA,CHOQUE,SOLO DANOS,34.0,48.0,40.0,44.0,4,Hotspot exploratorio,Prioridad 3 - Seguimiento,102,18,2,242,313.0,369.0,-56.0,0.9871862230005838,0.9815820198482195,0.3457092819614711,1.0,0.9427904261529481,85.14535901926446,824,Seguimiento,316,219,852,Seguimiento
4.697,-74.083,100,136,1.36,SUBA,POTOSI,AVENIDA BOYACA,CHOQUE,SOLO DANOS,40.0,40.0,44.0,12.0,4,Hotspot exploratorio,Prioridad 3 - Seguimiento,84,14,2,204,472.0,531.0,-59.0,0.9809982486865149,0.9720081727962638,0.34550496205487446,1.0,0.9427904261529481,84.82603619381202,863,Seguimiento,482,329,887,Seguimiento
4.691,-74.093,74,94,1.2702702702702702,ENGATIVA,BONANZA,SIN_NMG,CHOQUE,SOLO DANOS,28.0,26.0,20.0,20.0,4,Hotspot exploratorio,Prioridad 3 - Seguimiento,66,6,2,146,914.0,973.0,-59.0,0.9675423234092236,0.9457092819614711,0.31579100992410974,1.0,0.9427904261529481,83.43666082895507,941,Seguimiento,923,551,957,Seguimiento
4.67,-74.071,102,142,1.392156862745098,BARRIOS UNIDOS,ONCE DE NOVIEMBRE,AVENIDA CIUDAD DE QUITO,CHOQUE,SOLO DANOS,16.0,48.0,42.0,36.0,4,Hotspot exploratorio,Prioridad 3 - Seguimiento,84,16,2,214,429.0,490.0,-61.0,0.9817279626386457,0.9746059544658494,0.35160537069468767,1.0,0.9427904261529481,85.01459427904263,841,Seguimiento,436,312,868,Seguimiento
4.615,-74.114,106,150,1.4150943396226414,PUENTE ARANDA,PRIMAVERA OCCIDENTAL,SIN_NMG,CHOQUE,SOLO DANOS,20.0,40.0,46.0,44.0,4,Hotspot exploratorio,Prioridad 3 - Seguimiento,86,18,2,226,373.0,438.0,-65.0,0.9826911850554583,0.9779334500875657,0.37168709865732635,1.0,0.9427904261529481,85.50204319906598,783,Seguimiento,381,298,813,Seguimiento
4.732,-74.049,70,86,1.2285714285714286,USAQUEN,LAS MARGARITAS,SIN_NMG,CHOQUE,SOLO DANOS,18.0,24.0,36.0,8.0,4,Hotspot exploratorio,Prioridad 3 - Seguimiento,64,4,2,134,1051.0,1117.0,-66.0,0.963543490951547,0.9374781085814361,0.30729713952130766,1.0,0.9427904261529481,83.02218330414478,968,Seguimiento,1068,623,980,Seguimiento
4.685,-74.113,118,158,1.3389830508474576,ENGATIVA,LOS ALAMOS,AVENIDA CIUDAD DE CALI,CHOQUE,SOLO DANOS,38.0,22.0,24.0,74.0,4,Hotspot exploratorio,Prioridad 3 - Seguimiento,100,16,2,230,345.0,418.0,-73.0,0.9863397548161121,0.9797723292469352,0.3416228838295388,1.0,0.9427904261529481,85.0105078809107,843,Seguimiento,346,235,869,Seguimiento
4.69,-74.084,106,146,1.3773584905660377,ENGATIVA,LAS FERIAS OCCIDENTAL,AVENIDA MEDELLIN,CHOQUE,SOLO DANOS,34.0,62.0,22.0,28.0,4,Hotspot exploratorio,Prioridad 3 - Seguimiento,88,16,2,218,396.0,472.0,-76.0,0.9826911850554583,0.9764448336252189,0.35014594279042616,1.0,0.9427904261529481,85.04144775248103,839,Seguimiento,403,299,866,Seguimiento
4.672,-74.07,84,112,1.3333333333333333,BARRIOS UNIDOS,SANTA SOFIA,AVENIDA CIUDAD DE QUITO,CHOQUE,SOLO DANOS,22.0,32.0,38.0,20.0,4,Hotspot exploratorio,Prioridad 3 - Seguimiento,72,10,2,172,659.0,739.0,-80.0,0.9733508464681845,0.961004086398132,0.3352305896088733,1.0,0.9427904261529481,84.24751897256274,898,Seguimiento,670,456,920,Seguimiento
4.777,-74.042,72,88,1.2222222222222223,USAQUEN,CANAIMA,AVENIDA PASEO DE LOS LIBERTADORES,CHOQUE,SOLO DANOS,20.0,28.0,24.0,16.0,4,Hotspot exploratorio,Prioridad 3 - Seguimiento,66,4,2,136,1013.0,1093.0,-80.0,0.9656158785755984,0.9398423817863397,0.30484530064214826,1.0,0.9427904261529481,83.0618797431407,966,Seguimiento,1023,584,978,Seguimiento
4.651,-74.073,72,88,1.2222222222222223,BARRIOS UNIDOS,QUINTA MUTIS,AVENIDA JOSE CELESTINO MUTIS,CHOQUE,SOLO DANOS,18.0,14.0,30.0,26.0,4,Hotspot exploratorio,Prioridad 3 - Seguimiento,66,4,2,136,1013.0,1093.0,-80.0,0.9656158785755984,0.9398423817863397,0.30484530064214826,1.0,0.9427904261529481,83.0618797431407,967,Seguimiento,1024,585,979,Seguimiento
4.642,-74.092,134,170,1.2686567164179106,TEUSAQUILLO,CENTRO ADMINISTRATIVO OCC.,AVENIDA BATALLON CALDAS,CHOQUE,SOLO DANOS,18.0,38.0,58.0,56.0,4,Hotspot exploratorio,Prioridad 3 - Seguimiento,118,14,2,238,299.0,380.0,-81.0,0.9891418563922942,0.9824284880326912,0.31558669001751316,1.0,0.9427904261529481,84.59894921190894,876,Seguimiento,304,187,899,Seguimiento
4.674,-74.068,138,174,1.2608695652173914,BARRIOS UNIDOS,LA PATRIA,AVENIDA CIUDAD DE QUITO,CHOQUE,SOLO DANOS,18.0,46.0,56.0,54.0,4,Hotspot exploratorio,Prioridad 3 - Seguimiento,122,14,2,242,285.0,369.0,-84.0,0.9900175131348511,0.9832749562171629,0.31386456509048455,1.0,0.9427904261529481,84.59894921190893,877,Seguimiento,287,173,900,Seguimiento
4.701,-74.113,88,116,1.3181818181818181,ENGATIVA,LOS ALAMOS,AVENIDA CHILE,CHOQUE,SOLO DANOS,32.0,30.0,20.0,34.0,4,Hotspot exploratorio,Prioridad 3 - Seguimiento,76,10,2,176,624.0,713.0,-89.0,0.9758026853473438,0.9630472854640981,0.32828371278458846,1.0,0.9427904261529481,84.19848219497958,899,Seguimiento,633,413,921,Seguimiento
4.693,-74.135,160,196,1.225,FONTIBON,AEROPUERTO EL DORADO,SIN_NMG,CHOQUE,SOLO DANOS,52.0,48.0,36.0,60.0,4,Hotspot exploratorio,Prioridad 3 - Seguimiento,144,14,2,264,213.0,312.0,-99.0,0.9929363689433742,0.9874489200233508,0.3070636310566258,1.0,0.9427904261529481,84.60478692352599,875,Seguimiento,217,120,898,Seguimiento
4.644,-74.124,110,138,1.2545454545454546,FONTIBON,MONTEVIDEO,AVENIDA CENTENARIO,CHOQUE,SOLO DANOS,38.0,26.0,32.0,42.0,4,Hotspot exploratorio,Prioridad 3 - Seguimiento,98,10,2,198,456.0,559.0,-103.0,0.9840046701692936,0.9730005837711617,0.31360186806771745,1.0,0.9427904261529481,84.26795096322242,897,Seguimiento,463,275,919,Seguimiento
4.685,-74.125,114,146,1.280701754385965,FONTIBON,LOS ALAMOS,AVENIDA JORGE ELIECER GAITAN,CHOQUE,SOLO DANOS,16.0,52.0,32.0,46.0,4,Hotspot exploratorio,Prioridad 3 - Seguimiento,100,12,2,210,396.0,505.0,-109.0,0.9852889667250437,0.9764448336252189,0.3169001751313485,1.0,0.9427904261529481,84.42848803269118,889,Seguimiento,404,251,912,Seguimiento
4.704,-74.041,78,94,1.205128205128205,USAQUEN,SANTA BARBARA CENTRAL,AVENIDA CALLEJAS,CHOQUE,SOLO DANOS,30.0,18.0,30.0,16.0,4,Hotspot exploratorio,Prioridad 3 - Seguimiento,72,4,2,142,914.0,1026.0,-112.0,0.97025685931115,0.9457092819614711,0.30207238762405136,1.0,0.9427904261529481,83.2165791009924,949,Seguimiento,924,511,963,Seguimiento
4.696,-74.032,146,174,1.1917808219178083,USAQUEN,SANTA BARBARA ORIENTAL,AVENIDA ALBERTO LLERAS CAMARGO,CHOQUE,SOLO DANOS,54.0,54.0,48.0,18.0,4,Hotspot exploratorio,Prioridad 3 - Seguimiento,134,10,2,234,285.0,400.0,-115.0,0.9913018096906013,0.9832749562171629,0.2990659661412726,1.0,0.9427904261529481,84.32866316403971,896,Seguimiento,288,150,918,Seguimiento
4.695,-74.169,108,128,1.1851851851851851,FONTIBON,PUENTE GRANDE,AVENIDA CENTENARIO,CHOQUE,SOLO DANOS,12.0,36.0,34.0,46.0,4,Hotspot exploratorio,Prioridad 3 - Seguimiento,100,6,2,180,531.0,675.0,-144.0,0.9832749562171629,0.9685055458260362,0.2985697606538237,1.0,0.9427904261529481,83.86281377699942,919,Seguimiento,537,286,939,Seguimiento
